ISO-10303-21;
HEADER;
/* Generated by software containing ST-Developer
 * from STEP Tools, Inc. (www.steptools.com) 
 */

FILE_DESCRIPTION(
/* description */ (''),
/* implementation_level */ '2;1');

FILE_NAME(
/* name */ 'Collar lid v1.stp',
/* time_stamp */ '2026-04-15T10:37:57+10:00',
/* author */ ('User'),
/* organization */ (''),
/* preprocessor_version */ 'ST-DEVELOPER v20.1',
/* originating_system */ 'Autodesk Inventor 2026',
/* authorisation */ '');

FILE_SCHEMA (('AUTOMOTIVE_DESIGN { 1 0 10303 214 3 1 1 }'));
ENDSEC;

DATA;
#10=MECHANICAL_DESIGN_GEOMETRIC_PRESENTATION_REPRESENTATION('',(#13),#6366);
#11=SHAPE_REPRESENTATION_RELATIONSHIP('SRR','None',#6373,#12);
#12=ADVANCED_BREP_SHAPE_REPRESENTATION('',(#14),#6365);
#13=STYLED_ITEM('',(#6382),#14);
#14=MANIFOLD_SOLID_BREP('Solid1',#3465);
#15=(
BOUNDED_SURFACE()
B_SPLINE_SURFACE(2,2,((#5347,#5348,#5349),(#5350,#5351,#5352),(#5353,#5354,
#5355)),.UNSPECIFIED.,.F.,.F.,.F.)
B_SPLINE_SURFACE_WITH_KNOTS((3,3),(3,3),(-1.5707963267949,0.),(-1.5707963267949,
0.),.UNSPECIFIED.)
GEOMETRIC_REPRESENTATION_ITEM()
RATIONAL_B_SPLINE_SURFACE(((1.,0.707106781186548,1.),(0.707106781186546,
0.499999999999999,0.707106781186546),(1.,0.707106781186548,1.)))
REPRESENTATION_ITEM('')
SURFACE()
);
#16=(
BOUNDED_SURFACE()
B_SPLINE_SURFACE(2,2,((#5649,#5650,#5651),(#5652,#5653,#5654),(#5655,#5656,
#5657)),.UNSPECIFIED.,.F.,.F.,.F.)
B_SPLINE_SURFACE_WITH_KNOTS((3,3),(3,3),(-1.5707963267949,0.),(-1.5707963267949,
0.),.UNSPECIFIED.)
GEOMETRIC_REPRESENTATION_ITEM()
RATIONAL_B_SPLINE_SURFACE(((1.,0.707106781186548,1.),(0.707106781186546,
0.499999999999999,0.707106781186546),(1.,0.707106781186548,1.)))
REPRESENTATION_ITEM('')
SURFACE()
);
#17=(
BOUNDED_SURFACE()
B_SPLINE_SURFACE(2,2,((#5967,#5968,#5969),(#5970,#5971,#5972),(#5973,#5974,
#5975)),.UNSPECIFIED.,.F.,.F.,.F.)
B_SPLINE_SURFACE_WITH_KNOTS((3,3),(3,3),(-1.5707963267949,0.),(-1.5707963267949,
0.),.UNSPECIFIED.)
GEOMETRIC_REPRESENTATION_ITEM()
RATIONAL_B_SPLINE_SURFACE(((1.,0.707106781186548,1.),(0.707106781186546,
0.499999999999999,0.707106781186546),(1.,0.707106781186548,1.)))
REPRESENTATION_ITEM('')
SURFACE()
);
#18=(
BOUNDED_SURFACE()
B_SPLINE_SURFACE(2,2,((#6297,#6298,#6299),(#6300,#6301,#6302),(#6303,#6304,
#6305)),.UNSPECIFIED.,.F.,.F.,.F.)
B_SPLINE_SURFACE_WITH_KNOTS((3,3),(3,3),(-1.5707963267949,0.),(-1.5707963267949,
0.),.UNSPECIFIED.)
GEOMETRIC_REPRESENTATION_ITEM()
RATIONAL_B_SPLINE_SURFACE(((1.,0.707106781186548,1.),(0.707106781186546,
0.499999999999999,0.707106781186546),(1.,0.707106781186548,1.)))
REPRESENTATION_ITEM('')
SURFACE()
);
#19=FACE_BOUND('',#1037,.T.);
#20=FACE_BOUND('',#1088,.T.);
#21=FACE_BOUND('',#1147,.T.);
#22=FACE_BOUND('',#1209,.T.);
#23=FACE_BOUND('',#1233,.T.);
#24=FACE_BOUND('',#1245,.T.);
#25=FACE_BOUND('',#1247,.T.);
#26=B_SPLINE_SURFACE_WITH_KNOTS('',3,3,((#5140,#5141,#5142,#5143,#5144,
#5145),(#5146,#5147,#5148,#5149,#5150,#5151),(#5152,#5153,#5154,#5155,#5156,
#5157),(#5158,#5159,#5160,#5161,#5162,#5163),(#5164,#5165,#5166,#5167,#5168,
#5169)),.UNSPECIFIED.,.F.,.F.,.F.,(4,1,4),(4,1,1,4),(0.,0.5,1.),(-1.5707963267949,
-0.897597901025655,-0.448798950512828,2.69115601462804E-30),
 .UNSPECIFIED.);
#27=B_SPLINE_SURFACE_WITH_KNOTS('',3,3,((#5239,#5240,#5241,#5242,#5243),
(#5244,#5245,#5246,#5247,#5248),(#5249,#5250,#5251,#5252,#5253),(#5254,
#5255,#5256,#5257,#5258),(#5259,#5260,#5261,#5262,#5263)),.UNSPECIFIED.,
 .F.,.F.,.F.,(4,1,4),(4,1,4),(0.,0.5,1.),(3.9489245207136E-13,0.673198425769636,
1.57079632679529),.UNSPECIFIED.);
#28=B_SPLINE_SURFACE_WITH_KNOTS('',3,3,((#5434,#5435,#5436,#5437,#5438,
#5439),(#5440,#5441,#5442,#5443,#5444,#5445),(#5446,#5447,#5448,#5449,#5450,
#5451),(#5452,#5453,#5454,#5455,#5456,#5457),(#5458,#5459,#5460,#5461,#5462,
#5463)),.UNSPECIFIED.,.F.,.F.,.F.,(4,1,4),(4,1,1,4),(0.,0.5,1.),(-1.5707963267949,
-0.897597901025655,-0.448798950512828,2.69115601462804E-30),
 .UNSPECIFIED.);
#29=B_SPLINE_SURFACE_WITH_KNOTS('',3,3,((#5536,#5537,#5538,#5539,#5540),
(#5541,#5542,#5543,#5544,#5545),(#5546,#5547,#5548,#5549,#5550),(#5551,
#5552,#5553,#5554,#5555),(#5556,#5557,#5558,#5559,#5560)),.UNSPECIFIED.,
 .F.,.F.,.F.,(4,1,4),(4,1,4),(0.,0.5,1.),(3.9489245207136E-13,0.673198425769636,
1.57079632679529),.UNSPECIFIED.);
#30=B_SPLINE_SURFACE_WITH_KNOTS('',3,3,((#5749,#5750,#5751,#5752,#5753,
#5754),(#5755,#5756,#5757,#5758,#5759,#5760),(#5761,#5762,#5763,#5764,#5765,
#5766),(#5767,#5768,#5769,#5770,#5771,#5772),(#5773,#5774,#5775,#5776,#5777,
#5778)),.UNSPECIFIED.,.F.,.F.,.F.,(4,1,4),(4,1,1,4),(0.,0.5,1.),(-1.5707963267949,
-0.897597901025655,-0.448798950512828,2.69115601462804E-30),
 .UNSPECIFIED.);
#31=B_SPLINE_SURFACE_WITH_KNOTS('',3,3,((#5859,#5860,#5861,#5862,#5863),
(#5864,#5865,#5866,#5867,#5868),(#5869,#5870,#5871,#5872,#5873),(#5874,
#5875,#5876,#5877,#5878),(#5879,#5880,#5881,#5882,#5883)),.UNSPECIFIED.,
 .F.,.F.,.F.,(4,1,4),(4,1,4),(0.,0.5,1.),(3.9489245207136E-13,0.673198425769636,
1.57079632679529),.UNSPECIFIED.);
#32=B_SPLINE_SURFACE_WITH_KNOTS('',3,3,((#6067,#6068,#6069,#6070,#6071,
#6072),(#6073,#6074,#6075,#6076,#6077,#6078),(#6079,#6080,#6081,#6082,#6083,
#6084),(#6085,#6086,#6087,#6088,#6089,#6090),(#6091,#6092,#6093,#6094,#6095,
#6096)),.UNSPECIFIED.,.F.,.F.,.F.,(4,1,4),(4,1,1,4),(0.,0.5,1.),(-1.5707963267949,
-0.897597901025655,-0.448798950512828,2.69115601462804E-30),
 .UNSPECIFIED.);
#33=B_SPLINE_SURFACE_WITH_KNOTS('',3,3,((#6188,#6189,#6190,#6191,#6192),
(#6193,#6194,#6195,#6196,#6197),(#6198,#6199,#6200,#6201,#6202),(#6203,
#6204,#6205,#6206,#6207),(#6208,#6209,#6210,#6211,#6212)),.UNSPECIFIED.,
 .F.,.F.,.F.,(4,1,4),(4,1,4),(0.,0.5,1.),(3.9489245207136E-13,0.673198425769636,
1.57079632679529),.UNSPECIFIED.);
#34=PLANE('',#3499);
#35=PLANE('',#3530);
#36=PLANE('',#3531);
#37=PLANE('',#3545);
#38=PLANE('',#3567);
#39=PLANE('',#3569);
#40=PLANE('',#3571);
#41=PLANE('',#3572);
#42=PLANE('',#3600);
#43=PLANE('',#3633);
#44=PLANE('',#3634);
#45=PLANE('',#3647);
#46=PLANE('',#3650);
#47=PLANE('',#3672);
#48=PLANE('',#3674);
#49=PLANE('',#3676);
#50=PLANE('',#3677);
#51=PLANE('',#3684);
#52=PLANE('',#3693);
#53=PLANE('',#3699);
#54=PLANE('',#3711);
#55=PLANE('',#3721);
#56=PLANE('',#3746);
#57=PLANE('',#3747);
#58=PLANE('',#3749);
#59=PLANE('',#3763);
#60=PLANE('',#3785);
#61=PLANE('',#3787);
#62=PLANE('',#3789);
#63=PLANE('',#3790);
#64=PLANE('',#3798);
#65=PLANE('',#3810);
#66=PLANE('',#3822);
#67=PLANE('',#3833);
#68=PLANE('',#3859);
#69=PLANE('',#3860);
#70=PLANE('',#3861);
#71=PLANE('',#3863);
#72=PLANE('',#3876);
#73=PLANE('',#3879);
#74=PLANE('',#3901);
#75=PLANE('',#3903);
#76=PLANE('',#3905);
#77=PLANE('',#3906);
#78=PLANE('',#3913);
#79=PLANE('',#3914);
#80=PLANE('',#3917);
#81=PLANE('',#3918);
#82=PLANE('',#3927);
#83=PLANE('',#3933);
#84=PLANE('',#3934);
#85=PLANE('',#3935);
#86=PLANE('',#3936);
#87=B_SPLINE_CURVE_WITH_KNOTS('',3,(#5115,#5116,#5117,#5118,#5119,#5120),
 .UNSPECIFIED.,.F.,.F.,(4,2,4),(0.252766120019255,0.29099773330059,0.349779142867044),
 .UNSPECIFIED.);
#88=B_SPLINE_CURVE_WITH_KNOTS('',3,(#5406,#5407,#5408,#5409,#5410,#5411),
 .UNSPECIFIED.,.F.,.F.,(4,2,4),(0.252766120019255,0.29099773330059,0.349779142867044),
 .UNSPECIFIED.);
#89=B_SPLINE_CURVE_WITH_KNOTS('',3,(#5721,#5722,#5723,#5724,#5725,#5726),
 .UNSPECIFIED.,.F.,.F.,(4,2,4),(0.252766120019255,0.29099773330059,0.349779142867044),
 .UNSPECIFIED.);
#90=B_SPLINE_CURVE_WITH_KNOTS('',3,(#6036,#6037,#6038,#6039,#6040,#6041),
 .UNSPECIFIED.,.F.,.F.,(4,2,4),(0.252766120019255,0.29099773330059,0.349779142867044),
 .UNSPECIFIED.);
#91=TOROIDAL_SURFACE('',#3494,1.,0.5);
#92=TOROIDAL_SURFACE('',#3520,0.999999999999996,0.499999999999998);
#93=TOROIDAL_SURFACE('',#3537,1.,0.5);
#94=TOROIDAL_SURFACE('',#3595,1.,0.5);
#95=TOROIDAL_SURFACE('',#3623,0.999999999999996,0.499999999999998);
#96=TOROIDAL_SURFACE('',#3640,1.,0.5);
#97=TOROIDAL_SURFACE('',#3706,1.,0.5);
#98=TOROIDAL_SURFACE('',#3735,0.999999999999996,0.499999999999998);
#99=TOROIDAL_SURFACE('',#3755,1.,0.5);
#100=TOROIDAL_SURFACE('',#3817,1.,0.5);
#101=TOROIDAL_SURFACE('',#3848,0.999999999999996,0.499999999999998);
#102=TOROIDAL_SURFACE('',#3869,1.,0.5);
#103=ELLIPSE('',#3493,0.7123575636412,0.5);
#104=ELLIPSE('',#3505,1.11803398874989,0.5);
#105=ELLIPSE('',#3506,1.11803398874989,0.5);
#106=ELLIPSE('',#3510,0.707106781186546,0.5);
#107=ELLIPSE('',#3512,0.707106781186549,0.5);
#108=ELLIPSE('',#3514,0.707106781186545,0.5);
#109=ELLIPSE('',#3517,0.707106781186546,0.5);
#110=ELLIPSE('',#3519,0.707106781186549,0.5);
#111=ELLIPSE('',#3532,0.500215727190503,0.499999999999998);
#112=ELLIPSE('',#3534,1.0001078810452,1.);
#113=ELLIPSE('',#3542,0.712357563641199,0.5);
#114=ELLIPSE('',#3594,0.7123575636412,0.5);
#115=ELLIPSE('',#3607,1.11803398874989,0.5);
#116=ELLIPSE('',#3608,1.11803398874989,0.5);
#117=ELLIPSE('',#3612,0.707106781186546,0.5);
#118=ELLIPSE('',#3615,0.707106781186549,0.5);
#119=ELLIPSE('',#3617,0.707106781186545,0.5);
#120=ELLIPSE('',#3619,0.707106781186546,0.5);
#121=ELLIPSE('',#3622,0.707106781186549,0.5);
#122=ELLIPSE('',#3635,0.500215727190503,0.499999999999998);
#123=ELLIPSE('',#3636,1.0001078810452,1.);
#124=ELLIPSE('',#3646,0.712357563641199,0.5);
#125=ELLIPSE('',#3705,0.7123575636412,0.5);
#126=ELLIPSE('',#3718,1.11803398874989,0.5);
#127=ELLIPSE('',#3719,1.11803398874989,0.5);
#128=ELLIPSE('',#3724,0.707106781186546,0.5);
#129=ELLIPSE('',#3727,0.707106781186549,0.5);
#130=ELLIPSE('',#3729,0.707106781186545,0.5);
#131=ELLIPSE('',#3731,0.707106781186546,0.5);
#132=ELLIPSE('',#3734,0.707106781186549,0.5);
#133=ELLIPSE('',#3750,0.500215727190503,0.499999999999998);
#134=ELLIPSE('',#3751,1.0001078810452,1.);
#135=ELLIPSE('',#3760,0.712357563641199,0.5);
#136=ELLIPSE('',#3816,0.7123575636412,0.5);
#137=ELLIPSE('',#3830,1.11803398874989,0.5);
#138=ELLIPSE('',#3831,1.11803398874989,0.5);
#139=ELLIPSE('',#3838,0.707106781186546,0.5);
#140=ELLIPSE('',#3840,0.707106781186549,0.5);
#141=ELLIPSE('',#3842,0.707106781186545,0.5);
#142=ELLIPSE('',#3845,0.707106781186546,0.5);
#143=ELLIPSE('',#3847,0.707106781186549,0.5);
#144=ELLIPSE('',#3864,0.500215727190503,0.499999999999998);
#145=ELLIPSE('',#3866,1.0001078810452,1.);
#146=ELLIPSE('',#3875,0.712357563641199,0.5);
#147=LINE('',#5108,#407);
#148=LINE('',#5111,#408);
#149=LINE('',#5125,#409);
#150=LINE('',#5128,#410);
#151=LINE('',#5131,#411);
#152=LINE('',#5132,#412);
#153=LINE('',#5177,#413);
#154=LINE('',#5178,#414);
#155=LINE('',#5182,#415);
#156=LINE('',#5186,#416);
#157=LINE('',#5190,#417);
#158=LINE('',#5192,#418);
#159=LINE('',#5196,#419);
#160=LINE('',#5199,#420);
#161=LINE('',#5203,#421);
#162=LINE('',#5207,#422);
#163=LINE('',#5211,#423);
#164=LINE('',#5214,#424);
#165=LINE('',#5225,#425);
#166=LINE('',#5226,#426);
#167=LINE('',#5230,#427);
#168=LINE('',#5231,#428);
#169=LINE('',#5235,#429);
#170=LINE('',#5236,#430);
#171=LINE('',#5238,#431);
#172=LINE('',#5273,#432);
#173=LINE('',#5274,#433);
#174=LINE('',#5284,#434);
#175=LINE('',#5287,#435);
#176=LINE('',#5290,#436);
#177=LINE('',#5293,#437);
#178=LINE('',#5295,#438);
#179=LINE('',#5296,#439);
#180=LINE('',#5302,#440);
#181=LINE('',#5305,#441);
#182=LINE('',#5310,#442);
#183=LINE('',#5313,#443);
#184=LINE('',#5321,#444);
#185=LINE('',#5323,#445);
#186=LINE('',#5328,#446);
#187=LINE('',#5335,#447);
#188=LINE('',#5336,#448);
#189=LINE('',#5338,#449);
#190=LINE('',#5342,#450);
#191=LINE('',#5343,#451);
#192=LINE('',#5345,#452);
#193=LINE('',#5368,#453);
#194=LINE('',#5369,#454);
#195=LINE('',#5381,#455);
#196=LINE('',#5382,#456);
#197=LINE('',#5388,#457);
#198=LINE('',#5399,#458);
#199=LINE('',#5402,#459);
#200=LINE('',#5416,#460);
#201=LINE('',#5419,#461);
#202=LINE('',#5422,#462);
#203=LINE('',#5423,#463);
#204=LINE('',#5432,#464);
#205=LINE('',#5433,#465);
#206=LINE('',#5471,#466);
#207=LINE('',#5472,#467);
#208=LINE('',#5474,#468);
#209=LINE('',#5475,#469);
#210=LINE('',#5479,#470);
#211=LINE('',#5483,#471);
#212=LINE('',#5487,#472);
#213=LINE('',#5490,#473);
#214=LINE('',#5493,#474);
#215=LINE('',#5495,#475);
#216=LINE('',#5500,#476);
#217=LINE('',#5504,#477);
#218=LINE('',#5508,#478);
#219=LINE('',#5510,#479);
#220=LINE('',#5522,#480);
#221=LINE('',#5523,#481);
#222=LINE('',#5527,#482);
#223=LINE('',#5528,#483);
#224=LINE('',#5532,#484);
#225=LINE('',#5533,#485);
#226=LINE('',#5535,#486);
#227=LINE('',#5570,#487);
#228=LINE('',#5571,#488);
#229=LINE('',#5579,#489);
#230=LINE('',#5580,#490);
#231=LINE('',#5584,#491);
#232=LINE('',#5587,#492);
#233=LINE('',#5588,#493);
#234=LINE('',#5592,#494);
#235=LINE('',#5595,#495);
#236=LINE('',#5597,#496);
#237=LINE('',#5598,#497);
#238=LINE('',#5604,#498);
#239=LINE('',#5607,#499);
#240=LINE('',#5612,#500);
#241=LINE('',#5615,#501);
#242=LINE('',#5622,#502);
#243=LINE('',#5625,#503);
#244=LINE('',#5631,#504);
#245=LINE('',#5637,#505);
#246=LINE('',#5638,#506);
#247=LINE('',#5640,#507);
#248=LINE('',#5644,#508);
#249=LINE('',#5645,#509);
#250=LINE('',#5647,#510);
#251=LINE('',#5670,#511);
#252=LINE('',#5671,#512);
#253=LINE('',#5673,#513);
#254=LINE('',#5674,#514);
#255=LINE('',#5676,#515);
#256=LINE('',#5688,#516);
#257=LINE('',#5689,#517);
#258=LINE('',#5691,#518);
#259=LINE('',#5692,#519);
#260=LINE('',#5694,#520);
#261=LINE('',#5700,#521);
#262=LINE('',#5702,#522);
#263=LINE('',#5714,#523);
#264=LINE('',#5717,#524);
#265=LINE('',#5731,#525);
#266=LINE('',#5734,#526);
#267=LINE('',#5737,#527);
#268=LINE('',#5738,#528);
#269=LINE('',#5747,#529);
#270=LINE('',#5748,#530);
#271=LINE('',#5786,#531);
#272=LINE('',#5787,#532);
#273=LINE('',#5789,#533);
#274=LINE('',#5791,#534);
#275=LINE('',#5795,#535);
#276=LINE('',#5799,#536);
#277=LINE('',#5803,#537);
#278=LINE('',#5806,#538);
#279=LINE('',#5809,#539);
#280=LINE('',#5811,#540);
#281=LINE('',#5816,#541);
#282=LINE('',#5820,#542);
#283=LINE('',#5824,#543);
#284=LINE('',#5826,#544);
#285=LINE('',#5838,#545);
#286=LINE('',#5839,#546);
#287=LINE('',#5841,#547);
#288=LINE('',#5842,#548);
#289=LINE('',#5846,#549);
#290=LINE('',#5847,#550);
#291=LINE('',#5851,#551);
#292=LINE('',#5852,#552);
#293=LINE('',#5854,#553);
#294=LINE('',#5856,#554);
#295=LINE('',#5857,#555);
#296=LINE('',#5893,#556);
#297=LINE('',#5894,#557);
#298=LINE('',#5904,#558);
#299=LINE('',#5907,#559);
#300=LINE('',#5910,#560);
#301=LINE('',#5913,#561);
#302=LINE('',#5915,#562);
#303=LINE('',#5916,#563);
#304=LINE('',#5922,#564);
#305=LINE('',#5925,#565);
#306=LINE('',#5930,#566);
#307=LINE('',#5933,#567);
#308=LINE('',#5940,#568);
#309=LINE('',#5943,#569);
#310=LINE('',#5949,#570);
#311=LINE('',#5955,#571);
#312=LINE('',#5956,#572);
#313=LINE('',#5958,#573);
#314=LINE('',#5962,#574);
#315=LINE('',#5963,#575);
#316=LINE('',#5965,#576);
#317=LINE('',#5988,#577);
#318=LINE('',#5989,#578);
#319=LINE('',#5991,#579);
#320=LINE('',#5992,#580);
#321=LINE('',#5994,#581);
#322=LINE('',#6006,#582);
#323=LINE('',#6007,#583);
#324=LINE('',#6009,#584);
#325=LINE('',#6010,#585);
#326=LINE('',#6016,#586);
#327=LINE('',#6018,#587);
#328=LINE('',#6029,#588);
#329=LINE('',#6032,#589);
#330=LINE('',#6046,#590);
#331=LINE('',#6049,#591);
#332=LINE('',#6052,#592);
#333=LINE('',#6053,#593);
#334=LINE('',#6062,#594);
#335=LINE('',#6063,#595);
#336=LINE('',#6065,#596);
#337=LINE('',#6066,#597);
#338=LINE('',#6104,#598);
#339=LINE('',#6105,#599);
#340=LINE('',#6107,#600);
#341=LINE('',#6109,#601);
#342=LINE('',#6111,#602);
#343=LINE('',#6112,#603);
#344=LINE('',#6116,#604);
#345=LINE('',#6120,#605);
#346=LINE('',#6124,#606);
#347=LINE('',#6126,#607);
#348=LINE('',#6130,#608);
#349=LINE('',#6133,#609);
#350=LINE('',#6137,#610);
#351=LINE('',#6141,#611);
#352=LINE('',#6145,#612);
#353=LINE('',#6148,#613);
#354=LINE('',#6159,#614);
#355=LINE('',#6160,#615);
#356=LINE('',#6162,#616);
#357=LINE('',#6163,#617);
#358=LINE('',#6167,#618);
#359=LINE('',#6168,#619);
#360=LINE('',#6172,#620);
#361=LINE('',#6173,#621);
#362=LINE('',#6175,#622);
#363=LINE('',#6178,#623);
#364=LINE('',#6179,#624);
#365=LINE('',#6181,#625);
#366=LINE('',#6183,#626);
#367=LINE('',#6184,#627);
#368=LINE('',#6186,#628);
#369=LINE('',#6222,#629);
#370=LINE('',#6223,#630);
#371=LINE('',#6231,#631);
#372=LINE('',#6232,#632);
#373=LINE('',#6236,#633);
#374=LINE('',#6239,#634);
#375=LINE('',#6240,#635);
#376=LINE('',#6243,#636);
#377=LINE('',#6247,#637);
#378=LINE('',#6249,#638);
#379=LINE('',#6250,#639);
#380=LINE('',#6255,#640);
#381=LINE('',#6261,#641);
#382=LINE('',#6264,#642);
#383=LINE('',#6272,#643);
#384=LINE('',#6274,#644);
#385=LINE('',#6279,#645);
#386=LINE('',#6286,#646);
#387=LINE('',#6287,#647);
#388=LINE('',#6289,#648);
#389=LINE('',#6293,#649);
#390=LINE('',#6295,#650);
#391=LINE('',#6318,#651);
#392=LINE('',#6319,#652);
#393=LINE('',#6321,#653);
#394=LINE('',#6322,#654);
#395=LINE('',#6324,#655);
#396=LINE('',#6326,#656);
#397=LINE('',#6328,#657);
#398=LINE('',#6329,#658);
#399=LINE('',#6333,#659);
#400=LINE('',#6334,#660);
#401=LINE('',#6345,#661);
#402=LINE('',#6346,#662);
#403=LINE('',#6348,#663);
#404=LINE('',#6350,#664);
#405=LINE('',#6352,#665);
#406=LINE('',#6359,#666);
#407=VECTOR('',#3949,10.);
#408=VECTOR('',#3952,10.);
#409=VECTOR('',#3961,10.);
#410=VECTOR('',#3964,10.);
#411=VECTOR('',#3967,10.);
#412=VECTOR('',#3968,10.);
#413=VECTOR('',#3985,10.);
#414=VECTOR('',#3986,10.);
#415=VECTOR('',#3989,10.);
#416=VECTOR('',#3992,10.);
#417=VECTOR('',#3997,10.);
#418=VECTOR('',#3998,10.);
#419=VECTOR('',#4003,10.);
#420=VECTOR('',#4006,10.);
#421=VECTOR('',#4009,10.);
#422=VECTOR('',#4012,10.);
#423=VECTOR('',#4017,10.);
#424=VECTOR('',#4020,10.);
#425=VECTOR('',#4033,10.);
#426=VECTOR('',#4034,10.);
#427=VECTOR('',#4039,10.);
#428=VECTOR('',#4040,10.);
#429=VECTOR('',#4047,10.);
#430=VECTOR('',#4048,10.);
#431=VECTOR('',#4051,10.);
#432=VECTOR('',#4062,10.);
#433=VECTOR('',#4063,10.);
#434=VECTOR('',#4076,10.);
#435=VECTOR('',#4079,10.);
#436=VECTOR('',#4082,10.);
#437=VECTOR('',#4085,10.);
#438=VECTOR('',#4086,10.);
#439=VECTOR('',#4087,10.);
#440=VECTOR('',#4092,10.);
#441=VECTOR('',#4095,10.);
#442=VECTOR('',#4100,10.);
#443=VECTOR('',#4103,10.);
#444=VECTOR('',#4112,10.);
#445=VECTOR('',#4115,10.);
#446=VECTOR('',#4124,10.);
#447=VECTOR('',#4137,10.);
#448=VECTOR('',#4138,10.);
#449=VECTOR('',#4141,10.);
#450=VECTOR('',#4148,10.);
#451=VECTOR('',#4149,10.);
#452=VECTOR('',#4152,10.);
#453=VECTOR('',#4167,10.);
#454=VECTOR('',#4168,10.);
#455=VECTOR('',#4181,10.);
#456=VECTOR('',#4182,10.);
#457=VECTOR('',#4191,10.);
#458=VECTOR('',#4202,10.);
#459=VECTOR('',#4205,10.);
#460=VECTOR('',#4214,10.);
#461=VECTOR('',#4217,10.);
#462=VECTOR('',#4220,10.);
#463=VECTOR('',#4221,10.);
#464=VECTOR('',#4232,10.);
#465=VECTOR('',#4233,10.);
#466=VECTOR('',#4242,10.);
#467=VECTOR('',#4243,10.);
#468=VECTOR('',#4246,10.);
#469=VECTOR('',#4247,10.);
#470=VECTOR('',#4250,10.);
#471=VECTOR('',#4253,10.);
#472=VECTOR('',#4258,10.);
#473=VECTOR('',#4261,10.);
#474=VECTOR('',#4264,10.);
#475=VECTOR('',#4265,10.);
#476=VECTOR('',#4270,10.);
#477=VECTOR('',#4273,10.);
#478=VECTOR('',#4278,10.);
#479=VECTOR('',#4279,10.);
#480=VECTOR('',#4294,10.);
#481=VECTOR('',#4295,10.);
#482=VECTOR('',#4300,10.);
#483=VECTOR('',#4301,10.);
#484=VECTOR('',#4308,10.);
#485=VECTOR('',#4309,10.);
#486=VECTOR('',#4312,10.);
#487=VECTOR('',#4323,10.);
#488=VECTOR('',#4324,10.);
#489=VECTOR('',#4335,10.);
#490=VECTOR('',#4336,10.);
#491=VECTOR('',#4341,10.);
#492=VECTOR('',#4344,10.);
#493=VECTOR('',#4345,10.);
#494=VECTOR('',#4350,10.);
#495=VECTOR('',#4353,10.);
#496=VECTOR('',#4354,10.);
#497=VECTOR('',#4355,10.);
#498=VECTOR('',#4360,10.);
#499=VECTOR('',#4363,10.);
#500=VECTOR('',#4368,10.);
#501=VECTOR('',#4371,10.);
#502=VECTOR('',#4380,10.);
#503=VECTOR('',#4383,10.);
#504=VECTOR('',#4394,10.);
#505=VECTOR('',#4405,10.);
#506=VECTOR('',#4406,10.);
#507=VECTOR('',#4409,10.);
#508=VECTOR('',#4416,10.);
#509=VECTOR('',#4417,10.);
#510=VECTOR('',#4420,10.);
#511=VECTOR('',#4435,10.);
#512=VECTOR('',#4436,10.);
#513=VECTOR('',#4439,10.);
#514=VECTOR('',#4440,10.);
#515=VECTOR('',#4443,10.);
#516=VECTOR('',#4456,10.);
#517=VECTOR('',#4457,10.);
#518=VECTOR('',#4460,10.);
#519=VECTOR('',#4461,10.);
#520=VECTOR('',#4464,10.);
#521=VECTOR('',#4473,10.);
#522=VECTOR('',#4476,10.);
#523=VECTOR('',#4489,10.);
#524=VECTOR('',#4492,10.);
#525=VECTOR('',#4501,10.);
#526=VECTOR('',#4504,10.);
#527=VECTOR('',#4507,10.);
#528=VECTOR('',#4508,10.);
#529=VECTOR('',#4519,10.);
#530=VECTOR('',#4520,10.);
#531=VECTOR('',#4529,10.);
#532=VECTOR('',#4530,10.);
#533=VECTOR('',#4533,10.);
#534=VECTOR('',#4536,10.);
#535=VECTOR('',#4539,10.);
#536=VECTOR('',#4542,10.);
#537=VECTOR('',#4547,10.);
#538=VECTOR('',#4550,10.);
#539=VECTOR('',#4553,10.);
#540=VECTOR('',#4554,10.);
#541=VECTOR('',#4559,10.);
#542=VECTOR('',#4562,10.);
#543=VECTOR('',#4567,10.);
#544=VECTOR('',#4568,10.);
#545=VECTOR('',#4583,10.);
#546=VECTOR('',#4584,10.);
#547=VECTOR('',#4587,10.);
#548=VECTOR('',#4588,10.);
#549=VECTOR('',#4593,10.);
#550=VECTOR('',#4594,10.);
#551=VECTOR('',#4601,10.);
#552=VECTOR('',#4602,10.);
#553=VECTOR('',#4605,10.);
#554=VECTOR('',#4608,10.);
#555=VECTOR('',#4609,10.);
#556=VECTOR('',#4622,10.);
#557=VECTOR('',#4623,10.);
#558=VECTOR('',#4636,10.);
#559=VECTOR('',#4639,10.);
#560=VECTOR('',#4642,10.);
#561=VECTOR('',#4645,10.);
#562=VECTOR('',#4646,10.);
#563=VECTOR('',#4647,10.);
#564=VECTOR('',#4652,10.);
#565=VECTOR('',#4655,10.);
#566=VECTOR('',#4660,10.);
#567=VECTOR('',#4663,10.);
#568=VECTOR('',#4672,10.);
#569=VECTOR('',#4675,10.);
#570=VECTOR('',#4686,10.);
#571=VECTOR('',#4697,10.);
#572=VECTOR('',#4698,10.);
#573=VECTOR('',#4701,10.);
#574=VECTOR('',#4708,10.);
#575=VECTOR('',#4709,10.);
#576=VECTOR('',#4712,10.);
#577=VECTOR('',#4727,10.);
#578=VECTOR('',#4728,10.);
#579=VECTOR('',#4731,10.);
#580=VECTOR('',#4732,10.);
#581=VECTOR('',#4735,10.);
#582=VECTOR('',#4748,10.);
#583=VECTOR('',#4749,10.);
#584=VECTOR('',#4752,10.);
#585=VECTOR('',#4753,10.);
#586=VECTOR('',#4762,10.);
#587=VECTOR('',#4765,10.);
#588=VECTOR('',#4776,10.);
#589=VECTOR('',#4779,10.);
#590=VECTOR('',#4788,10.);
#591=VECTOR('',#4791,10.);
#592=VECTOR('',#4794,10.);
#593=VECTOR('',#4795,10.);
#594=VECTOR('',#4806,10.);
#595=VECTOR('',#4807,10.);
#596=VECTOR('',#4810,10.);
#597=VECTOR('',#4811,10.);
#598=VECTOR('',#4820,10.);
#599=VECTOR('',#4821,10.);
#600=VECTOR('',#4824,10.);
#601=VECTOR('',#4827,10.);
#602=VECTOR('',#4830,10.);
#603=VECTOR('',#4831,10.);
#604=VECTOR('',#4834,10.);
#605=VECTOR('',#4837,10.);
#606=VECTOR('',#4842,10.);
#607=VECTOR('',#4843,10.);
#608=VECTOR('',#4848,10.);
#609=VECTOR('',#4851,10.);
#610=VECTOR('',#4854,10.);
#611=VECTOR('',#4857,10.);
#612=VECTOR('',#4862,10.);
#613=VECTOR('',#4865,10.);
#614=VECTOR('',#4878,10.);
#615=VECTOR('',#4879,10.);
#616=VECTOR('',#4882,10.);
#617=VECTOR('',#4883,10.);
#618=VECTOR('',#4888,10.);
#619=VECTOR('',#4889,10.);
#620=VECTOR('',#4896,10.);
#621=VECTOR('',#4897,10.);
#622=VECTOR('',#4900,10.);
#623=VECTOR('',#4903,10.);
#624=VECTOR('',#4904,10.);
#625=VECTOR('',#4905,10.);
#626=VECTOR('',#4906,10.);
#627=VECTOR('',#4907,10.);
#628=VECTOR('',#4910,10.);
#629=VECTOR('',#4923,10.);
#630=VECTOR('',#4924,10.);
#631=VECTOR('',#4935,10.);
#632=VECTOR('',#4936,10.);
#633=VECTOR('',#4941,10.);
#634=VECTOR('',#4944,10.);
#635=VECTOR('',#4945,10.);
#636=VECTOR('',#4948,10.);
#637=VECTOR('',#4953,10.);
#638=VECTOR('',#4954,10.);
#639=VECTOR('',#4955,10.);
#640=VECTOR('',#4960,10.);
#641=VECTOR('',#4967,10.);
#642=VECTOR('',#4970,10.);
#643=VECTOR('',#4979,10.);
#644=VECTOR('',#4982,10.);
#645=VECTOR('',#4991,10.);
#646=VECTOR('',#5004,10.);
#647=VECTOR('',#5005,10.);
#648=VECTOR('',#5008,10.);
#649=VECTOR('',#5015,10.);
#650=VECTOR('',#5018,10.);
#651=VECTOR('',#5033,10.);
#652=VECTOR('',#5034,10.);
#653=VECTOR('',#5037,10.);
#654=VECTOR('',#5038,10.);
#655=VECTOR('',#5041,10.);
#656=VECTOR('',#5044,10.);
#657=VECTOR('',#5047,10.);
#658=VECTOR('',#5048,10.);
#659=VECTOR('',#5053,10.);
#660=VECTOR('',#5054,10.);
#661=VECTOR('',#5067,10.);
#662=VECTOR('',#5068,10.);
#663=VECTOR('',#5071,10.);
#664=VECTOR('',#5074,10.);
#665=VECTOR('',#5077,10.);
#666=VECTOR('',#5090,10.);
#667=CYLINDRICAL_SURFACE('',#3491,0.5);
#668=CYLINDRICAL_SURFACE('',#3497,0.5);
#669=CYLINDRICAL_SURFACE('',#3507,0.5);
#670=CYLINDRICAL_SURFACE('',#3508,0.5);
#671=CYLINDRICAL_SURFACE('',#3511,0.5);
#672=CYLINDRICAL_SURFACE('',#3513,0.5);
#673=CYLINDRICAL_SURFACE('',#3515,0.5);
#674=CYLINDRICAL_SURFACE('',#3518,0.5);
#675=CYLINDRICAL_SURFACE('',#3525,0.5);
#676=CYLINDRICAL_SURFACE('',#3526,0.5);
#677=CYLINDRICAL_SURFACE('',#3535,0.5);
#678=CYLINDRICAL_SURFACE('',#3541,0.5);
#679=CYLINDRICAL_SURFACE('',#3543,0.5);
#680=CYLINDRICAL_SURFACE('',#3546,0.5);
#681=CYLINDRICAL_SURFACE('',#3549,0.5);
#682=CYLINDRICAL_SURFACE('',#3554,0.5);
#683=CYLINDRICAL_SURFACE('',#3559,0.5);
#684=CYLINDRICAL_SURFACE('',#3566,0.5);
#685=CYLINDRICAL_SURFACE('',#3568,0.5);
#686=CYLINDRICAL_SURFACE('',#3570,0.5);
#687=CYLINDRICAL_SURFACE('',#3577,1.);
#688=CYLINDRICAL_SURFACE('',#3583,0.5);
#689=CYLINDRICAL_SURFACE('',#3588,0.5);
#690=CYLINDRICAL_SURFACE('',#3592,0.5);
#691=CYLINDRICAL_SURFACE('',#3598,0.5);
#692=CYLINDRICAL_SURFACE('',#3605,0.5);
#693=CYLINDRICAL_SURFACE('',#3609,0.5);
#694=CYLINDRICAL_SURFACE('',#3610,0.5);
#695=CYLINDRICAL_SURFACE('',#3611,0.5);
#696=CYLINDRICAL_SURFACE('',#3614,0.5);
#697=CYLINDRICAL_SURFACE('',#3616,0.5);
#698=CYLINDRICAL_SURFACE('',#3618,0.5);
#699=CYLINDRICAL_SURFACE('',#3621,0.5);
#700=CYLINDRICAL_SURFACE('',#3628,0.5);
#701=CYLINDRICAL_SURFACE('',#3629,0.5);
#702=CYLINDRICAL_SURFACE('',#3638,0.5);
#703=CYLINDRICAL_SURFACE('',#3644,0.5);
#704=CYLINDRICAL_SURFACE('',#3645,0.5);
#705=CYLINDRICAL_SURFACE('',#3648,0.5);
#706=CYLINDRICAL_SURFACE('',#3651,0.5);
#707=CYLINDRICAL_SURFACE('',#3654,0.5);
#708=CYLINDRICAL_SURFACE('',#3659,0.5);
#709=CYLINDRICAL_SURFACE('',#3664,0.5);
#710=CYLINDRICAL_SURFACE('',#3671,0.5);
#711=CYLINDRICAL_SURFACE('',#3673,0.5);
#712=CYLINDRICAL_SURFACE('',#3675,0.5);
#713=CYLINDRICAL_SURFACE('',#3682,1.);
#714=CYLINDRICAL_SURFACE('',#3685,0.5);
#715=CYLINDRICAL_SURFACE('',#3690,0.5);
#716=CYLINDRICAL_SURFACE('',#3692,0.5);
#717=CYLINDRICAL_SURFACE('',#3697,0.5);
#718=CYLINDRICAL_SURFACE('',#3698,0.5);
#719=CYLINDRICAL_SURFACE('',#3703,0.5);
#720=CYLINDRICAL_SURFACE('',#3709,0.5);
#721=CYLINDRICAL_SURFACE('',#3716,0.5);
#722=CYLINDRICAL_SURFACE('',#3720,0.5);
#723=CYLINDRICAL_SURFACE('',#3722,0.5);
#724=CYLINDRICAL_SURFACE('',#3723,0.5);
#725=CYLINDRICAL_SURFACE('',#3726,0.5);
#726=CYLINDRICAL_SURFACE('',#3728,0.5);
#727=CYLINDRICAL_SURFACE('',#3730,0.5);
#728=CYLINDRICAL_SURFACE('',#3733,0.5);
#729=CYLINDRICAL_SURFACE('',#3740,0.5);
#730=CYLINDRICAL_SURFACE('',#3741,0.5);
#731=CYLINDRICAL_SURFACE('',#3742,0.5);
#732=CYLINDRICAL_SURFACE('',#3748,0.5);
#733=CYLINDRICAL_SURFACE('',#3753,0.5);
#734=CYLINDRICAL_SURFACE('',#3759,0.5);
#735=CYLINDRICAL_SURFACE('',#3761,0.5);
#736=CYLINDRICAL_SURFACE('',#3764,0.5);
#737=CYLINDRICAL_SURFACE('',#3767,0.5);
#738=CYLINDRICAL_SURFACE('',#3772,0.5);
#739=CYLINDRICAL_SURFACE('',#3777,0.5);
#740=CYLINDRICAL_SURFACE('',#3784,0.5);
#741=CYLINDRICAL_SURFACE('',#3786,0.5);
#742=CYLINDRICAL_SURFACE('',#3788,0.5);
#743=CYLINDRICAL_SURFACE('',#3795,1.);
#744=CYLINDRICAL_SURFACE('',#3797,0.5);
#745=CYLINDRICAL_SURFACE('',#3803,0.5);
#746=CYLINDRICAL_SURFACE('',#3805,0.5);
#747=CYLINDRICAL_SURFACE('',#3809,0.5);
#748=CYLINDRICAL_SURFACE('',#3814,0.5);
#749=CYLINDRICAL_SURFACE('',#3820,0.5);
#750=CYLINDRICAL_SURFACE('',#3827,0.5);
#751=CYLINDRICAL_SURFACE('',#3828,0.5);
#752=CYLINDRICAL_SURFACE('',#3832,0.5);
#753=CYLINDRICAL_SURFACE('',#3834,0.5);
#754=CYLINDRICAL_SURFACE('',#3835,0.5);
#755=CYLINDRICAL_SURFACE('',#3836,0.5);
#756=CYLINDRICAL_SURFACE('',#3839,0.5);
#757=CYLINDRICAL_SURFACE('',#3841,0.5);
#758=CYLINDRICAL_SURFACE('',#3843,0.5);
#759=CYLINDRICAL_SURFACE('',#3846,0.5);
#760=CYLINDRICAL_SURFACE('',#3853,0.5);
#761=CYLINDRICAL_SURFACE('',#3854,0.5);
#762=CYLINDRICAL_SURFACE('',#3855,0.5);
#763=CYLINDRICAL_SURFACE('',#3862,0.5);
#764=CYLINDRICAL_SURFACE('',#3867,0.5);
#765=CYLINDRICAL_SURFACE('',#3873,0.5);
#766=CYLINDRICAL_SURFACE('',#3874,0.5);
#767=CYLINDRICAL_SURFACE('',#3877,0.5);
#768=CYLINDRICAL_SURFACE('',#3880,0.5);
#769=CYLINDRICAL_SURFACE('',#3883,0.5);
#770=CYLINDRICAL_SURFACE('',#3888,0.5);
#771=CYLINDRICAL_SURFACE('',#3893,0.5);
#772=CYLINDRICAL_SURFACE('',#3900,0.5);
#773=CYLINDRICAL_SURFACE('',#3902,0.5);
#774=CYLINDRICAL_SURFACE('',#3904,0.5);
#775=CYLINDRICAL_SURFACE('',#3911,1.);
#776=CYLINDRICAL_SURFACE('',#3915,0.5);
#777=CYLINDRICAL_SURFACE('',#3916,0.5);
#778=CYLINDRICAL_SURFACE('',#3923,0.5);
#779=CYLINDRICAL_SURFACE('',#3925,0.5);
#780=CYLINDRICAL_SURFACE('',#3926,0.5);
#781=CYLINDRICAL_SURFACE('',#3931,0.5);
#782=CYLINDRICAL_SURFACE('',#3932,0.5);
#783=FACE_OUTER_BOUND('',#1012,.T.);
#784=FACE_OUTER_BOUND('',#1013,.T.);
#785=FACE_OUTER_BOUND('',#1014,.T.);
#786=FACE_OUTER_BOUND('',#1015,.T.);
#787=FACE_OUTER_BOUND('',#1016,.T.);
#788=FACE_OUTER_BOUND('',#1017,.T.);
#789=FACE_OUTER_BOUND('',#1018,.T.);
#790=FACE_OUTER_BOUND('',#1019,.T.);
#791=FACE_OUTER_BOUND('',#1020,.T.);
#792=FACE_OUTER_BOUND('',#1021,.T.);
#793=FACE_OUTER_BOUND('',#1022,.T.);
#794=FACE_OUTER_BOUND('',#1023,.T.);
#795=FACE_OUTER_BOUND('',#1024,.T.);
#796=FACE_OUTER_BOUND('',#1025,.T.);
#797=FACE_OUTER_BOUND('',#1026,.T.);
#798=FACE_OUTER_BOUND('',#1027,.T.);
#799=FACE_OUTER_BOUND('',#1028,.T.);
#800=FACE_OUTER_BOUND('',#1029,.T.);
#801=FACE_OUTER_BOUND('',#1030,.T.);
#802=FACE_OUTER_BOUND('',#1031,.T.);
#803=FACE_OUTER_BOUND('',#1032,.T.);
#804=FACE_OUTER_BOUND('',#1033,.T.);
#805=FACE_OUTER_BOUND('',#1034,.T.);
#806=FACE_OUTER_BOUND('',#1035,.T.);
#807=FACE_OUTER_BOUND('',#1036,.T.);
#808=FACE_OUTER_BOUND('',#1038,.T.);
#809=FACE_OUTER_BOUND('',#1039,.T.);
#810=FACE_OUTER_BOUND('',#1040,.T.);
#811=FACE_OUTER_BOUND('',#1041,.T.);
#812=FACE_OUTER_BOUND('',#1042,.T.);
#813=FACE_OUTER_BOUND('',#1043,.T.);
#814=FACE_OUTER_BOUND('',#1044,.T.);
#815=FACE_OUTER_BOUND('',#1045,.T.);
#816=FACE_OUTER_BOUND('',#1046,.T.);
#817=FACE_OUTER_BOUND('',#1047,.T.);
#818=FACE_OUTER_BOUND('',#1048,.T.);
#819=FACE_OUTER_BOUND('',#1049,.T.);
#820=FACE_OUTER_BOUND('',#1050,.T.);
#821=FACE_OUTER_BOUND('',#1051,.T.);
#822=FACE_OUTER_BOUND('',#1052,.T.);
#823=FACE_OUTER_BOUND('',#1053,.T.);
#824=FACE_OUTER_BOUND('',#1054,.T.);
#825=FACE_OUTER_BOUND('',#1055,.T.);
#826=FACE_OUTER_BOUND('',#1056,.T.);
#827=FACE_OUTER_BOUND('',#1057,.T.);
#828=FACE_OUTER_BOUND('',#1058,.T.);
#829=FACE_OUTER_BOUND('',#1059,.T.);
#830=FACE_OUTER_BOUND('',#1060,.T.);
#831=FACE_OUTER_BOUND('',#1061,.T.);
#832=FACE_OUTER_BOUND('',#1062,.T.);
#833=FACE_OUTER_BOUND('',#1063,.T.);
#834=FACE_OUTER_BOUND('',#1064,.T.);
#835=FACE_OUTER_BOUND('',#1065,.T.);
#836=FACE_OUTER_BOUND('',#1066,.T.);
#837=FACE_OUTER_BOUND('',#1067,.T.);
#838=FACE_OUTER_BOUND('',#1068,.T.);
#839=FACE_OUTER_BOUND('',#1069,.T.);
#840=FACE_OUTER_BOUND('',#1070,.T.);
#841=FACE_OUTER_BOUND('',#1071,.T.);
#842=FACE_OUTER_BOUND('',#1072,.T.);
#843=FACE_OUTER_BOUND('',#1073,.T.);
#844=FACE_OUTER_BOUND('',#1074,.T.);
#845=FACE_OUTER_BOUND('',#1075,.T.);
#846=FACE_OUTER_BOUND('',#1076,.T.);
#847=FACE_OUTER_BOUND('',#1077,.T.);
#848=FACE_OUTER_BOUND('',#1078,.T.);
#849=FACE_OUTER_BOUND('',#1079,.T.);
#850=FACE_OUTER_BOUND('',#1080,.T.);
#851=FACE_OUTER_BOUND('',#1081,.T.);
#852=FACE_OUTER_BOUND('',#1082,.T.);
#853=FACE_OUTER_BOUND('',#1083,.T.);
#854=FACE_OUTER_BOUND('',#1084,.T.);
#855=FACE_OUTER_BOUND('',#1085,.T.);
#856=FACE_OUTER_BOUND('',#1086,.T.);
#857=FACE_OUTER_BOUND('',#1087,.T.);
#858=FACE_OUTER_BOUND('',#1089,.T.);
#859=FACE_OUTER_BOUND('',#1090,.T.);
#860=FACE_OUTER_BOUND('',#1091,.T.);
#861=FACE_OUTER_BOUND('',#1092,.T.);
#862=FACE_OUTER_BOUND('',#1093,.T.);
#863=FACE_OUTER_BOUND('',#1094,.T.);
#864=FACE_OUTER_BOUND('',#1095,.T.);
#865=FACE_OUTER_BOUND('',#1096,.T.);
#866=FACE_OUTER_BOUND('',#1097,.T.);
#867=FACE_OUTER_BOUND('',#1098,.T.);
#868=FACE_OUTER_BOUND('',#1099,.T.);
#869=FACE_OUTER_BOUND('',#1100,.T.);
#870=FACE_OUTER_BOUND('',#1101,.T.);
#871=FACE_OUTER_BOUND('',#1102,.T.);
#872=FACE_OUTER_BOUND('',#1103,.T.);
#873=FACE_OUTER_BOUND('',#1104,.T.);
#874=FACE_OUTER_BOUND('',#1105,.T.);
#875=FACE_OUTER_BOUND('',#1106,.T.);
#876=FACE_OUTER_BOUND('',#1107,.T.);
#877=FACE_OUTER_BOUND('',#1108,.T.);
#878=FACE_OUTER_BOUND('',#1109,.T.);
#879=FACE_OUTER_BOUND('',#1110,.T.);
#880=FACE_OUTER_BOUND('',#1111,.T.);
#881=FACE_OUTER_BOUND('',#1112,.T.);
#882=FACE_OUTER_BOUND('',#1113,.T.);
#883=FACE_OUTER_BOUND('',#1114,.T.);
#884=FACE_OUTER_BOUND('',#1115,.T.);
#885=FACE_OUTER_BOUND('',#1116,.T.);
#886=FACE_OUTER_BOUND('',#1117,.T.);
#887=FACE_OUTER_BOUND('',#1118,.T.);
#888=FACE_OUTER_BOUND('',#1119,.T.);
#889=FACE_OUTER_BOUND('',#1120,.T.);
#890=FACE_OUTER_BOUND('',#1121,.T.);
#891=FACE_OUTER_BOUND('',#1122,.T.);
#892=FACE_OUTER_BOUND('',#1123,.T.);
#893=FACE_OUTER_BOUND('',#1124,.T.);
#894=FACE_OUTER_BOUND('',#1125,.T.);
#895=FACE_OUTER_BOUND('',#1126,.T.);
#896=FACE_OUTER_BOUND('',#1127,.T.);
#897=FACE_OUTER_BOUND('',#1128,.T.);
#898=FACE_OUTER_BOUND('',#1129,.T.);
#899=FACE_OUTER_BOUND('',#1130,.T.);
#900=FACE_OUTER_BOUND('',#1131,.T.);
#901=FACE_OUTER_BOUND('',#1132,.T.);
#902=FACE_OUTER_BOUND('',#1133,.T.);
#903=FACE_OUTER_BOUND('',#1134,.T.);
#904=FACE_OUTER_BOUND('',#1135,.T.);
#905=FACE_OUTER_BOUND('',#1136,.T.);
#906=FACE_OUTER_BOUND('',#1137,.T.);
#907=FACE_OUTER_BOUND('',#1138,.T.);
#908=FACE_OUTER_BOUND('',#1139,.T.);
#909=FACE_OUTER_BOUND('',#1140,.T.);
#910=FACE_OUTER_BOUND('',#1141,.T.);
#911=FACE_OUTER_BOUND('',#1142,.T.);
#912=FACE_OUTER_BOUND('',#1143,.T.);
#913=FACE_OUTER_BOUND('',#1144,.T.);
#914=FACE_OUTER_BOUND('',#1145,.T.);
#915=FACE_OUTER_BOUND('',#1146,.T.);
#916=FACE_OUTER_BOUND('',#1148,.T.);
#917=FACE_OUTER_BOUND('',#1149,.T.);
#918=FACE_OUTER_BOUND('',#1150,.T.);
#919=FACE_OUTER_BOUND('',#1151,.T.);
#920=FACE_OUTER_BOUND('',#1152,.T.);
#921=FACE_OUTER_BOUND('',#1153,.T.);
#922=FACE_OUTER_BOUND('',#1154,.T.);
#923=FACE_OUTER_BOUND('',#1155,.T.);
#924=FACE_OUTER_BOUND('',#1156,.T.);
#925=FACE_OUTER_BOUND('',#1157,.T.);
#926=FACE_OUTER_BOUND('',#1158,.T.);
#927=FACE_OUTER_BOUND('',#1159,.T.);
#928=FACE_OUTER_BOUND('',#1160,.T.);
#929=FACE_OUTER_BOUND('',#1161,.T.);
#930=FACE_OUTER_BOUND('',#1162,.T.);
#931=FACE_OUTER_BOUND('',#1163,.T.);
#932=FACE_OUTER_BOUND('',#1164,.T.);
#933=FACE_OUTER_BOUND('',#1165,.T.);
#934=FACE_OUTER_BOUND('',#1166,.T.);
#935=FACE_OUTER_BOUND('',#1167,.T.);
#936=FACE_OUTER_BOUND('',#1168,.T.);
#937=FACE_OUTER_BOUND('',#1169,.T.);
#938=FACE_OUTER_BOUND('',#1170,.T.);
#939=FACE_OUTER_BOUND('',#1171,.T.);
#940=FACE_OUTER_BOUND('',#1172,.T.);
#941=FACE_OUTER_BOUND('',#1173,.T.);
#942=FACE_OUTER_BOUND('',#1174,.T.);
#943=FACE_OUTER_BOUND('',#1175,.T.);
#944=FACE_OUTER_BOUND('',#1176,.T.);
#945=FACE_OUTER_BOUND('',#1177,.T.);
#946=FACE_OUTER_BOUND('',#1178,.T.);
#947=FACE_OUTER_BOUND('',#1179,.T.);
#948=FACE_OUTER_BOUND('',#1180,.T.);
#949=FACE_OUTER_BOUND('',#1181,.T.);
#950=FACE_OUTER_BOUND('',#1182,.T.);
#951=FACE_OUTER_BOUND('',#1183,.T.);
#952=FACE_OUTER_BOUND('',#1184,.T.);
#953=FACE_OUTER_BOUND('',#1185,.T.);
#954=FACE_OUTER_BOUND('',#1186,.T.);
#955=FACE_OUTER_BOUND('',#1187,.T.);
#956=FACE_OUTER_BOUND('',#1188,.T.);
#957=FACE_OUTER_BOUND('',#1189,.T.);
#958=FACE_OUTER_BOUND('',#1190,.T.);
#959=FACE_OUTER_BOUND('',#1191,.T.);
#960=FACE_OUTER_BOUND('',#1192,.T.);
#961=FACE_OUTER_BOUND('',#1193,.T.);
#962=FACE_OUTER_BOUND('',#1194,.T.);
#963=FACE_OUTER_BOUND('',#1195,.T.);
#964=FACE_OUTER_BOUND('',#1196,.T.);
#965=FACE_OUTER_BOUND('',#1197,.T.);
#966=FACE_OUTER_BOUND('',#1198,.T.);
#967=FACE_OUTER_BOUND('',#1199,.T.);
#968=FACE_OUTER_BOUND('',#1200,.T.);
#969=FACE_OUTER_BOUND('',#1201,.T.);
#970=FACE_OUTER_BOUND('',#1202,.T.);
#971=FACE_OUTER_BOUND('',#1203,.T.);
#972=FACE_OUTER_BOUND('',#1204,.T.);
#973=FACE_OUTER_BOUND('',#1205,.T.);
#974=FACE_OUTER_BOUND('',#1206,.T.);
#975=FACE_OUTER_BOUND('',#1207,.T.);
#976=FACE_OUTER_BOUND('',#1208,.T.);
#977=FACE_OUTER_BOUND('',#1210,.T.);
#978=FACE_OUTER_BOUND('',#1211,.T.);
#979=FACE_OUTER_BOUND('',#1212,.T.);
#980=FACE_OUTER_BOUND('',#1213,.T.);
#981=FACE_OUTER_BOUND('',#1214,.T.);
#982=FACE_OUTER_BOUND('',#1215,.T.);
#983=FACE_OUTER_BOUND('',#1216,.T.);
#984=FACE_OUTER_BOUND('',#1217,.T.);
#985=FACE_OUTER_BOUND('',#1218,.T.);
#986=FACE_OUTER_BOUND('',#1219,.T.);
#987=FACE_OUTER_BOUND('',#1220,.T.);
#988=FACE_OUTER_BOUND('',#1221,.T.);
#989=FACE_OUTER_BOUND('',#1222,.T.);
#990=FACE_OUTER_BOUND('',#1223,.T.);
#991=FACE_OUTER_BOUND('',#1224,.T.);
#992=FACE_OUTER_BOUND('',#1225,.T.);
#993=FACE_OUTER_BOUND('',#1226,.T.);
#994=FACE_OUTER_BOUND('',#1227,.T.);
#995=FACE_OUTER_BOUND('',#1228,.T.);
#996=FACE_OUTER_BOUND('',#1229,.T.);
#997=FACE_OUTER_BOUND('',#1230,.T.);
#998=FACE_OUTER_BOUND('',#1231,.T.);
#999=FACE_OUTER_BOUND('',#1232,.T.);
#1000=FACE_OUTER_BOUND('',#1234,.T.);
#1001=FACE_OUTER_BOUND('',#1235,.T.);
#1002=FACE_OUTER_BOUND('',#1236,.T.);
#1003=FACE_OUTER_BOUND('',#1237,.T.);
#1004=FACE_OUTER_BOUND('',#1238,.T.);
#1005=FACE_OUTER_BOUND('',#1239,.T.);
#1006=FACE_OUTER_BOUND('',#1240,.T.);
#1007=FACE_OUTER_BOUND('',#1241,.T.);
#1008=FACE_OUTER_BOUND('',#1242,.T.);
#1009=FACE_OUTER_BOUND('',#1243,.T.);
#1010=FACE_OUTER_BOUND('',#1244,.T.);
#1011=FACE_OUTER_BOUND('',#1246,.T.);
#1012=EDGE_LOOP('',(#2208,#2209,#2210));
#1013=EDGE_LOOP('',(#2211,#2212,#2213,#2214));
#1014=EDGE_LOOP('',(#2215,#2216,#2217,#2218));
#1015=EDGE_LOOP('',(#2219,#2220,#2221,#2222));
#1016=EDGE_LOOP('',(#2223,#2224,#2225,#2226));
#1017=EDGE_LOOP('',(#2227,#2228,#2229));
#1018=EDGE_LOOP('',(#2230,#2231,#2232));
#1019=EDGE_LOOP('',(#2233,#2234,#2235,#2236));
#1020=EDGE_LOOP('',(#2237,#2238,#2239,#2240));
#1021=EDGE_LOOP('',(#2241,#2242,#2243,#2244));
#1022=EDGE_LOOP('',(#2245,#2246,#2247,#2248));
#1023=EDGE_LOOP('',(#2249,#2250,#2251,#2252));
#1024=EDGE_LOOP('',(#2253,#2254,#2255,#2256));
#1025=EDGE_LOOP('',(#2257,#2258,#2259,#2260));
#1026=EDGE_LOOP('',(#2261,#2262,#2263,#2264));
#1027=EDGE_LOOP('',(#2265,#2266,#2267,#2268));
#1028=EDGE_LOOP('',(#2269,#2270,#2271));
#1029=EDGE_LOOP('',(#2272,#2273,#2274,#2275));
#1030=EDGE_LOOP('',(#2276,#2277,#2278,#2279));
#1031=EDGE_LOOP('',(#2280,#2281,#2282,#2283));
#1032=EDGE_LOOP('',(#2284,#2285,#2286,#2287));
#1033=EDGE_LOOP('',(#2288,#2289,#2290,#2291));
#1034=EDGE_LOOP('',(#2292,#2293,#2294,#2295));
#1035=EDGE_LOOP('',(#2296,#2297,#2298,#2299));
#1036=EDGE_LOOP('',(#2300,#2301,#2302,#2303,#2304,#2305));
#1037=EDGE_LOOP('',(#2306));
#1038=EDGE_LOOP('',(#2307,#2308,#2309,#2310));
#1039=EDGE_LOOP('',(#2311,#2312,#2313,#2314));
#1040=EDGE_LOOP('',(#2315,#2316,#2317));
#1041=EDGE_LOOP('',(#2318,#2319,#2320,#2321));
#1042=EDGE_LOOP('',(#2322,#2323,#2324));
#1043=EDGE_LOOP('',(#2325,#2326,#2327,#2328));
#1044=EDGE_LOOP('',(#2329,#2330,#2331));
#1045=EDGE_LOOP('',(#2332,#2333,#2334));
#1046=EDGE_LOOP('',(#2335,#2336,#2337,#2338));
#1047=EDGE_LOOP('',(#2339,#2340,#2341,#2342));
#1048=EDGE_LOOP('',(#2343,#2344,#2345,#2346));
#1049=EDGE_LOOP('',(#2347,#2348,#2349,#2350));
#1050=EDGE_LOOP('',(#2351,#2352,#2353,#2354));
#1051=EDGE_LOOP('',(#2355,#2356,#2357,#2358,#2359,#2360,#2361,#2362));
#1052=EDGE_LOOP('',(#2363,#2364,#2365,#2366));
#1053=EDGE_LOOP('',(#2367,#2368,#2369,#2370));
#1054=EDGE_LOOP('',(#2371,#2372,#2373,#2374));
#1055=EDGE_LOOP('',(#2375,#2376,#2377));
#1056=EDGE_LOOP('',(#2378,#2379,#2380,#2381));
#1057=EDGE_LOOP('',(#2382,#2383,#2384));
#1058=EDGE_LOOP('',(#2385,#2386,#2387,#2388));
#1059=EDGE_LOOP('',(#2389,#2390,#2391));
#1060=EDGE_LOOP('',(#2392,#2393,#2394,#2395));
#1061=EDGE_LOOP('',(#2396,#2397,#2398,#2399));
#1062=EDGE_LOOP('',(#2400,#2401,#2402,#2403));
#1063=EDGE_LOOP('',(#2404,#2405,#2406,#2407));
#1064=EDGE_LOOP('',(#2408,#2409,#2410));
#1065=EDGE_LOOP('',(#2411,#2412,#2413,#2414));
#1066=EDGE_LOOP('',(#2415,#2416,#2417));
#1067=EDGE_LOOP('',(#2418,#2419,#2420,#2421));
#1068=EDGE_LOOP('',(#2422,#2423,#2424,#2425));
#1069=EDGE_LOOP('',(#2426,#2427,#2428,#2429));
#1070=EDGE_LOOP('',(#2430,#2431,#2432,#2433));
#1071=EDGE_LOOP('',(#2434,#2435,#2436,#2437));
#1072=EDGE_LOOP('',(#2438,#2439,#2440,#2441));
#1073=EDGE_LOOP('',(#2442,#2443,#2444,#2445));
#1074=EDGE_LOOP('',(#2446,#2447,#2448,#2449));
#1075=EDGE_LOOP('',(#2450,#2451,#2452,#2453));
#1076=EDGE_LOOP('',(#2454,#2455,#2456,#2457));
#1077=EDGE_LOOP('',(#2458,#2459,#2460));
#1078=EDGE_LOOP('',(#2461,#2462,#2463,#2464));
#1079=EDGE_LOOP('',(#2465,#2466,#2467,#2468));
#1080=EDGE_LOOP('',(#2469,#2470,#2471,#2472));
#1081=EDGE_LOOP('',(#2473,#2474,#2475,#2476));
#1082=EDGE_LOOP('',(#2477,#2478,#2479,#2480));
#1083=EDGE_LOOP('',(#2481,#2482,#2483,#2484));
#1084=EDGE_LOOP('',(#2485,#2486,#2487,#2488));
#1085=EDGE_LOOP('',(#2489,#2490,#2491,#2492));
#1086=EDGE_LOOP('',(#2493,#2494,#2495,#2496));
#1087=EDGE_LOOP('',(#2497,#2498,#2499,#2500,#2501,#2502));
#1088=EDGE_LOOP('',(#2503));
#1089=EDGE_LOOP('',(#2504,#2505,#2506,#2507));
#1090=EDGE_LOOP('',(#2508,#2509,#2510,#2511));
#1091=EDGE_LOOP('',(#2512,#2513,#2514));
#1092=EDGE_LOOP('',(#2515,#2516,#2517,#2518));
#1093=EDGE_LOOP('',(#2519,#2520,#2521));
#1094=EDGE_LOOP('',(#2522,#2523,#2524,#2525));
#1095=EDGE_LOOP('',(#2526,#2527,#2528));
#1096=EDGE_LOOP('',(#2529,#2530,#2531));
#1097=EDGE_LOOP('',(#2532,#2533,#2534,#2535));
#1098=EDGE_LOOP('',(#2536,#2537,#2538,#2539));
#1099=EDGE_LOOP('',(#2540,#2541,#2542,#2543));
#1100=EDGE_LOOP('',(#2544,#2545,#2546,#2547));
#1101=EDGE_LOOP('',(#2548,#2549,#2550,#2551));
#1102=EDGE_LOOP('',(#2552,#2553,#2554,#2555,#2556,#2557,#2558,#2559));
#1103=EDGE_LOOP('',(#2560,#2561,#2562,#2563));
#1104=EDGE_LOOP('',(#2564,#2565,#2566,#2567));
#1105=EDGE_LOOP('',(#2568,#2569,#2570,#2571));
#1106=EDGE_LOOP('',(#2572,#2573,#2574,#2575));
#1107=EDGE_LOOP('',(#2576,#2577,#2578,#2579));
#1108=EDGE_LOOP('',(#2580,#2581,#2582));
#1109=EDGE_LOOP('',(#2583,#2584,#2585,#2586));
#1110=EDGE_LOOP('',(#2587,#2588,#2589,#2590));
#1111=EDGE_LOOP('',(#2591,#2592,#2593,#2594));
#1112=EDGE_LOOP('',(#2595,#2596,#2597));
#1113=EDGE_LOOP('',(#2598,#2599,#2600,#2601));
#1114=EDGE_LOOP('',(#2602,#2603,#2604,#2605));
#1115=EDGE_LOOP('',(#2606,#2607,#2608,#2609));
#1116=EDGE_LOOP('',(#2610,#2611,#2612));
#1117=EDGE_LOOP('',(#2613,#2614,#2615,#2616));
#1118=EDGE_LOOP('',(#2617,#2618,#2619,#2620));
#1119=EDGE_LOOP('',(#2621,#2622,#2623,#2624));
#1120=EDGE_LOOP('',(#2625,#2626,#2627,#2628));
#1121=EDGE_LOOP('',(#2629,#2630,#2631));
#1122=EDGE_LOOP('',(#2632,#2633,#2634,#2635));
#1123=EDGE_LOOP('',(#2636,#2637,#2638));
#1124=EDGE_LOOP('',(#2639,#2640,#2641,#2642));
#1125=EDGE_LOOP('',(#2643,#2644,#2645,#2646));
#1126=EDGE_LOOP('',(#2647,#2648,#2649,#2650));
#1127=EDGE_LOOP('',(#2651,#2652,#2653,#2654));
#1128=EDGE_LOOP('',(#2655,#2656,#2657,#2658));
#1129=EDGE_LOOP('',(#2659,#2660,#2661,#2662));
#1130=EDGE_LOOP('',(#2663,#2664,#2665,#2666));
#1131=EDGE_LOOP('',(#2667,#2668,#2669,#2670));
#1132=EDGE_LOOP('',(#2671,#2672,#2673,#2674));
#1133=EDGE_LOOP('',(#2675,#2676,#2677,#2678));
#1134=EDGE_LOOP('',(#2679,#2680,#2681,#2682));
#1135=EDGE_LOOP('',(#2683,#2684,#2685,#2686));
#1136=EDGE_LOOP('',(#2687,#2688,#2689));
#1137=EDGE_LOOP('',(#2690,#2691,#2692,#2693));
#1138=EDGE_LOOP('',(#2694,#2695,#2696,#2697));
#1139=EDGE_LOOP('',(#2698,#2699,#2700,#2701));
#1140=EDGE_LOOP('',(#2702,#2703,#2704,#2705));
#1141=EDGE_LOOP('',(#2706,#2707,#2708,#2709));
#1142=EDGE_LOOP('',(#2710,#2711,#2712,#2713));
#1143=EDGE_LOOP('',(#2714,#2715,#2716,#2717));
#1144=EDGE_LOOP('',(#2718,#2719,#2720,#2721));
#1145=EDGE_LOOP('',(#2722,#2723,#2724,#2725));
#1146=EDGE_LOOP('',(#2726,#2727,#2728,#2729,#2730,#2731));
#1147=EDGE_LOOP('',(#2732));
#1148=EDGE_LOOP('',(#2733,#2734,#2735,#2736));
#1149=EDGE_LOOP('',(#2737,#2738,#2739,#2740));
#1150=EDGE_LOOP('',(#2741,#2742,#2743));
#1151=EDGE_LOOP('',(#2744,#2745,#2746,#2747));
#1152=EDGE_LOOP('',(#2748,#2749,#2750));
#1153=EDGE_LOOP('',(#2751,#2752,#2753,#2754));
#1154=EDGE_LOOP('',(#2755,#2756,#2757));
#1155=EDGE_LOOP('',(#2758,#2759,#2760));
#1156=EDGE_LOOP('',(#2761,#2762,#2763,#2764));
#1157=EDGE_LOOP('',(#2765,#2766,#2767,#2768));
#1158=EDGE_LOOP('',(#2769,#2770,#2771,#2772));
#1159=EDGE_LOOP('',(#2773,#2774,#2775,#2776));
#1160=EDGE_LOOP('',(#2777,#2778,#2779,#2780));
#1161=EDGE_LOOP('',(#2781,#2782,#2783,#2784,#2785,#2786,#2787,#2788));
#1162=EDGE_LOOP('',(#2789,#2790,#2791,#2792));
#1163=EDGE_LOOP('',(#2793,#2794,#2795,#2796));
#1164=EDGE_LOOP('',(#2797,#2798,#2799,#2800));
#1165=EDGE_LOOP('',(#2801,#2802,#2803,#2804));
#1166=EDGE_LOOP('',(#2805,#2806,#2807,#2808));
#1167=EDGE_LOOP('',(#2809,#2810,#2811));
#1168=EDGE_LOOP('',(#2812,#2813,#2814,#2815));
#1169=EDGE_LOOP('',(#2816,#2817,#2818,#2819));
#1170=EDGE_LOOP('',(#2820,#2821,#2822));
#1171=EDGE_LOOP('',(#2823,#2824,#2825,#2826));
#1172=EDGE_LOOP('',(#2827,#2828,#2829,#2830));
#1173=EDGE_LOOP('',(#2831,#2832,#2833));
#1174=EDGE_LOOP('',(#2834,#2835,#2836,#2837));
#1175=EDGE_LOOP('',(#2838,#2839,#2840,#2841));
#1176=EDGE_LOOP('',(#2842,#2843,#2844,#2845));
#1177=EDGE_LOOP('',(#2846,#2847,#2848,#2849));
#1178=EDGE_LOOP('',(#2850,#2851,#2852));
#1179=EDGE_LOOP('',(#2853,#2854,#2855,#2856));
#1180=EDGE_LOOP('',(#2857,#2858,#2859,#2860));
#1181=EDGE_LOOP('',(#2861,#2862,#2863));
#1182=EDGE_LOOP('',(#2864,#2865,#2866,#2867));
#1183=EDGE_LOOP('',(#2868,#2869,#2870,#2871));
#1184=EDGE_LOOP('',(#2872,#2873,#2874,#2875));
#1185=EDGE_LOOP('',(#2876,#2877,#2878,#2879));
#1186=EDGE_LOOP('',(#2880,#2881,#2882,#2883));
#1187=EDGE_LOOP('',(#2884,#2885,#2886,#2887));
#1188=EDGE_LOOP('',(#2888,#2889,#2890,#2891));
#1189=EDGE_LOOP('',(#2892,#2893,#2894,#2895));
#1190=EDGE_LOOP('',(#2896,#2897,#2898,#2899));
#1191=EDGE_LOOP('',(#2900,#2901,#2902,#2903));
#1192=EDGE_LOOP('',(#2904,#2905,#2906,#2907));
#1193=EDGE_LOOP('',(#2908,#2909,#2910,#2911));
#1194=EDGE_LOOP('',(#2912,#2913,#2914,#2915));
#1195=EDGE_LOOP('',(#2916,#2917,#2918));
#1196=EDGE_LOOP('',(#2919,#2920,#2921,#2922));
#1197=EDGE_LOOP('',(#2923,#2924,#2925,#2926));
#1198=EDGE_LOOP('',(#2927,#2928,#2929,#2930,#2931,#2932,#2933,#2934,#2935,
#2936,#2937,#2938,#2939,#2940,#2941,#2942,#2943,#2944,#2945,#2946,#2947,
#2948,#2949,#2950,#2951,#2952,#2953,#2954));
#1199=EDGE_LOOP('',(#2955,#2956,#2957,#2958));
#1200=EDGE_LOOP('',(#2959,#2960,#2961,#2962));
#1201=EDGE_LOOP('',(#2963,#2964,#2965,#2966));
#1202=EDGE_LOOP('',(#2967,#2968,#2969,#2970));
#1203=EDGE_LOOP('',(#2971,#2972,#2973,#2974));
#1204=EDGE_LOOP('',(#2975,#2976,#2977,#2978));
#1205=EDGE_LOOP('',(#2979,#2980,#2981,#2982));
#1206=EDGE_LOOP('',(#2983,#2984,#2985,#2986));
#1207=EDGE_LOOP('',(#2987,#2988,#2989,#2990));
#1208=EDGE_LOOP('',(#2991,#2992,#2993,#2994,#2995,#2996));
#1209=EDGE_LOOP('',(#2997));
#1210=EDGE_LOOP('',(#2998,#2999,#3000,#3001));
#1211=EDGE_LOOP('',(#3002,#3003,#3004,#3005));
#1212=EDGE_LOOP('',(#3006,#3007,#3008));
#1213=EDGE_LOOP('',(#3009,#3010,#3011,#3012));
#1214=EDGE_LOOP('',(#3013,#3014,#3015));
#1215=EDGE_LOOP('',(#3016,#3017,#3018,#3019));
#1216=EDGE_LOOP('',(#3020,#3021,#3022));
#1217=EDGE_LOOP('',(#3023,#3024,#3025));
#1218=EDGE_LOOP('',(#3026,#3027,#3028,#3029));
#1219=EDGE_LOOP('',(#3030,#3031,#3032,#3033));
#1220=EDGE_LOOP('',(#3034,#3035,#3036,#3037));
#1221=EDGE_LOOP('',(#3038,#3039,#3040,#3041));
#1222=EDGE_LOOP('',(#3042,#3043,#3044,#3045));
#1223=EDGE_LOOP('',(#3046,#3047,#3048,#3049,#3050,#3051,#3052,#3053));
#1224=EDGE_LOOP('',(#3054,#3055,#3056,#3057));
#1225=EDGE_LOOP('',(#3058,#3059,#3060,#3061));
#1226=EDGE_LOOP('',(#3062,#3063,#3064,#3065));
#1227=EDGE_LOOP('',(#3066,#3067,#3068,#3069,#3070,#3071,#3072,#3073));
#1228=EDGE_LOOP('',(#3074,#3075,#3076,#3077));
#1229=EDGE_LOOP('',(#3078,#3079,#3080,#3081));
#1230=EDGE_LOOP('',(#3082,#3083,#3084,#3085));
#1231=EDGE_LOOP('',(#3086,#3087,#3088,#3089));
#1232=EDGE_LOOP('',(#3090,#3091,#3092,#3093));
#1233=EDGE_LOOP('',(#3094,#3095,#3096,#3097));
#1234=EDGE_LOOP('',(#3098,#3099,#3100));
#1235=EDGE_LOOP('',(#3101,#3102,#3103,#3104));
#1236=EDGE_LOOP('',(#3105,#3106,#3107,#3108));
#1237=EDGE_LOOP('',(#3109,#3110,#3111,#3112));
#1238=EDGE_LOOP('',(#3113,#3114,#3115,#3116));
#1239=EDGE_LOOP('',(#3117,#3118,#3119));
#1240=EDGE_LOOP('',(#3120,#3121,#3122,#3123));
#1241=EDGE_LOOP('',(#3124,#3125,#3126,#3127));
#1242=EDGE_LOOP('',(#3128,#3129,#3130,#3131));
#1243=EDGE_LOOP('',(#3132,#3133,#3134,#3135));
#1244=EDGE_LOOP('',(#3136,#3137,#3138,#3139));
#1245=EDGE_LOOP('',(#3140,#3141,#3142,#3143,#3144,#3145,#3146,#3147,#3148,
#3149,#3150,#3151,#3152,#3153,#3154,#3155,#3156,#3157,#3158,#3159,#3160,
#3161,#3162,#3163,#3164,#3165,#3166,#3167,#3168,#3169,#3170,#3171,#3172,
#3173,#3174,#3175,#3176,#3177,#3178,#3179,#3180,#3181,#3182,#3183));
#1246=EDGE_LOOP('',(#3184,#3185,#3186,#3187,#3188,#3189,#3190,#3191));
#1247=EDGE_LOOP('',(#3192,#3193,#3194,#3195,#3196,#3197,#3198,#3199));
#1248=CIRCLE('',#3489,0.5);
#1249=CIRCLE('',#3490,0.5);
#1250=CIRCLE('',#3492,0.500000000000001);
#1251=CIRCLE('',#3495,1.);
#1252=CIRCLE('',#3496,0.5);
#1253=CIRCLE('',#3498,0.5);
#1254=CIRCLE('',#3501,0.499999999999998);
#1255=CIRCLE('',#3502,0.5);
#1256=CIRCLE('',#3503,0.499999999999998);
#1257=CIRCLE('',#3504,0.499999999999998);
#1258=CIRCLE('',#3509,0.5);
#1259=CIRCLE('',#3516,0.5);
#1260=CIRCLE('',#3521,0.5);
#1261=CIRCLE('',#3522,0.5);
#1262=CIRCLE('',#3523,1.);
#1263=CIRCLE('',#3524,0.499999999999998);
#1264=CIRCLE('',#3527,0.499999999999998);
#1265=CIRCLE('',#3529,0.499999999999997);
#1266=CIRCLE('',#3533,0.5);
#1267=CIRCLE('',#3536,0.499999999999998);
#1268=CIRCLE('',#3538,0.500000000000003);
#1269=CIRCLE('',#3539,1.);
#1270=CIRCLE('',#3540,0.5);
#1271=CIRCLE('',#3544,0.499999999999998);
#1272=CIRCLE('',#3547,0.5);
#1273=CIRCLE('',#3548,0.5);
#1274=CIRCLE('',#3550,0.499999999999998);
#1275=CIRCLE('',#3551,0.5);
#1276=CIRCLE('',#3553,0.5);
#1277=CIRCLE('',#3555,0.5);
#1278=CIRCLE('',#3556,0.5);
#1279=CIRCLE('',#3558,0.5);
#1280=CIRCLE('',#3560,0.499999999999998);
#1281=CIRCLE('',#3561,0.5);
#1282=CIRCLE('',#3563,0.499999999999997);
#1283=CIRCLE('',#3565,0.499999999999997);
#1284=CIRCLE('',#3573,0.5);
#1285=CIRCLE('',#3574,1.);
#1286=CIRCLE('',#3575,0.499999999999998);
#1287=CIRCLE('',#3576,0.5);
#1288=CIRCLE('',#3578,1.);
#1289=CIRCLE('',#3580,0.5);
#1290=CIRCLE('',#3581,0.499999999999998);
#1291=CIRCLE('',#3582,0.5);
#1292=CIRCLE('',#3584,0.5);
#1293=CIRCLE('',#3586,0.5);
#1294=CIRCLE('',#3587,0.5);
#1295=CIRCLE('',#3590,0.5);
#1296=CIRCLE('',#3591,0.5);
#1297=CIRCLE('',#3593,0.500000000000001);
#1298=CIRCLE('',#3596,0.5);
#1299=CIRCLE('',#3597,1.);
#1300=CIRCLE('',#3599,0.5);
#1301=CIRCLE('',#3602,0.499999999999998);
#1302=CIRCLE('',#3603,0.499999999999998);
#1303=CIRCLE('',#3604,0.5);
#1304=CIRCLE('',#3606,0.499999999999998);
#1305=CIRCLE('',#3613,0.5);
#1306=CIRCLE('',#3620,0.5);
#1307=CIRCLE('',#3624,0.5);
#1308=CIRCLE('',#3625,0.499999999999998);
#1309=CIRCLE('',#3626,1.);
#1310=CIRCLE('',#3627,0.5);
#1311=CIRCLE('',#3630,0.499999999999998);
#1312=CIRCLE('',#3632,0.499999999999997);
#1313=CIRCLE('',#3637,0.5);
#1314=CIRCLE('',#3639,0.499999999999998);
#1315=CIRCLE('',#3641,0.500000000000003);
#1316=CIRCLE('',#3642,0.5);
#1317=CIRCLE('',#3643,1.);
#1318=CIRCLE('',#3649,0.499999999999998);
#1319=CIRCLE('',#3652,0.5);
#1320=CIRCLE('',#3653,0.5);
#1321=CIRCLE('',#3655,0.499999999999998);
#1322=CIRCLE('',#3656,0.5);
#1323=CIRCLE('',#3658,0.5);
#1324=CIRCLE('',#3660,0.5);
#1325=CIRCLE('',#3661,0.5);
#1326=CIRCLE('',#3663,0.5);
#1327=CIRCLE('',#3665,0.499999999999998);
#1328=CIRCLE('',#3666,0.5);
#1329=CIRCLE('',#3668,0.499999999999997);
#1330=CIRCLE('',#3670,0.499999999999997);
#1331=CIRCLE('',#3678,0.5);
#1332=CIRCLE('',#3679,0.5);
#1333=CIRCLE('',#3680,0.499999999999998);
#1334=CIRCLE('',#3681,1.);
#1335=CIRCLE('',#3683,1.);
#1336=CIRCLE('',#3687,0.5);
#1337=CIRCLE('',#3688,0.5);
#1338=CIRCLE('',#3689,0.499999999999998);
#1339=CIRCLE('',#3691,0.5);
#1340=CIRCLE('',#3695,0.5);
#1341=CIRCLE('',#3696,0.5);
#1342=CIRCLE('',#3701,0.5);
#1343=CIRCLE('',#3702,0.5);
#1344=CIRCLE('',#3704,0.500000000000001);
#1345=CIRCLE('',#3707,0.5);
#1346=CIRCLE('',#3708,1.);
#1347=CIRCLE('',#3710,0.5);
#1348=CIRCLE('',#3713,0.499999999999998);
#1349=CIRCLE('',#3714,0.499999999999998);
#1350=CIRCLE('',#3715,0.5);
#1351=CIRCLE('',#3717,0.499999999999998);
#1352=CIRCLE('',#3725,0.5);
#1353=CIRCLE('',#3732,0.5);
#1354=CIRCLE('',#3736,0.5);
#1355=CIRCLE('',#3737,0.499999999999998);
#1356=CIRCLE('',#3738,1.);
#1357=CIRCLE('',#3739,0.5);
#1358=CIRCLE('',#3743,0.499999999999998);
#1359=CIRCLE('',#3745,0.499999999999997);
#1360=CIRCLE('',#3752,0.5);
#1361=CIRCLE('',#3754,0.499999999999998);
#1362=CIRCLE('',#3756,0.500000000000003);
#1363=CIRCLE('',#3757,0.5);
#1364=CIRCLE('',#3758,1.);
#1365=CIRCLE('',#3762,0.499999999999998);
#1366=CIRCLE('',#3765,0.5);
#1367=CIRCLE('',#3766,0.5);
#1368=CIRCLE('',#3768,0.499999999999998);
#1369=CIRCLE('',#3769,0.5);
#1370=CIRCLE('',#3771,0.5);
#1371=CIRCLE('',#3773,0.5);
#1372=CIRCLE('',#3774,0.5);
#1373=CIRCLE('',#3776,0.5);
#1374=CIRCLE('',#3778,0.499999999999998);
#1375=CIRCLE('',#3779,0.5);
#1376=CIRCLE('',#3781,0.499999999999997);
#1377=CIRCLE('',#3783,0.499999999999997);
#1378=CIRCLE('',#3791,0.5);
#1379=CIRCLE('',#3792,0.5);
#1380=CIRCLE('',#3793,0.499999999999998);
#1381=CIRCLE('',#3794,1.);
#1382=CIRCLE('',#3796,1.);
#1383=CIRCLE('',#3800,0.5);
#1384=CIRCLE('',#3801,0.5);
#1385=CIRCLE('',#3802,0.499999999999998);
#1386=CIRCLE('',#3804,0.5);
#1387=CIRCLE('',#3807,0.5);
#1388=CIRCLE('',#3808,0.5);
#1389=CIRCLE('',#3812,0.5);
#1390=CIRCLE('',#3813,0.5);
#1391=CIRCLE('',#3815,0.500000000000001);
#1392=CIRCLE('',#3818,1.);
#1393=CIRCLE('',#3819,0.5);
#1394=CIRCLE('',#3821,0.5);
#1395=CIRCLE('',#3824,0.499999999999998);
#1396=CIRCLE('',#3825,0.5);
#1397=CIRCLE('',#3826,0.499999999999998);
#1398=CIRCLE('',#3829,0.499999999999998);
#1399=CIRCLE('',#3837,0.5);
#1400=CIRCLE('',#3844,0.5);
#1401=CIRCLE('',#3849,0.5);
#1402=CIRCLE('',#3850,0.5);
#1403=CIRCLE('',#3851,1.);
#1404=CIRCLE('',#3852,0.499999999999998);
#1405=CIRCLE('',#3856,0.499999999999998);
#1406=CIRCLE('',#3858,0.499999999999997);
#1407=CIRCLE('',#3865,0.5);
#1408=CIRCLE('',#3868,0.499999999999998);
#1409=CIRCLE('',#3870,0.500000000000003);
#1410=CIRCLE('',#3871,1.);
#1411=CIRCLE('',#3872,0.5);
#1412=CIRCLE('',#3878,0.499999999999998);
#1413=CIRCLE('',#3881,0.5);
#1414=CIRCLE('',#3882,0.5);
#1415=CIRCLE('',#3884,0.499999999999998);
#1416=CIRCLE('',#3885,0.5);
#1417=CIRCLE('',#3887,0.5);
#1418=CIRCLE('',#3889,0.5);
#1419=CIRCLE('',#3890,0.5);
#1420=CIRCLE('',#3892,0.5);
#1421=CIRCLE('',#3894,0.499999999999998);
#1422=CIRCLE('',#3895,0.5);
#1423=CIRCLE('',#3897,0.499999999999997);
#1424=CIRCLE('',#3899,0.499999999999997);
#1425=CIRCLE('',#3907,0.5);
#1426=CIRCLE('',#3908,1.);
#1427=CIRCLE('',#3909,0.499999999999998);
#1428=CIRCLE('',#3910,0.5);
#1429=CIRCLE('',#3912,1.);
#1430=CIRCLE('',#3920,0.5);
#1431=CIRCLE('',#3921,0.499999999999998);
#1432=CIRCLE('',#3922,0.5);
#1433=CIRCLE('',#3924,0.5);
#1434=CIRCLE('',#3929,0.5);
#1435=CIRCLE('',#3930,0.5);
#1436=VERTEX_POINT('',#5099);
#1437=VERTEX_POINT('',#5101);
#1438=VERTEX_POINT('',#5104);
#1439=VERTEX_POINT('',#5105);
#1440=VERTEX_POINT('',#5107);
#1441=VERTEX_POINT('',#5109);
#1442=VERTEX_POINT('',#5113);
#1443=VERTEX_POINT('',#5114);
#1444=VERTEX_POINT('',#5124);
#1445=VERTEX_POINT('',#5126);
#1446=VERTEX_POINT('',#5130);
#1447=VERTEX_POINT('',#5134);
#1448=VERTEX_POINT('',#5135);
#1449=VERTEX_POINT('',#5137);
#1450=VERTEX_POINT('',#5170);
#1451=VERTEX_POINT('',#5171);
#1452=VERTEX_POINT('',#5173);
#1453=VERTEX_POINT('',#5180);
#1454=VERTEX_POINT('',#5181);
#1455=VERTEX_POINT('',#5183);
#1456=VERTEX_POINT('',#5185);
#1457=VERTEX_POINT('',#5189);
#1458=VERTEX_POINT('',#5191);
#1459=VERTEX_POINT('',#5195);
#1460=VERTEX_POINT('',#5197);
#1461=VERTEX_POINT('',#5201);
#1462=VERTEX_POINT('',#5202);
#1463=VERTEX_POINT('',#5204);
#1464=VERTEX_POINT('',#5206);
#1465=VERTEX_POINT('',#5210);
#1466=VERTEX_POINT('',#5212);
#1467=VERTEX_POINT('',#5216);
#1468=VERTEX_POINT('',#5217);
#1469=VERTEX_POINT('',#5219);
#1470=VERTEX_POINT('',#5221);
#1471=VERTEX_POINT('',#5228);
#1472=VERTEX_POINT('',#5264);
#1473=VERTEX_POINT('',#5266);
#1474=VERTEX_POINT('',#5270);
#1475=VERTEX_POINT('',#5271);
#1476=VERTEX_POINT('',#5276);
#1477=VERTEX_POINT('',#5277);
#1478=VERTEX_POINT('',#5282);
#1479=VERTEX_POINT('',#5286);
#1480=VERTEX_POINT('',#5288);
#1481=VERTEX_POINT('',#5292);
#1482=VERTEX_POINT('',#5294);
#1483=VERTEX_POINT('',#5298);
#1484=VERTEX_POINT('',#5299);
#1485=VERTEX_POINT('',#5301);
#1486=VERTEX_POINT('',#5303);
#1487=VERTEX_POINT('',#5307);
#1488=VERTEX_POINT('',#5309);
#1489=VERTEX_POINT('',#5311);
#1490=VERTEX_POINT('',#5317);
#1491=VERTEX_POINT('',#5318);
#1492=VERTEX_POINT('',#5320);
#1493=VERTEX_POINT('',#5356);
#1494=VERTEX_POINT('',#5357);
#1495=VERTEX_POINT('',#5359);
#1496=VERTEX_POINT('',#5361);
#1497=VERTEX_POINT('',#5365);
#1498=VERTEX_POINT('',#5366);
#1499=VERTEX_POINT('',#5371);
#1500=VERTEX_POINT('',#5372);
#1501=VERTEX_POINT('',#5374);
#1502=VERTEX_POINT('',#5378);
#1503=VERTEX_POINT('',#5379);
#1504=VERTEX_POINT('',#5384);
#1505=VERTEX_POINT('',#5390);
#1506=VERTEX_POINT('',#5392);
#1507=VERTEX_POINT('',#5395);
#1508=VERTEX_POINT('',#5396);
#1509=VERTEX_POINT('',#5398);
#1510=VERTEX_POINT('',#5400);
#1511=VERTEX_POINT('',#5404);
#1512=VERTEX_POINT('',#5405);
#1513=VERTEX_POINT('',#5415);
#1514=VERTEX_POINT('',#5417);
#1515=VERTEX_POINT('',#5421);
#1516=VERTEX_POINT('',#5425);
#1517=VERTEX_POINT('',#5426);
#1518=VERTEX_POINT('',#5428);
#1519=VERTEX_POINT('',#5464);
#1520=VERTEX_POINT('',#5465);
#1521=VERTEX_POINT('',#5467);
#1522=VERTEX_POINT('',#5477);
#1523=VERTEX_POINT('',#5478);
#1524=VERTEX_POINT('',#5480);
#1525=VERTEX_POINT('',#5482);
#1526=VERTEX_POINT('',#5486);
#1527=VERTEX_POINT('',#5488);
#1528=VERTEX_POINT('',#5492);
#1529=VERTEX_POINT('',#5494);
#1530=VERTEX_POINT('',#5498);
#1531=VERTEX_POINT('',#5499);
#1532=VERTEX_POINT('',#5501);
#1533=VERTEX_POINT('',#5503);
#1534=VERTEX_POINT('',#5507);
#1535=VERTEX_POINT('',#5509);
#1536=VERTEX_POINT('',#5513);
#1537=VERTEX_POINT('',#5514);
#1538=VERTEX_POINT('',#5516);
#1539=VERTEX_POINT('',#5518);
#1540=VERTEX_POINT('',#5525);
#1541=VERTEX_POINT('',#5561);
#1542=VERTEX_POINT('',#5563);
#1543=VERTEX_POINT('',#5567);
#1544=VERTEX_POINT('',#5568);
#1545=VERTEX_POINT('',#5573);
#1546=VERTEX_POINT('',#5574);
#1547=VERTEX_POINT('',#5582);
#1548=VERTEX_POINT('',#5586);
#1549=VERTEX_POINT('',#5590);
#1550=VERTEX_POINT('',#5594);
#1551=VERTEX_POINT('',#5596);
#1552=VERTEX_POINT('',#5600);
#1553=VERTEX_POINT('',#5601);
#1554=VERTEX_POINT('',#5603);
#1555=VERTEX_POINT('',#5605);
#1556=VERTEX_POINT('',#5609);
#1557=VERTEX_POINT('',#5611);
#1558=VERTEX_POINT('',#5613);
#1559=VERTEX_POINT('',#5619);
#1560=VERTEX_POINT('',#5620);
#1561=VERTEX_POINT('',#5623);
#1562=VERTEX_POINT('',#5658);
#1563=VERTEX_POINT('',#5659);
#1564=VERTEX_POINT('',#5661);
#1565=VERTEX_POINT('',#5663);
#1566=VERTEX_POINT('',#5667);
#1567=VERTEX_POINT('',#5668);
#1568=VERTEX_POINT('',#5678);
#1569=VERTEX_POINT('',#5679);
#1570=VERTEX_POINT('',#5681);
#1571=VERTEX_POINT('',#5685);
#1572=VERTEX_POINT('',#5686);
#1573=VERTEX_POINT('',#5696);
#1574=VERTEX_POINT('',#5705);
#1575=VERTEX_POINT('',#5707);
#1576=VERTEX_POINT('',#5710);
#1577=VERTEX_POINT('',#5711);
#1578=VERTEX_POINT('',#5713);
#1579=VERTEX_POINT('',#5715);
#1580=VERTEX_POINT('',#5719);
#1581=VERTEX_POINT('',#5720);
#1582=VERTEX_POINT('',#5730);
#1583=VERTEX_POINT('',#5732);
#1584=VERTEX_POINT('',#5736);
#1585=VERTEX_POINT('',#5740);
#1586=VERTEX_POINT('',#5741);
#1587=VERTEX_POINT('',#5743);
#1588=VERTEX_POINT('',#5779);
#1589=VERTEX_POINT('',#5780);
#1590=VERTEX_POINT('',#5782);
#1591=VERTEX_POINT('',#5793);
#1592=VERTEX_POINT('',#5794);
#1593=VERTEX_POINT('',#5796);
#1594=VERTEX_POINT('',#5798);
#1595=VERTEX_POINT('',#5802);
#1596=VERTEX_POINT('',#5804);
#1597=VERTEX_POINT('',#5808);
#1598=VERTEX_POINT('',#5810);
#1599=VERTEX_POINT('',#5814);
#1600=VERTEX_POINT('',#5815);
#1601=VERTEX_POINT('',#5817);
#1602=VERTEX_POINT('',#5819);
#1603=VERTEX_POINT('',#5823);
#1604=VERTEX_POINT('',#5825);
#1605=VERTEX_POINT('',#5829);
#1606=VERTEX_POINT('',#5830);
#1607=VERTEX_POINT('',#5832);
#1608=VERTEX_POINT('',#5834);
#1609=VERTEX_POINT('',#5844);
#1610=VERTEX_POINT('',#5884);
#1611=VERTEX_POINT('',#5886);
#1612=VERTEX_POINT('',#5890);
#1613=VERTEX_POINT('',#5891);
#1614=VERTEX_POINT('',#5896);
#1615=VERTEX_POINT('',#5897);
#1616=VERTEX_POINT('',#5902);
#1617=VERTEX_POINT('',#5906);
#1618=VERTEX_POINT('',#5908);
#1619=VERTEX_POINT('',#5912);
#1620=VERTEX_POINT('',#5914);
#1621=VERTEX_POINT('',#5918);
#1622=VERTEX_POINT('',#5919);
#1623=VERTEX_POINT('',#5921);
#1624=VERTEX_POINT('',#5923);
#1625=VERTEX_POINT('',#5927);
#1626=VERTEX_POINT('',#5929);
#1627=VERTEX_POINT('',#5931);
#1628=VERTEX_POINT('',#5937);
#1629=VERTEX_POINT('',#5938);
#1630=VERTEX_POINT('',#5941);
#1631=VERTEX_POINT('',#5976);
#1632=VERTEX_POINT('',#5977);
#1633=VERTEX_POINT('',#5979);
#1634=VERTEX_POINT('',#5981);
#1635=VERTEX_POINT('',#5985);
#1636=VERTEX_POINT('',#5986);
#1637=VERTEX_POINT('',#5996);
#1638=VERTEX_POINT('',#5997);
#1639=VERTEX_POINT('',#5999);
#1640=VERTEX_POINT('',#6003);
#1641=VERTEX_POINT('',#6004);
#1642=VERTEX_POINT('',#6012);
#1643=VERTEX_POINT('',#6020);
#1644=VERTEX_POINT('',#6022);
#1645=VERTEX_POINT('',#6025);
#1646=VERTEX_POINT('',#6026);
#1647=VERTEX_POINT('',#6028);
#1648=VERTEX_POINT('',#6030);
#1649=VERTEX_POINT('',#6034);
#1650=VERTEX_POINT('',#6035);
#1651=VERTEX_POINT('',#6045);
#1652=VERTEX_POINT('',#6047);
#1653=VERTEX_POINT('',#6051);
#1654=VERTEX_POINT('',#6055);
#1655=VERTEX_POINT('',#6056);
#1656=VERTEX_POINT('',#6058);
#1657=VERTEX_POINT('',#6097);
#1658=VERTEX_POINT('',#6098);
#1659=VERTEX_POINT('',#6100);
#1660=VERTEX_POINT('',#6114);
#1661=VERTEX_POINT('',#6115);
#1662=VERTEX_POINT('',#6117);
#1663=VERTEX_POINT('',#6119);
#1664=VERTEX_POINT('',#6123);
#1665=VERTEX_POINT('',#6125);
#1666=VERTEX_POINT('',#6129);
#1667=VERTEX_POINT('',#6131);
#1668=VERTEX_POINT('',#6135);
#1669=VERTEX_POINT('',#6136);
#1670=VERTEX_POINT('',#6138);
#1671=VERTEX_POINT('',#6140);
#1672=VERTEX_POINT('',#6144);
#1673=VERTEX_POINT('',#6146);
#1674=VERTEX_POINT('',#6150);
#1675=VERTEX_POINT('',#6151);
#1676=VERTEX_POINT('',#6153);
#1677=VERTEX_POINT('',#6155);
#1678=VERTEX_POINT('',#6165);
#1679=VERTEX_POINT('',#6177);
#1680=VERTEX_POINT('',#6180);
#1681=VERTEX_POINT('',#6182);
#1682=VERTEX_POINT('',#6213);
#1683=VERTEX_POINT('',#6215);
#1684=VERTEX_POINT('',#6219);
#1685=VERTEX_POINT('',#6220);
#1686=VERTEX_POINT('',#6225);
#1687=VERTEX_POINT('',#6226);
#1688=VERTEX_POINT('',#6234);
#1689=VERTEX_POINT('',#6238);
#1690=VERTEX_POINT('',#6242);
#1691=VERTEX_POINT('',#6246);
#1692=VERTEX_POINT('',#6248);
#1693=VERTEX_POINT('',#6252);
#1694=VERTEX_POINT('',#6254);
#1695=VERTEX_POINT('',#6258);
#1696=VERTEX_POINT('',#6260);
#1697=VERTEX_POINT('',#6262);
#1698=VERTEX_POINT('',#6268);
#1699=VERTEX_POINT('',#6269);
#1700=VERTEX_POINT('',#6271);
#1701=VERTEX_POINT('',#6306);
#1702=VERTEX_POINT('',#6307);
#1703=VERTEX_POINT('',#6309);
#1704=VERTEX_POINT('',#6311);
#1705=VERTEX_POINT('',#6315);
#1706=VERTEX_POINT('',#6316);
#1707=VERTEX_POINT('',#6332);
#1708=VERTEX_POINT('',#6336);
#1709=VERTEX_POINT('',#6338);
#1710=VERTEX_POINT('',#6342);
#1711=VERTEX_POINT('',#6343);
#1712=EDGE_CURVE('',#1436,#1436,#1248,.T.);
#1713=EDGE_CURVE('',#1436,#1437,#1249,.T.);
#1714=EDGE_CURVE('',#1438,#1439,#1250,.T.);
#1715=EDGE_CURVE('',#1439,#1440,#147,.T.);
#1716=EDGE_CURVE('',#1440,#1441,#103,.F.);
#1717=EDGE_CURVE('',#1441,#1438,#148,.T.);
#1718=EDGE_CURVE('',#1442,#1443,#87,.F.);
#1719=EDGE_CURVE('',#1443,#1439,#1251,.T.);
#1720=EDGE_CURVE('',#1438,#1442,#1252,.T.);
#1721=EDGE_CURVE('',#1438,#1444,#149,.T.);
#1722=EDGE_CURVE('',#1444,#1445,#1253,.T.);
#1723=EDGE_CURVE('',#1445,#1442,#150,.T.);
#1724=EDGE_CURVE('',#1446,#1441,#151,.T.);
#1725=EDGE_CURVE('',#1444,#1446,#152,.T.);
#1726=EDGE_CURVE('',#1447,#1448,#1254,.F.);
#1727=EDGE_CURVE('',#1449,#1447,#1255,.F.);
#1728=EDGE_CURVE('',#1448,#1449,#1256,.F.);
#1729=EDGE_CURVE('',#1450,#1451,#1257,.T.);
#1730=EDGE_CURVE('',#1451,#1452,#104,.T.);
#1731=EDGE_CURVE('',#1452,#1450,#105,.T.);
#1732=EDGE_CURVE('',#1450,#1447,#153,.T.);
#1733=EDGE_CURVE('',#1448,#1451,#154,.T.);
#1734=EDGE_CURVE('',#1453,#1454,#155,.T.);
#1735=EDGE_CURVE('',#1454,#1455,#1258,.T.);
#1736=EDGE_CURVE('',#1455,#1456,#156,.T.);
#1737=EDGE_CURVE('',#1456,#1453,#106,.T.);
#1738=EDGE_CURVE('',#1457,#1453,#157,.T.);
#1739=EDGE_CURVE('',#1456,#1458,#158,.T.);
#1740=EDGE_CURVE('',#1458,#1457,#107,.T.);
#1741=EDGE_CURVE('',#1458,#1459,#159,.T.);
#1742=EDGE_CURVE('',#1459,#1460,#108,.F.);
#1743=EDGE_CURVE('',#1460,#1457,#160,.T.);
#1744=EDGE_CURVE('',#1461,#1462,#161,.T.);
#1745=EDGE_CURVE('',#1463,#1462,#1259,.T.);
#1746=EDGE_CURVE('',#1463,#1464,#162,.T.);
#1747=EDGE_CURVE('',#1464,#1461,#109,.T.);
#1748=EDGE_CURVE('',#1464,#1465,#163,.T.);
#1749=EDGE_CURVE('',#1465,#1466,#110,.T.);
#1750=EDGE_CURVE('',#1466,#1461,#164,.T.);
#1751=EDGE_CURVE('',#1467,#1468,#1260,.F.);
#1752=EDGE_CURVE('',#1469,#1467,#1261,.T.);
#1753=EDGE_CURVE('',#1469,#1470,#1262,.T.);
#1754=EDGE_CURVE('',#1468,#1470,#1263,.T.);
#1755=EDGE_CURVE('',#1465,#1469,#165,.T.);
#1756=EDGE_CURVE('',#1467,#1466,#166,.T.);
#1757=EDGE_CURVE('',#1471,#1454,#1264,.T.);
#1758=EDGE_CURVE('',#1454,#1467,#167,.T.);
#1759=EDGE_CURVE('',#1468,#1471,#168,.T.);
#1760=EDGE_CURVE('',#1471,#1455,#1265,.T.);
#1761=EDGE_CURVE('',#1457,#1461,#169,.T.);
#1762=EDGE_CURVE('',#1453,#1466,#170,.T.);
#1763=EDGE_CURVE('',#1460,#1462,#171,.T.);
#1764=EDGE_CURVE('',#1472,#1444,#111,.F.);
#1765=EDGE_CURVE('',#1473,#1472,#1266,.T.);
#1766=EDGE_CURVE('',#1473,#1445,#112,.T.);
#1767=EDGE_CURVE('',#1474,#1475,#1267,.T.);
#1768=EDGE_CURVE('',#1475,#1473,#172,.T.);
#1769=EDGE_CURVE('',#1472,#1474,#173,.T.);
#1770=EDGE_CURVE('',#1476,#1477,#1268,.T.);
#1771=EDGE_CURVE('',#1477,#1475,#1269,.T.);
#1772=EDGE_CURVE('',#1474,#1476,#1270,.T.);
#1773=EDGE_CURVE('',#1446,#1478,#113,.F.);
#1774=EDGE_CURVE('',#1478,#1472,#174,.T.);
#1775=EDGE_CURVE('',#1474,#1479,#175,.T.);
#1776=EDGE_CURVE('',#1479,#1480,#1271,.F.);
#1777=EDGE_CURVE('',#1480,#1476,#176,.T.);
#1778=EDGE_CURVE('',#1481,#1478,#177,.T.);
#1779=EDGE_CURVE('',#1482,#1481,#178,.T.);
#1780=EDGE_CURVE('',#1479,#1482,#179,.T.);
#1781=EDGE_CURVE('',#1483,#1484,#1272,.T.);
#1782=EDGE_CURVE('',#1484,#1485,#180,.T.);
#1783=EDGE_CURVE('',#1485,#1486,#1273,.T.);
#1784=EDGE_CURVE('',#1486,#1483,#181,.T.);
#1785=EDGE_CURVE('',#1487,#1485,#1274,.T.);
#1786=EDGE_CURVE('',#1485,#1488,#182,.T.);
#1787=EDGE_CURVE('',#1488,#1489,#1275,.T.);
#1788=EDGE_CURVE('',#1489,#1487,#183,.T.);
#1789=EDGE_CURVE('',#1487,#1486,#1276,.T.);
#1790=EDGE_CURVE('',#1490,#1491,#1277,.T.);
#1791=EDGE_CURVE('',#1491,#1492,#184,.T.);
#1792=EDGE_CURVE('',#1492,#1488,#1278,.T.);
#1793=EDGE_CURVE('',#1488,#1490,#185,.T.);
#1794=EDGE_CURVE('',#1492,#1489,#1279,.T.);
#1795=EDGE_CURVE('',#1481,#1490,#1280,.T.);
#1796=EDGE_CURVE('',#1490,#1484,#186,.T.);
#1797=EDGE_CURVE('',#1484,#1482,#1281,.T.);
#1798=EDGE_CURVE('',#1481,#1491,#1282,.T.);
#1799=EDGE_CURVE('',#1483,#1482,#1283,.T.);
#1800=EDGE_CURVE('',#1492,#1441,#187,.T.);
#1801=EDGE_CURVE('',#1440,#1489,#188,.T.);
#1802=EDGE_CURVE('',#1446,#1491,#189,.T.);
#1803=EDGE_CURVE('',#1487,#1460,#190,.T.);
#1804=EDGE_CURVE('',#1459,#1486,#191,.T.);
#1805=EDGE_CURVE('',#1443,#1463,#192,.T.);
#1806=EDGE_CURVE('',#1493,#1494,#1284,.T.);
#1807=EDGE_CURVE('',#1494,#1495,#1285,.T.);
#1808=EDGE_CURVE('',#1495,#1496,#1286,.T.);
#1809=EDGE_CURVE('',#1496,#1493,#1287,.T.);
#1810=EDGE_CURVE('',#1497,#1498,#1288,.T.);
#1811=EDGE_CURVE('',#1498,#1495,#193,.T.);
#1812=EDGE_CURVE('',#1494,#1497,#194,.T.);
#1813=EDGE_CURVE('',#1499,#1500,#1289,.F.);
#1814=EDGE_CURVE('',#1501,#1499,#1290,.F.);
#1815=EDGE_CURVE('',#1500,#1501,#1291,.F.);
#1816=EDGE_CURVE('',#1502,#1503,#1292,.F.);
#1817=EDGE_CURVE('',#1503,#1501,#195,.T.);
#1818=EDGE_CURVE('',#1499,#1502,#196,.T.);
#1819=EDGE_CURVE('',#1480,#1504,#1293,.F.);
#1820=EDGE_CURVE('',#1504,#1479,#1294,.F.);
#1821=EDGE_CURVE('',#1483,#1504,#197,.T.);
#1822=EDGE_CURVE('',#1505,#1505,#1295,.T.);
#1823=EDGE_CURVE('',#1505,#1506,#1296,.T.);
#1824=EDGE_CURVE('',#1507,#1508,#1297,.T.);
#1825=EDGE_CURVE('',#1509,#1507,#198,.T.);
#1826=EDGE_CURVE('',#1510,#1509,#114,.F.);
#1827=EDGE_CURVE('',#1508,#1510,#199,.T.);
#1828=EDGE_CURVE('',#1511,#1512,#88,.F.);
#1829=EDGE_CURVE('',#1507,#1511,#1298,.T.);
#1830=EDGE_CURVE('',#1512,#1508,#1299,.T.);
#1831=EDGE_CURVE('',#1513,#1511,#200,.T.);
#1832=EDGE_CURVE('',#1514,#1513,#1300,.T.);
#1833=EDGE_CURVE('',#1507,#1514,#201,.T.);
#1834=EDGE_CURVE('',#1514,#1515,#202,.T.);
#1835=EDGE_CURVE('',#1515,#1509,#203,.T.);
#1836=EDGE_CURVE('',#1516,#1517,#1301,.F.);
#1837=EDGE_CURVE('',#1517,#1518,#1302,.F.);
#1838=EDGE_CURVE('',#1518,#1516,#1303,.F.);
#1839=EDGE_CURVE('',#1517,#1448,#204,.T.);
#1840=EDGE_CURVE('',#1518,#1449,#205,.T.);
#1841=EDGE_CURVE('',#1519,#1520,#1304,.T.);
#1842=EDGE_CURVE('',#1521,#1519,#115,.T.);
#1843=EDGE_CURVE('',#1520,#1521,#116,.T.);
#1844=EDGE_CURVE('',#1517,#1520,#206,.T.);
#1845=EDGE_CURVE('',#1519,#1516,#207,.T.);
#1846=EDGE_CURVE('',#1521,#1452,#208,.T.);
#1847=EDGE_CURVE('',#1451,#1520,#209,.T.);
#1848=EDGE_CURVE('',#1522,#1523,#210,.T.);
#1849=EDGE_CURVE('',#1524,#1522,#117,.T.);
#1850=EDGE_CURVE('',#1525,#1524,#211,.T.);
#1851=EDGE_CURVE('',#1523,#1525,#1305,.T.);
#1852=EDGE_CURVE('',#1526,#1522,#212,.T.);
#1853=EDGE_CURVE('',#1527,#1526,#118,.T.);
#1854=EDGE_CURVE('',#1524,#1527,#213,.T.);
#1855=EDGE_CURVE('',#1527,#1528,#214,.T.);
#1856=EDGE_CURVE('',#1529,#1526,#215,.T.);
#1857=EDGE_CURVE('',#1528,#1529,#119,.F.);
#1858=EDGE_CURVE('',#1530,#1531,#216,.T.);
#1859=EDGE_CURVE('',#1532,#1530,#120,.T.);
#1860=EDGE_CURVE('',#1533,#1532,#217,.T.);
#1861=EDGE_CURVE('',#1533,#1531,#1306,.T.);
#1862=EDGE_CURVE('',#1532,#1534,#218,.T.);
#1863=EDGE_CURVE('',#1535,#1530,#219,.T.);
#1864=EDGE_CURVE('',#1534,#1535,#121,.T.);
#1865=EDGE_CURVE('',#1536,#1537,#1307,.F.);
#1866=EDGE_CURVE('',#1537,#1538,#1308,.T.);
#1867=EDGE_CURVE('',#1539,#1538,#1309,.T.);
#1868=EDGE_CURVE('',#1539,#1536,#1310,.T.);
#1869=EDGE_CURVE('',#1534,#1539,#220,.T.);
#1870=EDGE_CURVE('',#1536,#1535,#221,.T.);
#1871=EDGE_CURVE('',#1540,#1523,#1311,.T.);
#1872=EDGE_CURVE('',#1537,#1540,#222,.T.);
#1873=EDGE_CURVE('',#1523,#1536,#223,.T.);
#1874=EDGE_CURVE('',#1540,#1525,#1312,.T.);
#1875=EDGE_CURVE('',#1522,#1535,#224,.T.);
#1876=EDGE_CURVE('',#1526,#1530,#225,.T.);
#1877=EDGE_CURVE('',#1529,#1531,#226,.T.);
#1878=EDGE_CURVE('',#1541,#1514,#122,.F.);
#1879=EDGE_CURVE('',#1542,#1513,#123,.T.);
#1880=EDGE_CURVE('',#1542,#1541,#1313,.T.);
#1881=EDGE_CURVE('',#1543,#1544,#1314,.T.);
#1882=EDGE_CURVE('',#1541,#1543,#227,.T.);
#1883=EDGE_CURVE('',#1544,#1542,#228,.T.);
#1884=EDGE_CURVE('',#1545,#1546,#1315,.T.);
#1885=EDGE_CURVE('',#1543,#1545,#1316,.T.);
#1886=EDGE_CURVE('',#1546,#1544,#1317,.T.);
#1887=EDGE_CURVE('',#1546,#1477,#229,.T.);
#1888=EDGE_CURVE('',#1545,#1476,#230,.T.);
#1889=EDGE_CURVE('',#1515,#1547,#124,.F.);
#1890=EDGE_CURVE('',#1547,#1541,#231,.T.);
#1891=EDGE_CURVE('',#1480,#1548,#232,.T.);
#1892=EDGE_CURVE('',#1548,#1545,#233,.T.);
#1893=EDGE_CURVE('',#1549,#1548,#1318,.F.);
#1894=EDGE_CURVE('',#1543,#1549,#234,.T.);
#1895=EDGE_CURVE('',#1549,#1550,#235,.T.);
#1896=EDGE_CURVE('',#1550,#1551,#236,.T.);
#1897=EDGE_CURVE('',#1551,#1547,#237,.T.);
#1898=EDGE_CURVE('',#1552,#1553,#1319,.T.);
#1899=EDGE_CURVE('',#1554,#1552,#238,.T.);
#1900=EDGE_CURVE('',#1555,#1554,#1320,.T.);
#1901=EDGE_CURVE('',#1553,#1555,#239,.T.);
#1902=EDGE_CURVE('',#1556,#1555,#1321,.T.);
#1903=EDGE_CURVE('',#1557,#1556,#240,.T.);
#1904=EDGE_CURVE('',#1558,#1557,#1322,.T.);
#1905=EDGE_CURVE('',#1555,#1558,#241,.T.);
#1906=EDGE_CURVE('',#1556,#1554,#1323,.T.);
#1907=EDGE_CURVE('',#1559,#1560,#1324,.T.);
#1908=EDGE_CURVE('',#1558,#1559,#242,.T.);
#1909=EDGE_CURVE('',#1561,#1558,#1325,.T.);
#1910=EDGE_CURVE('',#1560,#1561,#243,.T.);
#1911=EDGE_CURVE('',#1561,#1557,#1326,.T.);
#1912=EDGE_CURVE('',#1551,#1559,#1327,.T.);
#1913=EDGE_CURVE('',#1553,#1550,#1328,.T.);
#1914=EDGE_CURVE('',#1559,#1553,#244,.T.);
#1915=EDGE_CURVE('',#1551,#1560,#1329,.T.);
#1916=EDGE_CURVE('',#1552,#1550,#1330,.T.);
#1917=EDGE_CURVE('',#1510,#1557,#245,.T.);
#1918=EDGE_CURVE('',#1561,#1509,#246,.T.);
#1919=EDGE_CURVE('',#1515,#1560,#247,.T.);
#1920=EDGE_CURVE('',#1528,#1554,#248,.T.);
#1921=EDGE_CURVE('',#1556,#1529,#249,.T.);
#1922=EDGE_CURVE('',#1512,#1533,#250,.T.);
#1923=EDGE_CURVE('',#1562,#1563,#1331,.T.);
#1924=EDGE_CURVE('',#1564,#1562,#1332,.T.);
#1925=EDGE_CURVE('',#1565,#1564,#1333,.T.);
#1926=EDGE_CURVE('',#1563,#1565,#1334,.T.);
#1927=EDGE_CURVE('',#1566,#1567,#1335,.T.);
#1928=EDGE_CURVE('',#1563,#1566,#251,.T.);
#1929=EDGE_CURVE('',#1567,#1565,#252,.T.);
#1930=EDGE_CURVE('',#1497,#1566,#253,.T.);
#1931=EDGE_CURVE('',#1494,#1563,#254,.T.);
#1932=EDGE_CURVE('',#1493,#1562,#255,.T.);
#1933=EDGE_CURVE('',#1568,#1569,#1336,.F.);
#1934=EDGE_CURVE('',#1569,#1570,#1337,.F.);
#1935=EDGE_CURVE('',#1570,#1568,#1338,.F.);
#1936=EDGE_CURVE('',#1571,#1572,#1339,.F.);
#1937=EDGE_CURVE('',#1568,#1571,#256,.T.);
#1938=EDGE_CURVE('',#1572,#1570,#257,.T.);
#1939=EDGE_CURVE('',#1499,#1568,#258,.T.);
#1940=EDGE_CURVE('',#1500,#1569,#259,.T.);
#1941=EDGE_CURVE('',#1502,#1571,#260,.T.);
#1942=EDGE_CURVE('',#1548,#1573,#1340,.F.);
#1943=EDGE_CURVE('',#1573,#1549,#1341,.F.);
#1944=EDGE_CURVE('',#1552,#1573,#261,.T.);
#1945=EDGE_CURVE('',#1573,#1504,#262,.T.);
#1946=EDGE_CURVE('',#1574,#1574,#1342,.T.);
#1947=EDGE_CURVE('',#1574,#1575,#1343,.T.);
#1948=EDGE_CURVE('',#1576,#1577,#1344,.T.);
#1949=EDGE_CURVE('',#1578,#1576,#263,.T.);
#1950=EDGE_CURVE('',#1579,#1578,#125,.F.);
#1951=EDGE_CURVE('',#1577,#1579,#264,.T.);
#1952=EDGE_CURVE('',#1580,#1581,#89,.F.);
#1953=EDGE_CURVE('',#1576,#1580,#1345,.T.);
#1954=EDGE_CURVE('',#1581,#1577,#1346,.T.);
#1955=EDGE_CURVE('',#1582,#1580,#265,.T.);
#1956=EDGE_CURVE('',#1583,#1582,#1347,.T.);
#1957=EDGE_CURVE('',#1576,#1583,#266,.T.);
#1958=EDGE_CURVE('',#1583,#1584,#267,.T.);
#1959=EDGE_CURVE('',#1584,#1578,#268,.T.);
#1960=EDGE_CURVE('',#1585,#1586,#1348,.F.);
#1961=EDGE_CURVE('',#1586,#1587,#1349,.F.);
#1962=EDGE_CURVE('',#1587,#1585,#1350,.F.);
#1963=EDGE_CURVE('',#1447,#1585,#269,.T.);
#1964=EDGE_CURVE('',#1449,#1587,#270,.T.);
#1965=EDGE_CURVE('',#1588,#1589,#1351,.T.);
#1966=EDGE_CURVE('',#1590,#1588,#126,.T.);
#1967=EDGE_CURVE('',#1589,#1590,#127,.T.);
#1968=EDGE_CURVE('',#1586,#1589,#271,.T.);
#1969=EDGE_CURVE('',#1588,#1585,#272,.T.);
#1970=EDGE_CURVE('',#1450,#1588,#273,.T.);
#1971=EDGE_CURVE('',#1590,#1452,#274,.T.);
#1972=EDGE_CURVE('',#1591,#1592,#275,.T.);
#1973=EDGE_CURVE('',#1593,#1591,#128,.T.);
#1974=EDGE_CURVE('',#1594,#1593,#276,.T.);
#1975=EDGE_CURVE('',#1592,#1594,#1352,.T.);
#1976=EDGE_CURVE('',#1595,#1591,#277,.T.);
#1977=EDGE_CURVE('',#1596,#1595,#129,.T.);
#1978=EDGE_CURVE('',#1593,#1596,#278,.T.);
#1979=EDGE_CURVE('',#1596,#1597,#279,.T.);
#1980=EDGE_CURVE('',#1598,#1595,#280,.T.);
#1981=EDGE_CURVE('',#1597,#1598,#130,.F.);
#1982=EDGE_CURVE('',#1599,#1600,#281,.T.);
#1983=EDGE_CURVE('',#1601,#1599,#131,.T.);
#1984=EDGE_CURVE('',#1602,#1601,#282,.T.);
#1985=EDGE_CURVE('',#1602,#1600,#1353,.T.);
#1986=EDGE_CURVE('',#1601,#1603,#283,.T.);
#1987=EDGE_CURVE('',#1604,#1599,#284,.T.);
#1988=EDGE_CURVE('',#1603,#1604,#132,.T.);
#1989=EDGE_CURVE('',#1605,#1606,#1354,.F.);
#1990=EDGE_CURVE('',#1606,#1607,#1355,.T.);
#1991=EDGE_CURVE('',#1608,#1607,#1356,.T.);
#1992=EDGE_CURVE('',#1608,#1605,#1357,.T.);
#1993=EDGE_CURVE('',#1603,#1608,#285,.T.);
#1994=EDGE_CURVE('',#1605,#1604,#286,.T.);
#1995=EDGE_CURVE('',#1470,#1607,#287,.T.);
#1996=EDGE_CURVE('',#1468,#1606,#288,.T.);
#1997=EDGE_CURVE('',#1609,#1592,#1358,.T.);
#1998=EDGE_CURVE('',#1606,#1609,#289,.T.);
#1999=EDGE_CURVE('',#1592,#1605,#290,.T.);
#2000=EDGE_CURVE('',#1609,#1594,#1359,.T.);
#2001=EDGE_CURVE('',#1591,#1604,#291,.T.);
#2002=EDGE_CURVE('',#1595,#1599,#292,.T.);
#2003=EDGE_CURVE('',#1598,#1600,#293,.T.);
#2004=EDGE_CURVE('',#1455,#1594,#294,.T.);
#2005=EDGE_CURVE('',#1609,#1471,#295,.T.);
#2006=EDGE_CURVE('',#1610,#1583,#133,.F.);
#2007=EDGE_CURVE('',#1611,#1582,#134,.T.);
#2008=EDGE_CURVE('',#1611,#1610,#1360,.T.);
#2009=EDGE_CURVE('',#1612,#1613,#1361,.T.);
#2010=EDGE_CURVE('',#1610,#1612,#296,.T.);
#2011=EDGE_CURVE('',#1613,#1611,#297,.T.);
#2012=EDGE_CURVE('',#1614,#1615,#1362,.T.);
#2013=EDGE_CURVE('',#1612,#1614,#1363,.T.);
#2014=EDGE_CURVE('',#1615,#1613,#1364,.T.);
#2015=EDGE_CURVE('',#1584,#1616,#135,.F.);
#2016=EDGE_CURVE('',#1616,#1610,#298,.T.);
#2017=EDGE_CURVE('',#1617,#1614,#299,.T.);
#2018=EDGE_CURVE('',#1618,#1617,#1365,.F.);
#2019=EDGE_CURVE('',#1612,#1618,#300,.T.);
#2020=EDGE_CURVE('',#1618,#1619,#301,.T.);
#2021=EDGE_CURVE('',#1619,#1620,#302,.T.);
#2022=EDGE_CURVE('',#1620,#1616,#303,.T.);
#2023=EDGE_CURVE('',#1621,#1622,#1366,.T.);
#2024=EDGE_CURVE('',#1623,#1621,#304,.T.);
#2025=EDGE_CURVE('',#1624,#1623,#1367,.T.);
#2026=EDGE_CURVE('',#1622,#1624,#305,.T.);
#2027=EDGE_CURVE('',#1625,#1624,#1368,.T.);
#2028=EDGE_CURVE('',#1626,#1625,#306,.T.);
#2029=EDGE_CURVE('',#1627,#1626,#1369,.T.);
#2030=EDGE_CURVE('',#1624,#1627,#307,.T.);
#2031=EDGE_CURVE('',#1625,#1623,#1370,.T.);
#2032=EDGE_CURVE('',#1628,#1629,#1371,.T.);
#2033=EDGE_CURVE('',#1627,#1628,#308,.T.);
#2034=EDGE_CURVE('',#1630,#1627,#1372,.T.);
#2035=EDGE_CURVE('',#1629,#1630,#309,.T.);
#2036=EDGE_CURVE('',#1630,#1626,#1373,.T.);
#2037=EDGE_CURVE('',#1620,#1628,#1374,.T.);
#2038=EDGE_CURVE('',#1622,#1619,#1375,.T.);
#2039=EDGE_CURVE('',#1628,#1622,#310,.T.);
#2040=EDGE_CURVE('',#1620,#1629,#1376,.T.);
#2041=EDGE_CURVE('',#1621,#1619,#1377,.T.);
#2042=EDGE_CURVE('',#1579,#1626,#311,.T.);
#2043=EDGE_CURVE('',#1630,#1578,#312,.T.);
#2044=EDGE_CURVE('',#1584,#1629,#313,.T.);
#2045=EDGE_CURVE('',#1597,#1623,#314,.T.);
#2046=EDGE_CURVE('',#1625,#1598,#315,.T.);
#2047=EDGE_CURVE('',#1581,#1602,#316,.T.);
#2048=EDGE_CURVE('',#1631,#1632,#1378,.T.);
#2049=EDGE_CURVE('',#1633,#1631,#1379,.T.);
#2050=EDGE_CURVE('',#1634,#1633,#1380,.T.);
#2051=EDGE_CURVE('',#1632,#1634,#1381,.T.);
#2052=EDGE_CURVE('',#1635,#1636,#1382,.T.);
#2053=EDGE_CURVE('',#1632,#1635,#317,.T.);
#2054=EDGE_CURVE('',#1636,#1634,#318,.T.);
#2055=EDGE_CURVE('',#1496,#1633,#319,.T.);
#2056=EDGE_CURVE('',#1634,#1495,#320,.T.);
#2057=EDGE_CURVE('',#1636,#1498,#321,.T.);
#2058=EDGE_CURVE('',#1637,#1638,#1383,.F.);
#2059=EDGE_CURVE('',#1638,#1639,#1384,.F.);
#2060=EDGE_CURVE('',#1639,#1637,#1385,.F.);
#2061=EDGE_CURVE('',#1640,#1641,#1386,.F.);
#2062=EDGE_CURVE('',#1637,#1640,#322,.T.);
#2063=EDGE_CURVE('',#1641,#1639,#323,.T.);
#2064=EDGE_CURVE('',#1639,#1501,#324,.T.);
#2065=EDGE_CURVE('',#1500,#1638,#325,.T.);
#2066=EDGE_CURVE('',#1617,#1642,#1387,.F.);
#2067=EDGE_CURVE('',#1642,#1618,#1388,.F.);
#2068=EDGE_CURVE('',#1621,#1642,#326,.T.);
#2069=EDGE_CURVE('',#1641,#1503,#327,.T.);
#2070=EDGE_CURVE('',#1643,#1643,#1389,.T.);
#2071=EDGE_CURVE('',#1643,#1644,#1390,.T.);
#2072=EDGE_CURVE('',#1645,#1646,#1391,.T.);
#2073=EDGE_CURVE('',#1646,#1647,#328,.T.);
#2074=EDGE_CURVE('',#1647,#1648,#136,.F.);
#2075=EDGE_CURVE('',#1648,#1645,#329,.T.);
#2076=EDGE_CURVE('',#1649,#1650,#90,.F.);
#2077=EDGE_CURVE('',#1650,#1646,#1392,.T.);
#2078=EDGE_CURVE('',#1645,#1649,#1393,.T.);
#2079=EDGE_CURVE('',#1645,#1651,#330,.T.);
#2080=EDGE_CURVE('',#1651,#1652,#1394,.T.);
#2081=EDGE_CURVE('',#1652,#1649,#331,.T.);
#2082=EDGE_CURVE('',#1653,#1648,#332,.T.);
#2083=EDGE_CURVE('',#1651,#1653,#333,.T.);
#2084=EDGE_CURVE('',#1654,#1655,#1395,.F.);
#2085=EDGE_CURVE('',#1656,#1654,#1396,.F.);
#2086=EDGE_CURVE('',#1655,#1656,#1397,.F.);
#2087=EDGE_CURVE('',#1656,#1518,#334,.T.);
#2088=EDGE_CURVE('',#1654,#1516,#335,.T.);
#2089=EDGE_CURVE('',#1655,#1586,#336,.T.);
#2090=EDGE_CURVE('',#1656,#1587,#337,.T.);
#2091=EDGE_CURVE('',#1657,#1658,#1398,.T.);
#2092=EDGE_CURVE('',#1658,#1659,#137,.T.);
#2093=EDGE_CURVE('',#1659,#1657,#138,.T.);
#2094=EDGE_CURVE('',#1657,#1654,#338,.T.);
#2095=EDGE_CURVE('',#1655,#1658,#339,.T.);
#2096=EDGE_CURVE('',#1519,#1657,#340,.T.);
#2097=EDGE_CURVE('',#1659,#1521,#341,.T.);
#2098=EDGE_CURVE('',#1589,#1658,#342,.T.);
#2099=EDGE_CURVE('',#1659,#1590,#343,.T.);
#2100=EDGE_CURVE('',#1660,#1661,#344,.T.);
#2101=EDGE_CURVE('',#1661,#1662,#1399,.T.);
#2102=EDGE_CURVE('',#1662,#1663,#345,.T.);
#2103=EDGE_CURVE('',#1663,#1660,#139,.T.);
#2104=EDGE_CURVE('',#1664,#1660,#346,.T.);
#2105=EDGE_CURVE('',#1663,#1665,#347,.T.);
#2106=EDGE_CURVE('',#1665,#1664,#140,.T.);
#2107=EDGE_CURVE('',#1665,#1666,#348,.T.);
#2108=EDGE_CURVE('',#1666,#1667,#141,.F.);
#2109=EDGE_CURVE('',#1667,#1664,#349,.T.);
#2110=EDGE_CURVE('',#1668,#1669,#350,.T.);
#2111=EDGE_CURVE('',#1670,#1669,#1400,.T.);
#2112=EDGE_CURVE('',#1670,#1671,#351,.T.);
#2113=EDGE_CURVE('',#1671,#1668,#142,.T.);
#2114=EDGE_CURVE('',#1671,#1672,#352,.T.);
#2115=EDGE_CURVE('',#1672,#1673,#143,.T.);
#2116=EDGE_CURVE('',#1673,#1668,#353,.T.);
#2117=EDGE_CURVE('',#1674,#1675,#1401,.F.);
#2118=EDGE_CURVE('',#1676,#1674,#1402,.T.);
#2119=EDGE_CURVE('',#1676,#1677,#1403,.T.);
#2120=EDGE_CURVE('',#1675,#1677,#1404,.T.);
#2121=EDGE_CURVE('',#1672,#1676,#354,.T.);
#2122=EDGE_CURVE('',#1674,#1673,#355,.T.);
#2123=EDGE_CURVE('',#1675,#1537,#356,.T.);
#2124=EDGE_CURVE('',#1677,#1538,#357,.T.);
#2125=EDGE_CURVE('',#1678,#1661,#1405,.T.);
#2126=EDGE_CURVE('',#1661,#1674,#358,.T.);
#2127=EDGE_CURVE('',#1675,#1678,#359,.T.);
#2128=EDGE_CURVE('',#1678,#1662,#1406,.T.);
#2129=EDGE_CURVE('',#1664,#1668,#360,.T.);
#2130=EDGE_CURVE('',#1660,#1673,#361,.T.);
#2131=EDGE_CURVE('',#1667,#1669,#362,.T.);
#2132=EDGE_CURVE('',#1666,#1679,#363,.T.);
#2133=EDGE_CURVE('',#1662,#1525,#364,.T.);
#2134=EDGE_CURVE('',#1680,#1642,#365,.T.);
#2135=EDGE_CURVE('',#1681,#1680,#366,.T.);
#2136=EDGE_CURVE('',#1679,#1681,#367,.T.);
#2137=EDGE_CURVE('',#1540,#1678,#368,.T.);
#2138=EDGE_CURVE('',#1682,#1651,#144,.F.);
#2139=EDGE_CURVE('',#1683,#1682,#1407,.T.);
#2140=EDGE_CURVE('',#1683,#1652,#145,.T.);
#2141=EDGE_CURVE('',#1684,#1685,#1408,.T.);
#2142=EDGE_CURVE('',#1685,#1683,#369,.T.);
#2143=EDGE_CURVE('',#1682,#1684,#370,.T.);
#2144=EDGE_CURVE('',#1686,#1687,#1409,.T.);
#2145=EDGE_CURVE('',#1687,#1685,#1410,.T.);
#2146=EDGE_CURVE('',#1684,#1686,#1411,.T.);
#2147=EDGE_CURVE('',#1687,#1615,#371,.T.);
#2148=EDGE_CURVE('',#1686,#1614,#372,.T.);
#2149=EDGE_CURVE('',#1653,#1688,#146,.F.);
#2150=EDGE_CURVE('',#1688,#1682,#373,.T.);
#2151=EDGE_CURVE('',#1689,#1686,#374,.T.);
#2152=EDGE_CURVE('',#1617,#1689,#375,.T.);
#2153=EDGE_CURVE('',#1684,#1690,#376,.T.);
#2154=EDGE_CURVE('',#1690,#1689,#1412,.F.);
#2155=EDGE_CURVE('',#1691,#1688,#377,.T.);
#2156=EDGE_CURVE('',#1692,#1691,#378,.T.);
#2157=EDGE_CURVE('',#1690,#1692,#379,.T.);
#2158=EDGE_CURVE('',#1681,#1693,#1413,.T.);
#2159=EDGE_CURVE('',#1693,#1694,#380,.T.);
#2160=EDGE_CURVE('',#1694,#1679,#1414,.T.);
#2161=EDGE_CURVE('',#1695,#1694,#1415,.T.);
#2162=EDGE_CURVE('',#1694,#1696,#381,.T.);
#2163=EDGE_CURVE('',#1696,#1697,#1416,.T.);
#2164=EDGE_CURVE('',#1697,#1695,#382,.T.);
#2165=EDGE_CURVE('',#1695,#1679,#1417,.T.);
#2166=EDGE_CURVE('',#1698,#1699,#1418,.T.);
#2167=EDGE_CURVE('',#1699,#1700,#383,.T.);
#2168=EDGE_CURVE('',#1700,#1696,#1419,.T.);
#2169=EDGE_CURVE('',#1696,#1698,#384,.T.);
#2170=EDGE_CURVE('',#1700,#1697,#1420,.T.);
#2171=EDGE_CURVE('',#1691,#1698,#1421,.T.);
#2172=EDGE_CURVE('',#1698,#1693,#385,.T.);
#2173=EDGE_CURVE('',#1693,#1692,#1422,.T.);
#2174=EDGE_CURVE('',#1691,#1699,#1423,.T.);
#2175=EDGE_CURVE('',#1681,#1692,#1424,.T.);
#2176=EDGE_CURVE('',#1700,#1648,#386,.T.);
#2177=EDGE_CURVE('',#1647,#1697,#387,.T.);
#2178=EDGE_CURVE('',#1653,#1699,#388,.T.);
#2179=EDGE_CURVE('',#1695,#1667,#389,.T.);
#2180=EDGE_CURVE('',#1650,#1670,#390,.T.);
#2181=EDGE_CURVE('',#1701,#1702,#1425,.T.);
#2182=EDGE_CURVE('',#1702,#1703,#1426,.T.);
#2183=EDGE_CURVE('',#1703,#1704,#1427,.T.);
#2184=EDGE_CURVE('',#1704,#1701,#1428,.T.);
#2185=EDGE_CURVE('',#1705,#1706,#1429,.T.);
#2186=EDGE_CURVE('',#1706,#1703,#391,.T.);
#2187=EDGE_CURVE('',#1702,#1705,#392,.T.);
#2188=EDGE_CURVE('',#1635,#1705,#393,.T.);
#2189=EDGE_CURVE('',#1706,#1567,#394,.T.);
#2190=EDGE_CURVE('',#1632,#1702,#395,.T.);
#2191=EDGE_CURVE('',#1631,#1701,#396,.T.);
#2192=EDGE_CURVE('',#1703,#1565,#397,.T.);
#2193=EDGE_CURVE('',#1704,#1564,#398,.T.);
#2194=EDGE_CURVE('',#1638,#1707,#399,.T.);
#2195=EDGE_CURVE('',#1707,#1569,#400,.T.);
#2196=EDGE_CURVE('',#1708,#1707,#1430,.F.);
#2197=EDGE_CURVE('',#1709,#1708,#1431,.F.);
#2198=EDGE_CURVE('',#1707,#1709,#1432,.F.);
#2199=EDGE_CURVE('',#1710,#1711,#1433,.F.);
#2200=EDGE_CURVE('',#1711,#1709,#401,.T.);
#2201=EDGE_CURVE('',#1708,#1710,#402,.T.);
#2202=EDGE_CURVE('',#1570,#1709,#403,.T.);
#2203=EDGE_CURVE('',#1637,#1708,#404,.T.);
#2204=EDGE_CURVE('',#1640,#1710,#405,.T.);
#2205=EDGE_CURVE('',#1689,#1680,#1434,.F.);
#2206=EDGE_CURVE('',#1680,#1690,#1435,.F.);
#2207=EDGE_CURVE('',#1572,#1711,#406,.T.);
#2208=ORIENTED_EDGE('',*,*,#1712,.F.);
#2209=ORIENTED_EDGE('',*,*,#1713,.T.);
#2210=ORIENTED_EDGE('',*,*,#1713,.F.);
#2211=ORIENTED_EDGE('',*,*,#1714,.T.);
#2212=ORIENTED_EDGE('',*,*,#1715,.T.);
#2213=ORIENTED_EDGE('',*,*,#1716,.T.);
#2214=ORIENTED_EDGE('',*,*,#1717,.T.);
#2215=ORIENTED_EDGE('',*,*,#1718,.T.);
#2216=ORIENTED_EDGE('',*,*,#1719,.T.);
#2217=ORIENTED_EDGE('',*,*,#1714,.F.);
#2218=ORIENTED_EDGE('',*,*,#1720,.T.);
#2219=ORIENTED_EDGE('',*,*,#1720,.F.);
#2220=ORIENTED_EDGE('',*,*,#1721,.T.);
#2221=ORIENTED_EDGE('',*,*,#1722,.T.);
#2222=ORIENTED_EDGE('',*,*,#1723,.T.);
#2223=ORIENTED_EDGE('',*,*,#1717,.F.);
#2224=ORIENTED_EDGE('',*,*,#1724,.F.);
#2225=ORIENTED_EDGE('',*,*,#1725,.F.);
#2226=ORIENTED_EDGE('',*,*,#1721,.F.);
#2227=ORIENTED_EDGE('',*,*,#1726,.F.);
#2228=ORIENTED_EDGE('',*,*,#1727,.F.);
#2229=ORIENTED_EDGE('',*,*,#1728,.F.);
#2230=ORIENTED_EDGE('',*,*,#1729,.T.);
#2231=ORIENTED_EDGE('',*,*,#1730,.T.);
#2232=ORIENTED_EDGE('',*,*,#1731,.T.);
#2233=ORIENTED_EDGE('',*,*,#1729,.F.);
#2234=ORIENTED_EDGE('',*,*,#1732,.T.);
#2235=ORIENTED_EDGE('',*,*,#1726,.T.);
#2236=ORIENTED_EDGE('',*,*,#1733,.T.);
#2237=ORIENTED_EDGE('',*,*,#1734,.T.);
#2238=ORIENTED_EDGE('',*,*,#1735,.T.);
#2239=ORIENTED_EDGE('',*,*,#1736,.T.);
#2240=ORIENTED_EDGE('',*,*,#1737,.T.);
#2241=ORIENTED_EDGE('',*,*,#1738,.T.);
#2242=ORIENTED_EDGE('',*,*,#1737,.F.);
#2243=ORIENTED_EDGE('',*,*,#1739,.T.);
#2244=ORIENTED_EDGE('',*,*,#1740,.T.);
#2245=ORIENTED_EDGE('',*,*,#1741,.T.);
#2246=ORIENTED_EDGE('',*,*,#1742,.T.);
#2247=ORIENTED_EDGE('',*,*,#1743,.T.);
#2248=ORIENTED_EDGE('',*,*,#1740,.F.);
#2249=ORIENTED_EDGE('',*,*,#1744,.T.);
#2250=ORIENTED_EDGE('',*,*,#1745,.F.);
#2251=ORIENTED_EDGE('',*,*,#1746,.T.);
#2252=ORIENTED_EDGE('',*,*,#1747,.T.);
#2253=ORIENTED_EDGE('',*,*,#1748,.T.);
#2254=ORIENTED_EDGE('',*,*,#1749,.T.);
#2255=ORIENTED_EDGE('',*,*,#1750,.T.);
#2256=ORIENTED_EDGE('',*,*,#1747,.F.);
#2257=ORIENTED_EDGE('',*,*,#1751,.F.);
#2258=ORIENTED_EDGE('',*,*,#1752,.F.);
#2259=ORIENTED_EDGE('',*,*,#1753,.T.);
#2260=ORIENTED_EDGE('',*,*,#1754,.F.);
#2261=ORIENTED_EDGE('',*,*,#1755,.T.);
#2262=ORIENTED_EDGE('',*,*,#1752,.T.);
#2263=ORIENTED_EDGE('',*,*,#1756,.T.);
#2264=ORIENTED_EDGE('',*,*,#1749,.F.);
#2265=ORIENTED_EDGE('',*,*,#1757,.T.);
#2266=ORIENTED_EDGE('',*,*,#1758,.T.);
#2267=ORIENTED_EDGE('',*,*,#1751,.T.);
#2268=ORIENTED_EDGE('',*,*,#1759,.T.);
#2269=ORIENTED_EDGE('',*,*,#1757,.F.);
#2270=ORIENTED_EDGE('',*,*,#1760,.T.);
#2271=ORIENTED_EDGE('',*,*,#1735,.F.);
#2272=ORIENTED_EDGE('',*,*,#1738,.F.);
#2273=ORIENTED_EDGE('',*,*,#1761,.T.);
#2274=ORIENTED_EDGE('',*,*,#1750,.F.);
#2275=ORIENTED_EDGE('',*,*,#1762,.F.);
#2276=ORIENTED_EDGE('',*,*,#1743,.F.);
#2277=ORIENTED_EDGE('',*,*,#1763,.T.);
#2278=ORIENTED_EDGE('',*,*,#1744,.F.);
#2279=ORIENTED_EDGE('',*,*,#1761,.F.);
#2280=ORIENTED_EDGE('',*,*,#1764,.F.);
#2281=ORIENTED_EDGE('',*,*,#1765,.F.);
#2282=ORIENTED_EDGE('',*,*,#1766,.T.);
#2283=ORIENTED_EDGE('',*,*,#1722,.F.);
#2284=ORIENTED_EDGE('',*,*,#1767,.T.);
#2285=ORIENTED_EDGE('',*,*,#1768,.T.);
#2286=ORIENTED_EDGE('',*,*,#1765,.T.);
#2287=ORIENTED_EDGE('',*,*,#1769,.T.);
#2288=ORIENTED_EDGE('',*,*,#1770,.T.);
#2289=ORIENTED_EDGE('',*,*,#1771,.T.);
#2290=ORIENTED_EDGE('',*,*,#1767,.F.);
#2291=ORIENTED_EDGE('',*,*,#1772,.T.);
#2292=ORIENTED_EDGE('',*,*,#1773,.T.);
#2293=ORIENTED_EDGE('',*,*,#1774,.T.);
#2294=ORIENTED_EDGE('',*,*,#1764,.T.);
#2295=ORIENTED_EDGE('',*,*,#1725,.T.);
#2296=ORIENTED_EDGE('',*,*,#1772,.F.);
#2297=ORIENTED_EDGE('',*,*,#1775,.T.);
#2298=ORIENTED_EDGE('',*,*,#1776,.T.);
#2299=ORIENTED_EDGE('',*,*,#1777,.T.);
#2300=ORIENTED_EDGE('',*,*,#1769,.F.);
#2301=ORIENTED_EDGE('',*,*,#1774,.F.);
#2302=ORIENTED_EDGE('',*,*,#1778,.F.);
#2303=ORIENTED_EDGE('',*,*,#1779,.F.);
#2304=ORIENTED_EDGE('',*,*,#1780,.F.);
#2305=ORIENTED_EDGE('',*,*,#1775,.F.);
#2306=ORIENTED_EDGE('',*,*,#1712,.T.);
#2307=ORIENTED_EDGE('',*,*,#1781,.T.);
#2308=ORIENTED_EDGE('',*,*,#1782,.T.);
#2309=ORIENTED_EDGE('',*,*,#1783,.T.);
#2310=ORIENTED_EDGE('',*,*,#1784,.T.);
#2311=ORIENTED_EDGE('',*,*,#1785,.T.);
#2312=ORIENTED_EDGE('',*,*,#1786,.T.);
#2313=ORIENTED_EDGE('',*,*,#1787,.T.);
#2314=ORIENTED_EDGE('',*,*,#1788,.T.);
#2315=ORIENTED_EDGE('',*,*,#1785,.F.);
#2316=ORIENTED_EDGE('',*,*,#1789,.T.);
#2317=ORIENTED_EDGE('',*,*,#1783,.F.);
#2318=ORIENTED_EDGE('',*,*,#1790,.T.);
#2319=ORIENTED_EDGE('',*,*,#1791,.T.);
#2320=ORIENTED_EDGE('',*,*,#1792,.T.);
#2321=ORIENTED_EDGE('',*,*,#1793,.T.);
#2322=ORIENTED_EDGE('',*,*,#1792,.F.);
#2323=ORIENTED_EDGE('',*,*,#1794,.T.);
#2324=ORIENTED_EDGE('',*,*,#1787,.F.);
#2325=ORIENTED_EDGE('',*,*,#1795,.T.);
#2326=ORIENTED_EDGE('',*,*,#1796,.T.);
#2327=ORIENTED_EDGE('',*,*,#1797,.T.);
#2328=ORIENTED_EDGE('',*,*,#1779,.T.);
#2329=ORIENTED_EDGE('',*,*,#1795,.F.);
#2330=ORIENTED_EDGE('',*,*,#1798,.T.);
#2331=ORIENTED_EDGE('',*,*,#1790,.F.);
#2332=ORIENTED_EDGE('',*,*,#1781,.F.);
#2333=ORIENTED_EDGE('',*,*,#1799,.T.);
#2334=ORIENTED_EDGE('',*,*,#1797,.F.);
#2335=ORIENTED_EDGE('',*,*,#1794,.F.);
#2336=ORIENTED_EDGE('',*,*,#1800,.T.);
#2337=ORIENTED_EDGE('',*,*,#1716,.F.);
#2338=ORIENTED_EDGE('',*,*,#1801,.T.);
#2339=ORIENTED_EDGE('',*,*,#1791,.F.);
#2340=ORIENTED_EDGE('',*,*,#1802,.F.);
#2341=ORIENTED_EDGE('',*,*,#1724,.T.);
#2342=ORIENTED_EDGE('',*,*,#1800,.F.);
#2343=ORIENTED_EDGE('',*,*,#1798,.F.);
#2344=ORIENTED_EDGE('',*,*,#1778,.T.);
#2345=ORIENTED_EDGE('',*,*,#1773,.F.);
#2346=ORIENTED_EDGE('',*,*,#1802,.T.);
#2347=ORIENTED_EDGE('',*,*,#1782,.F.);
#2348=ORIENTED_EDGE('',*,*,#1796,.F.);
#2349=ORIENTED_EDGE('',*,*,#1793,.F.);
#2350=ORIENTED_EDGE('',*,*,#1786,.F.);
#2351=ORIENTED_EDGE('',*,*,#1789,.F.);
#2352=ORIENTED_EDGE('',*,*,#1803,.T.);
#2353=ORIENTED_EDGE('',*,*,#1742,.F.);
#2354=ORIENTED_EDGE('',*,*,#1804,.T.);
#2355=ORIENTED_EDGE('',*,*,#1719,.F.);
#2356=ORIENTED_EDGE('',*,*,#1805,.T.);
#2357=ORIENTED_EDGE('',*,*,#1745,.T.);
#2358=ORIENTED_EDGE('',*,*,#1763,.F.);
#2359=ORIENTED_EDGE('',*,*,#1803,.F.);
#2360=ORIENTED_EDGE('',*,*,#1788,.F.);
#2361=ORIENTED_EDGE('',*,*,#1801,.F.);
#2362=ORIENTED_EDGE('',*,*,#1715,.F.);
#2363=ORIENTED_EDGE('',*,*,#1734,.F.);
#2364=ORIENTED_EDGE('',*,*,#1762,.T.);
#2365=ORIENTED_EDGE('',*,*,#1756,.F.);
#2366=ORIENTED_EDGE('',*,*,#1758,.F.);
#2367=ORIENTED_EDGE('',*,*,#1806,.T.);
#2368=ORIENTED_EDGE('',*,*,#1807,.T.);
#2369=ORIENTED_EDGE('',*,*,#1808,.T.);
#2370=ORIENTED_EDGE('',*,*,#1809,.T.);
#2371=ORIENTED_EDGE('',*,*,#1810,.T.);
#2372=ORIENTED_EDGE('',*,*,#1811,.T.);
#2373=ORIENTED_EDGE('',*,*,#1807,.F.);
#2374=ORIENTED_EDGE('',*,*,#1812,.T.);
#2375=ORIENTED_EDGE('',*,*,#1813,.F.);
#2376=ORIENTED_EDGE('',*,*,#1814,.F.);
#2377=ORIENTED_EDGE('',*,*,#1815,.F.);
#2378=ORIENTED_EDGE('',*,*,#1816,.T.);
#2379=ORIENTED_EDGE('',*,*,#1817,.T.);
#2380=ORIENTED_EDGE('',*,*,#1814,.T.);
#2381=ORIENTED_EDGE('',*,*,#1818,.T.);
#2382=ORIENTED_EDGE('',*,*,#1819,.F.);
#2383=ORIENTED_EDGE('',*,*,#1776,.F.);
#2384=ORIENTED_EDGE('',*,*,#1820,.F.);
#2385=ORIENTED_EDGE('',*,*,#1799,.F.);
#2386=ORIENTED_EDGE('',*,*,#1821,.T.);
#2387=ORIENTED_EDGE('',*,*,#1820,.T.);
#2388=ORIENTED_EDGE('',*,*,#1780,.T.);
#2389=ORIENTED_EDGE('',*,*,#1822,.T.);
#2390=ORIENTED_EDGE('',*,*,#1823,.T.);
#2391=ORIENTED_EDGE('',*,*,#1823,.F.);
#2392=ORIENTED_EDGE('',*,*,#1824,.F.);
#2393=ORIENTED_EDGE('',*,*,#1825,.F.);
#2394=ORIENTED_EDGE('',*,*,#1826,.F.);
#2395=ORIENTED_EDGE('',*,*,#1827,.F.);
#2396=ORIENTED_EDGE('',*,*,#1828,.F.);
#2397=ORIENTED_EDGE('',*,*,#1829,.F.);
#2398=ORIENTED_EDGE('',*,*,#1824,.T.);
#2399=ORIENTED_EDGE('',*,*,#1830,.F.);
#2400=ORIENTED_EDGE('',*,*,#1829,.T.);
#2401=ORIENTED_EDGE('',*,*,#1831,.F.);
#2402=ORIENTED_EDGE('',*,*,#1832,.F.);
#2403=ORIENTED_EDGE('',*,*,#1833,.F.);
#2404=ORIENTED_EDGE('',*,*,#1825,.T.);
#2405=ORIENTED_EDGE('',*,*,#1833,.T.);
#2406=ORIENTED_EDGE('',*,*,#1834,.T.);
#2407=ORIENTED_EDGE('',*,*,#1835,.T.);
#2408=ORIENTED_EDGE('',*,*,#1836,.T.);
#2409=ORIENTED_EDGE('',*,*,#1837,.T.);
#2410=ORIENTED_EDGE('',*,*,#1838,.T.);
#2411=ORIENTED_EDGE('',*,*,#1839,.T.);
#2412=ORIENTED_EDGE('',*,*,#1728,.T.);
#2413=ORIENTED_EDGE('',*,*,#1840,.F.);
#2414=ORIENTED_EDGE('',*,*,#1837,.F.);
#2415=ORIENTED_EDGE('',*,*,#1841,.F.);
#2416=ORIENTED_EDGE('',*,*,#1842,.F.);
#2417=ORIENTED_EDGE('',*,*,#1843,.F.);
#2418=ORIENTED_EDGE('',*,*,#1841,.T.);
#2419=ORIENTED_EDGE('',*,*,#1844,.F.);
#2420=ORIENTED_EDGE('',*,*,#1836,.F.);
#2421=ORIENTED_EDGE('',*,*,#1845,.F.);
#2422=ORIENTED_EDGE('',*,*,#1843,.T.);
#2423=ORIENTED_EDGE('',*,*,#1846,.T.);
#2424=ORIENTED_EDGE('',*,*,#1730,.F.);
#2425=ORIENTED_EDGE('',*,*,#1847,.T.);
#2426=ORIENTED_EDGE('',*,*,#1848,.F.);
#2427=ORIENTED_EDGE('',*,*,#1849,.F.);
#2428=ORIENTED_EDGE('',*,*,#1850,.F.);
#2429=ORIENTED_EDGE('',*,*,#1851,.F.);
#2430=ORIENTED_EDGE('',*,*,#1852,.F.);
#2431=ORIENTED_EDGE('',*,*,#1853,.F.);
#2432=ORIENTED_EDGE('',*,*,#1854,.F.);
#2433=ORIENTED_EDGE('',*,*,#1849,.T.);
#2434=ORIENTED_EDGE('',*,*,#1855,.F.);
#2435=ORIENTED_EDGE('',*,*,#1853,.T.);
#2436=ORIENTED_EDGE('',*,*,#1856,.F.);
#2437=ORIENTED_EDGE('',*,*,#1857,.F.);
#2438=ORIENTED_EDGE('',*,*,#1858,.F.);
#2439=ORIENTED_EDGE('',*,*,#1859,.F.);
#2440=ORIENTED_EDGE('',*,*,#1860,.F.);
#2441=ORIENTED_EDGE('',*,*,#1861,.T.);
#2442=ORIENTED_EDGE('',*,*,#1862,.F.);
#2443=ORIENTED_EDGE('',*,*,#1859,.T.);
#2444=ORIENTED_EDGE('',*,*,#1863,.F.);
#2445=ORIENTED_EDGE('',*,*,#1864,.F.);
#2446=ORIENTED_EDGE('',*,*,#1865,.T.);
#2447=ORIENTED_EDGE('',*,*,#1866,.T.);
#2448=ORIENTED_EDGE('',*,*,#1867,.F.);
#2449=ORIENTED_EDGE('',*,*,#1868,.T.);
#2450=ORIENTED_EDGE('',*,*,#1869,.F.);
#2451=ORIENTED_EDGE('',*,*,#1864,.T.);
#2452=ORIENTED_EDGE('',*,*,#1870,.F.);
#2453=ORIENTED_EDGE('',*,*,#1868,.F.);
#2454=ORIENTED_EDGE('',*,*,#1871,.F.);
#2455=ORIENTED_EDGE('',*,*,#1872,.F.);
#2456=ORIENTED_EDGE('',*,*,#1865,.F.);
#2457=ORIENTED_EDGE('',*,*,#1873,.F.);
#2458=ORIENTED_EDGE('',*,*,#1871,.T.);
#2459=ORIENTED_EDGE('',*,*,#1851,.T.);
#2460=ORIENTED_EDGE('',*,*,#1874,.F.);
#2461=ORIENTED_EDGE('',*,*,#1852,.T.);
#2462=ORIENTED_EDGE('',*,*,#1875,.T.);
#2463=ORIENTED_EDGE('',*,*,#1863,.T.);
#2464=ORIENTED_EDGE('',*,*,#1876,.F.);
#2465=ORIENTED_EDGE('',*,*,#1856,.T.);
#2466=ORIENTED_EDGE('',*,*,#1876,.T.);
#2467=ORIENTED_EDGE('',*,*,#1858,.T.);
#2468=ORIENTED_EDGE('',*,*,#1877,.F.);
#2469=ORIENTED_EDGE('',*,*,#1878,.T.);
#2470=ORIENTED_EDGE('',*,*,#1832,.T.);
#2471=ORIENTED_EDGE('',*,*,#1879,.F.);
#2472=ORIENTED_EDGE('',*,*,#1880,.T.);
#2473=ORIENTED_EDGE('',*,*,#1881,.F.);
#2474=ORIENTED_EDGE('',*,*,#1882,.F.);
#2475=ORIENTED_EDGE('',*,*,#1880,.F.);
#2476=ORIENTED_EDGE('',*,*,#1883,.F.);
#2477=ORIENTED_EDGE('',*,*,#1884,.F.);
#2478=ORIENTED_EDGE('',*,*,#1885,.F.);
#2479=ORIENTED_EDGE('',*,*,#1881,.T.);
#2480=ORIENTED_EDGE('',*,*,#1886,.F.);
#2481=ORIENTED_EDGE('',*,*,#1887,.T.);
#2482=ORIENTED_EDGE('',*,*,#1770,.F.);
#2483=ORIENTED_EDGE('',*,*,#1888,.F.);
#2484=ORIENTED_EDGE('',*,*,#1884,.T.);
#2485=ORIENTED_EDGE('',*,*,#1889,.F.);
#2486=ORIENTED_EDGE('',*,*,#1834,.F.);
#2487=ORIENTED_EDGE('',*,*,#1878,.F.);
#2488=ORIENTED_EDGE('',*,*,#1890,.F.);
#2489=ORIENTED_EDGE('',*,*,#1888,.T.);
#2490=ORIENTED_EDGE('',*,*,#1777,.F.);
#2491=ORIENTED_EDGE('',*,*,#1891,.T.);
#2492=ORIENTED_EDGE('',*,*,#1892,.T.);
#2493=ORIENTED_EDGE('',*,*,#1885,.T.);
#2494=ORIENTED_EDGE('',*,*,#1892,.F.);
#2495=ORIENTED_EDGE('',*,*,#1893,.F.);
#2496=ORIENTED_EDGE('',*,*,#1894,.F.);
#2497=ORIENTED_EDGE('',*,*,#1882,.T.);
#2498=ORIENTED_EDGE('',*,*,#1894,.T.);
#2499=ORIENTED_EDGE('',*,*,#1895,.T.);
#2500=ORIENTED_EDGE('',*,*,#1896,.T.);
#2501=ORIENTED_EDGE('',*,*,#1897,.T.);
#2502=ORIENTED_EDGE('',*,*,#1890,.T.);
#2503=ORIENTED_EDGE('',*,*,#1822,.F.);
#2504=ORIENTED_EDGE('',*,*,#1898,.F.);
#2505=ORIENTED_EDGE('',*,*,#1899,.F.);
#2506=ORIENTED_EDGE('',*,*,#1900,.F.);
#2507=ORIENTED_EDGE('',*,*,#1901,.F.);
#2508=ORIENTED_EDGE('',*,*,#1902,.F.);
#2509=ORIENTED_EDGE('',*,*,#1903,.F.);
#2510=ORIENTED_EDGE('',*,*,#1904,.F.);
#2511=ORIENTED_EDGE('',*,*,#1905,.F.);
#2512=ORIENTED_EDGE('',*,*,#1902,.T.);
#2513=ORIENTED_EDGE('',*,*,#1900,.T.);
#2514=ORIENTED_EDGE('',*,*,#1906,.F.);
#2515=ORIENTED_EDGE('',*,*,#1907,.F.);
#2516=ORIENTED_EDGE('',*,*,#1908,.F.);
#2517=ORIENTED_EDGE('',*,*,#1909,.F.);
#2518=ORIENTED_EDGE('',*,*,#1910,.F.);
#2519=ORIENTED_EDGE('',*,*,#1909,.T.);
#2520=ORIENTED_EDGE('',*,*,#1904,.T.);
#2521=ORIENTED_EDGE('',*,*,#1911,.F.);
#2522=ORIENTED_EDGE('',*,*,#1912,.F.);
#2523=ORIENTED_EDGE('',*,*,#1896,.F.);
#2524=ORIENTED_EDGE('',*,*,#1913,.F.);
#2525=ORIENTED_EDGE('',*,*,#1914,.F.);
#2526=ORIENTED_EDGE('',*,*,#1912,.T.);
#2527=ORIENTED_EDGE('',*,*,#1907,.T.);
#2528=ORIENTED_EDGE('',*,*,#1915,.F.);
#2529=ORIENTED_EDGE('',*,*,#1898,.T.);
#2530=ORIENTED_EDGE('',*,*,#1913,.T.);
#2531=ORIENTED_EDGE('',*,*,#1916,.F.);
#2532=ORIENTED_EDGE('',*,*,#1911,.T.);
#2533=ORIENTED_EDGE('',*,*,#1917,.F.);
#2534=ORIENTED_EDGE('',*,*,#1826,.T.);
#2535=ORIENTED_EDGE('',*,*,#1918,.F.);
#2536=ORIENTED_EDGE('',*,*,#1910,.T.);
#2537=ORIENTED_EDGE('',*,*,#1918,.T.);
#2538=ORIENTED_EDGE('',*,*,#1835,.F.);
#2539=ORIENTED_EDGE('',*,*,#1919,.T.);
#2540=ORIENTED_EDGE('',*,*,#1915,.T.);
#2541=ORIENTED_EDGE('',*,*,#1919,.F.);
#2542=ORIENTED_EDGE('',*,*,#1889,.T.);
#2543=ORIENTED_EDGE('',*,*,#1897,.F.);
#2544=ORIENTED_EDGE('',*,*,#1901,.T.);
#2545=ORIENTED_EDGE('',*,*,#1905,.T.);
#2546=ORIENTED_EDGE('',*,*,#1908,.T.);
#2547=ORIENTED_EDGE('',*,*,#1914,.T.);
#2548=ORIENTED_EDGE('',*,*,#1906,.T.);
#2549=ORIENTED_EDGE('',*,*,#1920,.F.);
#2550=ORIENTED_EDGE('',*,*,#1857,.T.);
#2551=ORIENTED_EDGE('',*,*,#1921,.F.);
#2552=ORIENTED_EDGE('',*,*,#1830,.T.);
#2553=ORIENTED_EDGE('',*,*,#1827,.T.);
#2554=ORIENTED_EDGE('',*,*,#1917,.T.);
#2555=ORIENTED_EDGE('',*,*,#1903,.T.);
#2556=ORIENTED_EDGE('',*,*,#1921,.T.);
#2557=ORIENTED_EDGE('',*,*,#1877,.T.);
#2558=ORIENTED_EDGE('',*,*,#1861,.F.);
#2559=ORIENTED_EDGE('',*,*,#1922,.F.);
#2560=ORIENTED_EDGE('',*,*,#1848,.T.);
#2561=ORIENTED_EDGE('',*,*,#1873,.T.);
#2562=ORIENTED_EDGE('',*,*,#1870,.T.);
#2563=ORIENTED_EDGE('',*,*,#1875,.F.);
#2564=ORIENTED_EDGE('',*,*,#1923,.F.);
#2565=ORIENTED_EDGE('',*,*,#1924,.F.);
#2566=ORIENTED_EDGE('',*,*,#1925,.F.);
#2567=ORIENTED_EDGE('',*,*,#1926,.F.);
#2568=ORIENTED_EDGE('',*,*,#1927,.F.);
#2569=ORIENTED_EDGE('',*,*,#1928,.F.);
#2570=ORIENTED_EDGE('',*,*,#1926,.T.);
#2571=ORIENTED_EDGE('',*,*,#1929,.F.);
#2572=ORIENTED_EDGE('',*,*,#1928,.T.);
#2573=ORIENTED_EDGE('',*,*,#1930,.F.);
#2574=ORIENTED_EDGE('',*,*,#1812,.F.);
#2575=ORIENTED_EDGE('',*,*,#1931,.T.);
#2576=ORIENTED_EDGE('',*,*,#1923,.T.);
#2577=ORIENTED_EDGE('',*,*,#1931,.F.);
#2578=ORIENTED_EDGE('',*,*,#1806,.F.);
#2579=ORIENTED_EDGE('',*,*,#1932,.T.);
#2580=ORIENTED_EDGE('',*,*,#1933,.T.);
#2581=ORIENTED_EDGE('',*,*,#1934,.T.);
#2582=ORIENTED_EDGE('',*,*,#1935,.T.);
#2583=ORIENTED_EDGE('',*,*,#1936,.F.);
#2584=ORIENTED_EDGE('',*,*,#1937,.F.);
#2585=ORIENTED_EDGE('',*,*,#1935,.F.);
#2586=ORIENTED_EDGE('',*,*,#1938,.F.);
#2587=ORIENTED_EDGE('',*,*,#1939,.F.);
#2588=ORIENTED_EDGE('',*,*,#1813,.T.);
#2589=ORIENTED_EDGE('',*,*,#1940,.T.);
#2590=ORIENTED_EDGE('',*,*,#1933,.F.);
#2591=ORIENTED_EDGE('',*,*,#1937,.T.);
#2592=ORIENTED_EDGE('',*,*,#1941,.F.);
#2593=ORIENTED_EDGE('',*,*,#1818,.F.);
#2594=ORIENTED_EDGE('',*,*,#1939,.T.);
#2595=ORIENTED_EDGE('',*,*,#1942,.T.);
#2596=ORIENTED_EDGE('',*,*,#1943,.T.);
#2597=ORIENTED_EDGE('',*,*,#1893,.T.);
#2598=ORIENTED_EDGE('',*,*,#1916,.T.);
#2599=ORIENTED_EDGE('',*,*,#1895,.F.);
#2600=ORIENTED_EDGE('',*,*,#1943,.F.);
#2601=ORIENTED_EDGE('',*,*,#1944,.F.);
#2602=ORIENTED_EDGE('',*,*,#1891,.F.);
#2603=ORIENTED_EDGE('',*,*,#1819,.T.);
#2604=ORIENTED_EDGE('',*,*,#1945,.F.);
#2605=ORIENTED_EDGE('',*,*,#1942,.F.);
#2606=ORIENTED_EDGE('',*,*,#1839,.F.);
#2607=ORIENTED_EDGE('',*,*,#1844,.T.);
#2608=ORIENTED_EDGE('',*,*,#1847,.F.);
#2609=ORIENTED_EDGE('',*,*,#1733,.F.);
#2610=ORIENTED_EDGE('',*,*,#1946,.T.);
#2611=ORIENTED_EDGE('',*,*,#1947,.T.);
#2612=ORIENTED_EDGE('',*,*,#1947,.F.);
#2613=ORIENTED_EDGE('',*,*,#1948,.F.);
#2614=ORIENTED_EDGE('',*,*,#1949,.F.);
#2615=ORIENTED_EDGE('',*,*,#1950,.F.);
#2616=ORIENTED_EDGE('',*,*,#1951,.F.);
#2617=ORIENTED_EDGE('',*,*,#1952,.F.);
#2618=ORIENTED_EDGE('',*,*,#1953,.F.);
#2619=ORIENTED_EDGE('',*,*,#1948,.T.);
#2620=ORIENTED_EDGE('',*,*,#1954,.F.);
#2621=ORIENTED_EDGE('',*,*,#1953,.T.);
#2622=ORIENTED_EDGE('',*,*,#1955,.F.);
#2623=ORIENTED_EDGE('',*,*,#1956,.F.);
#2624=ORIENTED_EDGE('',*,*,#1957,.F.);
#2625=ORIENTED_EDGE('',*,*,#1949,.T.);
#2626=ORIENTED_EDGE('',*,*,#1957,.T.);
#2627=ORIENTED_EDGE('',*,*,#1958,.T.);
#2628=ORIENTED_EDGE('',*,*,#1959,.T.);
#2629=ORIENTED_EDGE('',*,*,#1960,.T.);
#2630=ORIENTED_EDGE('',*,*,#1961,.T.);
#2631=ORIENTED_EDGE('',*,*,#1962,.T.);
#2632=ORIENTED_EDGE('',*,*,#1963,.T.);
#2633=ORIENTED_EDGE('',*,*,#1962,.F.);
#2634=ORIENTED_EDGE('',*,*,#1964,.F.);
#2635=ORIENTED_EDGE('',*,*,#1727,.T.);
#2636=ORIENTED_EDGE('',*,*,#1965,.F.);
#2637=ORIENTED_EDGE('',*,*,#1966,.F.);
#2638=ORIENTED_EDGE('',*,*,#1967,.F.);
#2639=ORIENTED_EDGE('',*,*,#1965,.T.);
#2640=ORIENTED_EDGE('',*,*,#1968,.F.);
#2641=ORIENTED_EDGE('',*,*,#1960,.F.);
#2642=ORIENTED_EDGE('',*,*,#1969,.F.);
#2643=ORIENTED_EDGE('',*,*,#1963,.F.);
#2644=ORIENTED_EDGE('',*,*,#1732,.F.);
#2645=ORIENTED_EDGE('',*,*,#1970,.T.);
#2646=ORIENTED_EDGE('',*,*,#1969,.T.);
#2647=ORIENTED_EDGE('',*,*,#1966,.T.);
#2648=ORIENTED_EDGE('',*,*,#1970,.F.);
#2649=ORIENTED_EDGE('',*,*,#1731,.F.);
#2650=ORIENTED_EDGE('',*,*,#1971,.F.);
#2651=ORIENTED_EDGE('',*,*,#1972,.F.);
#2652=ORIENTED_EDGE('',*,*,#1973,.F.);
#2653=ORIENTED_EDGE('',*,*,#1974,.F.);
#2654=ORIENTED_EDGE('',*,*,#1975,.F.);
#2655=ORIENTED_EDGE('',*,*,#1976,.F.);
#2656=ORIENTED_EDGE('',*,*,#1977,.F.);
#2657=ORIENTED_EDGE('',*,*,#1978,.F.);
#2658=ORIENTED_EDGE('',*,*,#1973,.T.);
#2659=ORIENTED_EDGE('',*,*,#1979,.F.);
#2660=ORIENTED_EDGE('',*,*,#1977,.T.);
#2661=ORIENTED_EDGE('',*,*,#1980,.F.);
#2662=ORIENTED_EDGE('',*,*,#1981,.F.);
#2663=ORIENTED_EDGE('',*,*,#1982,.F.);
#2664=ORIENTED_EDGE('',*,*,#1983,.F.);
#2665=ORIENTED_EDGE('',*,*,#1984,.F.);
#2666=ORIENTED_EDGE('',*,*,#1985,.T.);
#2667=ORIENTED_EDGE('',*,*,#1986,.F.);
#2668=ORIENTED_EDGE('',*,*,#1983,.T.);
#2669=ORIENTED_EDGE('',*,*,#1987,.F.);
#2670=ORIENTED_EDGE('',*,*,#1988,.F.);
#2671=ORIENTED_EDGE('',*,*,#1989,.T.);
#2672=ORIENTED_EDGE('',*,*,#1990,.T.);
#2673=ORIENTED_EDGE('',*,*,#1991,.F.);
#2674=ORIENTED_EDGE('',*,*,#1992,.T.);
#2675=ORIENTED_EDGE('',*,*,#1993,.F.);
#2676=ORIENTED_EDGE('',*,*,#1988,.T.);
#2677=ORIENTED_EDGE('',*,*,#1994,.F.);
#2678=ORIENTED_EDGE('',*,*,#1992,.F.);
#2679=ORIENTED_EDGE('',*,*,#1995,.T.);
#2680=ORIENTED_EDGE('',*,*,#1990,.F.);
#2681=ORIENTED_EDGE('',*,*,#1996,.F.);
#2682=ORIENTED_EDGE('',*,*,#1754,.T.);
#2683=ORIENTED_EDGE('',*,*,#1997,.F.);
#2684=ORIENTED_EDGE('',*,*,#1998,.F.);
#2685=ORIENTED_EDGE('',*,*,#1989,.F.);
#2686=ORIENTED_EDGE('',*,*,#1999,.F.);
#2687=ORIENTED_EDGE('',*,*,#1997,.T.);
#2688=ORIENTED_EDGE('',*,*,#1975,.T.);
#2689=ORIENTED_EDGE('',*,*,#2000,.F.);
#2690=ORIENTED_EDGE('',*,*,#1976,.T.);
#2691=ORIENTED_EDGE('',*,*,#2001,.T.);
#2692=ORIENTED_EDGE('',*,*,#1987,.T.);
#2693=ORIENTED_EDGE('',*,*,#2002,.F.);
#2694=ORIENTED_EDGE('',*,*,#1980,.T.);
#2695=ORIENTED_EDGE('',*,*,#2002,.T.);
#2696=ORIENTED_EDGE('',*,*,#1982,.T.);
#2697=ORIENTED_EDGE('',*,*,#2003,.F.);
#2698=ORIENTED_EDGE('',*,*,#2000,.T.);
#2699=ORIENTED_EDGE('',*,*,#2004,.F.);
#2700=ORIENTED_EDGE('',*,*,#1760,.F.);
#2701=ORIENTED_EDGE('',*,*,#2005,.F.);
#2702=ORIENTED_EDGE('',*,*,#1998,.T.);
#2703=ORIENTED_EDGE('',*,*,#2005,.T.);
#2704=ORIENTED_EDGE('',*,*,#1759,.F.);
#2705=ORIENTED_EDGE('',*,*,#1996,.T.);
#2706=ORIENTED_EDGE('',*,*,#2006,.T.);
#2707=ORIENTED_EDGE('',*,*,#1956,.T.);
#2708=ORIENTED_EDGE('',*,*,#2007,.F.);
#2709=ORIENTED_EDGE('',*,*,#2008,.T.);
#2710=ORIENTED_EDGE('',*,*,#2009,.F.);
#2711=ORIENTED_EDGE('',*,*,#2010,.F.);
#2712=ORIENTED_EDGE('',*,*,#2008,.F.);
#2713=ORIENTED_EDGE('',*,*,#2011,.F.);
#2714=ORIENTED_EDGE('',*,*,#2012,.F.);
#2715=ORIENTED_EDGE('',*,*,#2013,.F.);
#2716=ORIENTED_EDGE('',*,*,#2009,.T.);
#2717=ORIENTED_EDGE('',*,*,#2014,.F.);
#2718=ORIENTED_EDGE('',*,*,#2015,.F.);
#2719=ORIENTED_EDGE('',*,*,#1958,.F.);
#2720=ORIENTED_EDGE('',*,*,#2006,.F.);
#2721=ORIENTED_EDGE('',*,*,#2016,.F.);
#2722=ORIENTED_EDGE('',*,*,#2013,.T.);
#2723=ORIENTED_EDGE('',*,*,#2017,.F.);
#2724=ORIENTED_EDGE('',*,*,#2018,.F.);
#2725=ORIENTED_EDGE('',*,*,#2019,.F.);
#2726=ORIENTED_EDGE('',*,*,#2010,.T.);
#2727=ORIENTED_EDGE('',*,*,#2019,.T.);
#2728=ORIENTED_EDGE('',*,*,#2020,.T.);
#2729=ORIENTED_EDGE('',*,*,#2021,.T.);
#2730=ORIENTED_EDGE('',*,*,#2022,.T.);
#2731=ORIENTED_EDGE('',*,*,#2016,.T.);
#2732=ORIENTED_EDGE('',*,*,#1946,.F.);
#2733=ORIENTED_EDGE('',*,*,#2023,.F.);
#2734=ORIENTED_EDGE('',*,*,#2024,.F.);
#2735=ORIENTED_EDGE('',*,*,#2025,.F.);
#2736=ORIENTED_EDGE('',*,*,#2026,.F.);
#2737=ORIENTED_EDGE('',*,*,#2027,.F.);
#2738=ORIENTED_EDGE('',*,*,#2028,.F.);
#2739=ORIENTED_EDGE('',*,*,#2029,.F.);
#2740=ORIENTED_EDGE('',*,*,#2030,.F.);
#2741=ORIENTED_EDGE('',*,*,#2027,.T.);
#2742=ORIENTED_EDGE('',*,*,#2025,.T.);
#2743=ORIENTED_EDGE('',*,*,#2031,.F.);
#2744=ORIENTED_EDGE('',*,*,#2032,.F.);
#2745=ORIENTED_EDGE('',*,*,#2033,.F.);
#2746=ORIENTED_EDGE('',*,*,#2034,.F.);
#2747=ORIENTED_EDGE('',*,*,#2035,.F.);
#2748=ORIENTED_EDGE('',*,*,#2034,.T.);
#2749=ORIENTED_EDGE('',*,*,#2029,.T.);
#2750=ORIENTED_EDGE('',*,*,#2036,.F.);
#2751=ORIENTED_EDGE('',*,*,#2037,.F.);
#2752=ORIENTED_EDGE('',*,*,#2021,.F.);
#2753=ORIENTED_EDGE('',*,*,#2038,.F.);
#2754=ORIENTED_EDGE('',*,*,#2039,.F.);
#2755=ORIENTED_EDGE('',*,*,#2037,.T.);
#2756=ORIENTED_EDGE('',*,*,#2032,.T.);
#2757=ORIENTED_EDGE('',*,*,#2040,.F.);
#2758=ORIENTED_EDGE('',*,*,#2023,.T.);
#2759=ORIENTED_EDGE('',*,*,#2038,.T.);
#2760=ORIENTED_EDGE('',*,*,#2041,.F.);
#2761=ORIENTED_EDGE('',*,*,#2036,.T.);
#2762=ORIENTED_EDGE('',*,*,#2042,.F.);
#2763=ORIENTED_EDGE('',*,*,#1950,.T.);
#2764=ORIENTED_EDGE('',*,*,#2043,.F.);
#2765=ORIENTED_EDGE('',*,*,#2035,.T.);
#2766=ORIENTED_EDGE('',*,*,#2043,.T.);
#2767=ORIENTED_EDGE('',*,*,#1959,.F.);
#2768=ORIENTED_EDGE('',*,*,#2044,.T.);
#2769=ORIENTED_EDGE('',*,*,#2040,.T.);
#2770=ORIENTED_EDGE('',*,*,#2044,.F.);
#2771=ORIENTED_EDGE('',*,*,#2015,.T.);
#2772=ORIENTED_EDGE('',*,*,#2022,.F.);
#2773=ORIENTED_EDGE('',*,*,#2026,.T.);
#2774=ORIENTED_EDGE('',*,*,#2030,.T.);
#2775=ORIENTED_EDGE('',*,*,#2033,.T.);
#2776=ORIENTED_EDGE('',*,*,#2039,.T.);
#2777=ORIENTED_EDGE('',*,*,#2031,.T.);
#2778=ORIENTED_EDGE('',*,*,#2045,.F.);
#2779=ORIENTED_EDGE('',*,*,#1981,.T.);
#2780=ORIENTED_EDGE('',*,*,#2046,.F.);
#2781=ORIENTED_EDGE('',*,*,#1954,.T.);
#2782=ORIENTED_EDGE('',*,*,#1951,.T.);
#2783=ORIENTED_EDGE('',*,*,#2042,.T.);
#2784=ORIENTED_EDGE('',*,*,#2028,.T.);
#2785=ORIENTED_EDGE('',*,*,#2046,.T.);
#2786=ORIENTED_EDGE('',*,*,#2003,.T.);
#2787=ORIENTED_EDGE('',*,*,#1985,.F.);
#2788=ORIENTED_EDGE('',*,*,#2047,.F.);
#2789=ORIENTED_EDGE('',*,*,#1972,.T.);
#2790=ORIENTED_EDGE('',*,*,#1999,.T.);
#2791=ORIENTED_EDGE('',*,*,#1994,.T.);
#2792=ORIENTED_EDGE('',*,*,#2001,.F.);
#2793=ORIENTED_EDGE('',*,*,#2048,.F.);
#2794=ORIENTED_EDGE('',*,*,#2049,.F.);
#2795=ORIENTED_EDGE('',*,*,#2050,.F.);
#2796=ORIENTED_EDGE('',*,*,#2051,.F.);
#2797=ORIENTED_EDGE('',*,*,#2052,.F.);
#2798=ORIENTED_EDGE('',*,*,#2053,.F.);
#2799=ORIENTED_EDGE('',*,*,#2051,.T.);
#2800=ORIENTED_EDGE('',*,*,#2054,.F.);
#2801=ORIENTED_EDGE('',*,*,#2050,.T.);
#2802=ORIENTED_EDGE('',*,*,#2055,.F.);
#2803=ORIENTED_EDGE('',*,*,#1808,.F.);
#2804=ORIENTED_EDGE('',*,*,#2056,.F.);
#2805=ORIENTED_EDGE('',*,*,#2054,.T.);
#2806=ORIENTED_EDGE('',*,*,#2056,.T.);
#2807=ORIENTED_EDGE('',*,*,#1811,.F.);
#2808=ORIENTED_EDGE('',*,*,#2057,.F.);
#2809=ORIENTED_EDGE('',*,*,#2058,.T.);
#2810=ORIENTED_EDGE('',*,*,#2059,.T.);
#2811=ORIENTED_EDGE('',*,*,#2060,.T.);
#2812=ORIENTED_EDGE('',*,*,#2061,.F.);
#2813=ORIENTED_EDGE('',*,*,#2062,.F.);
#2814=ORIENTED_EDGE('',*,*,#2060,.F.);
#2815=ORIENTED_EDGE('',*,*,#2063,.F.);
#2816=ORIENTED_EDGE('',*,*,#2064,.F.);
#2817=ORIENTED_EDGE('',*,*,#2059,.F.);
#2818=ORIENTED_EDGE('',*,*,#2065,.F.);
#2819=ORIENTED_EDGE('',*,*,#1815,.T.);
#2820=ORIENTED_EDGE('',*,*,#2066,.T.);
#2821=ORIENTED_EDGE('',*,*,#2067,.T.);
#2822=ORIENTED_EDGE('',*,*,#2018,.T.);
#2823=ORIENTED_EDGE('',*,*,#2041,.T.);
#2824=ORIENTED_EDGE('',*,*,#2020,.F.);
#2825=ORIENTED_EDGE('',*,*,#2067,.F.);
#2826=ORIENTED_EDGE('',*,*,#2068,.F.);
#2827=ORIENTED_EDGE('',*,*,#2063,.T.);
#2828=ORIENTED_EDGE('',*,*,#2064,.T.);
#2829=ORIENTED_EDGE('',*,*,#1817,.F.);
#2830=ORIENTED_EDGE('',*,*,#2069,.F.);
#2831=ORIENTED_EDGE('',*,*,#2070,.F.);
#2832=ORIENTED_EDGE('',*,*,#2071,.T.);
#2833=ORIENTED_EDGE('',*,*,#2071,.F.);
#2834=ORIENTED_EDGE('',*,*,#2072,.T.);
#2835=ORIENTED_EDGE('',*,*,#2073,.T.);
#2836=ORIENTED_EDGE('',*,*,#2074,.T.);
#2837=ORIENTED_EDGE('',*,*,#2075,.T.);
#2838=ORIENTED_EDGE('',*,*,#2076,.T.);
#2839=ORIENTED_EDGE('',*,*,#2077,.T.);
#2840=ORIENTED_EDGE('',*,*,#2072,.F.);
#2841=ORIENTED_EDGE('',*,*,#2078,.T.);
#2842=ORIENTED_EDGE('',*,*,#2078,.F.);
#2843=ORIENTED_EDGE('',*,*,#2079,.T.);
#2844=ORIENTED_EDGE('',*,*,#2080,.T.);
#2845=ORIENTED_EDGE('',*,*,#2081,.T.);
#2846=ORIENTED_EDGE('',*,*,#2075,.F.);
#2847=ORIENTED_EDGE('',*,*,#2082,.F.);
#2848=ORIENTED_EDGE('',*,*,#2083,.F.);
#2849=ORIENTED_EDGE('',*,*,#2079,.F.);
#2850=ORIENTED_EDGE('',*,*,#2084,.F.);
#2851=ORIENTED_EDGE('',*,*,#2085,.F.);
#2852=ORIENTED_EDGE('',*,*,#2086,.F.);
#2853=ORIENTED_EDGE('',*,*,#2087,.F.);
#2854=ORIENTED_EDGE('',*,*,#2085,.T.);
#2855=ORIENTED_EDGE('',*,*,#2088,.T.);
#2856=ORIENTED_EDGE('',*,*,#1838,.F.);
#2857=ORIENTED_EDGE('',*,*,#2089,.F.);
#2858=ORIENTED_EDGE('',*,*,#2086,.T.);
#2859=ORIENTED_EDGE('',*,*,#2090,.T.);
#2860=ORIENTED_EDGE('',*,*,#1961,.F.);
#2861=ORIENTED_EDGE('',*,*,#2091,.T.);
#2862=ORIENTED_EDGE('',*,*,#2092,.T.);
#2863=ORIENTED_EDGE('',*,*,#2093,.T.);
#2864=ORIENTED_EDGE('',*,*,#2091,.F.);
#2865=ORIENTED_EDGE('',*,*,#2094,.T.);
#2866=ORIENTED_EDGE('',*,*,#2084,.T.);
#2867=ORIENTED_EDGE('',*,*,#2095,.T.);
#2868=ORIENTED_EDGE('',*,*,#2088,.F.);
#2869=ORIENTED_EDGE('',*,*,#2094,.F.);
#2870=ORIENTED_EDGE('',*,*,#2096,.F.);
#2871=ORIENTED_EDGE('',*,*,#1845,.T.);
#2872=ORIENTED_EDGE('',*,*,#2093,.F.);
#2873=ORIENTED_EDGE('',*,*,#2097,.T.);
#2874=ORIENTED_EDGE('',*,*,#1842,.T.);
#2875=ORIENTED_EDGE('',*,*,#2096,.T.);
#2876=ORIENTED_EDGE('',*,*,#2092,.F.);
#2877=ORIENTED_EDGE('',*,*,#2098,.F.);
#2878=ORIENTED_EDGE('',*,*,#1967,.T.);
#2879=ORIENTED_EDGE('',*,*,#2099,.F.);
#2880=ORIENTED_EDGE('',*,*,#2100,.T.);
#2881=ORIENTED_EDGE('',*,*,#2101,.T.);
#2882=ORIENTED_EDGE('',*,*,#2102,.T.);
#2883=ORIENTED_EDGE('',*,*,#2103,.T.);
#2884=ORIENTED_EDGE('',*,*,#2104,.T.);
#2885=ORIENTED_EDGE('',*,*,#2103,.F.);
#2886=ORIENTED_EDGE('',*,*,#2105,.T.);
#2887=ORIENTED_EDGE('',*,*,#2106,.T.);
#2888=ORIENTED_EDGE('',*,*,#2107,.T.);
#2889=ORIENTED_EDGE('',*,*,#2108,.T.);
#2890=ORIENTED_EDGE('',*,*,#2109,.T.);
#2891=ORIENTED_EDGE('',*,*,#2106,.F.);
#2892=ORIENTED_EDGE('',*,*,#2110,.T.);
#2893=ORIENTED_EDGE('',*,*,#2111,.F.);
#2894=ORIENTED_EDGE('',*,*,#2112,.T.);
#2895=ORIENTED_EDGE('',*,*,#2113,.T.);
#2896=ORIENTED_EDGE('',*,*,#2114,.T.);
#2897=ORIENTED_EDGE('',*,*,#2115,.T.);
#2898=ORIENTED_EDGE('',*,*,#2116,.T.);
#2899=ORIENTED_EDGE('',*,*,#2113,.F.);
#2900=ORIENTED_EDGE('',*,*,#2117,.F.);
#2901=ORIENTED_EDGE('',*,*,#2118,.F.);
#2902=ORIENTED_EDGE('',*,*,#2119,.T.);
#2903=ORIENTED_EDGE('',*,*,#2120,.F.);
#2904=ORIENTED_EDGE('',*,*,#2121,.T.);
#2905=ORIENTED_EDGE('',*,*,#2118,.T.);
#2906=ORIENTED_EDGE('',*,*,#2122,.T.);
#2907=ORIENTED_EDGE('',*,*,#2115,.F.);
#2908=ORIENTED_EDGE('',*,*,#2123,.F.);
#2909=ORIENTED_EDGE('',*,*,#2120,.T.);
#2910=ORIENTED_EDGE('',*,*,#2124,.T.);
#2911=ORIENTED_EDGE('',*,*,#1866,.F.);
#2912=ORIENTED_EDGE('',*,*,#2125,.T.);
#2913=ORIENTED_EDGE('',*,*,#2126,.T.);
#2914=ORIENTED_EDGE('',*,*,#2117,.T.);
#2915=ORIENTED_EDGE('',*,*,#2127,.T.);
#2916=ORIENTED_EDGE('',*,*,#2125,.F.);
#2917=ORIENTED_EDGE('',*,*,#2128,.T.);
#2918=ORIENTED_EDGE('',*,*,#2101,.F.);
#2919=ORIENTED_EDGE('',*,*,#2104,.F.);
#2920=ORIENTED_EDGE('',*,*,#2129,.T.);
#2921=ORIENTED_EDGE('',*,*,#2116,.F.);
#2922=ORIENTED_EDGE('',*,*,#2130,.F.);
#2923=ORIENTED_EDGE('',*,*,#2109,.F.);
#2924=ORIENTED_EDGE('',*,*,#2131,.T.);
#2925=ORIENTED_EDGE('',*,*,#2110,.F.);
#2926=ORIENTED_EDGE('',*,*,#2129,.F.);
#2927=ORIENTED_EDGE('',*,*,#2132,.F.);
#2928=ORIENTED_EDGE('',*,*,#2107,.F.);
#2929=ORIENTED_EDGE('',*,*,#2105,.F.);
#2930=ORIENTED_EDGE('',*,*,#2102,.F.);
#2931=ORIENTED_EDGE('',*,*,#2133,.T.);
#2932=ORIENTED_EDGE('',*,*,#1850,.T.);
#2933=ORIENTED_EDGE('',*,*,#1854,.T.);
#2934=ORIENTED_EDGE('',*,*,#1855,.T.);
#2935=ORIENTED_EDGE('',*,*,#1920,.T.);
#2936=ORIENTED_EDGE('',*,*,#1899,.T.);
#2937=ORIENTED_EDGE('',*,*,#1944,.T.);
#2938=ORIENTED_EDGE('',*,*,#1945,.T.);
#2939=ORIENTED_EDGE('',*,*,#1821,.F.);
#2940=ORIENTED_EDGE('',*,*,#1784,.F.);
#2941=ORIENTED_EDGE('',*,*,#1804,.F.);
#2942=ORIENTED_EDGE('',*,*,#1741,.F.);
#2943=ORIENTED_EDGE('',*,*,#1739,.F.);
#2944=ORIENTED_EDGE('',*,*,#1736,.F.);
#2945=ORIENTED_EDGE('',*,*,#2004,.T.);
#2946=ORIENTED_EDGE('',*,*,#1974,.T.);
#2947=ORIENTED_EDGE('',*,*,#1978,.T.);
#2948=ORIENTED_EDGE('',*,*,#1979,.T.);
#2949=ORIENTED_EDGE('',*,*,#2045,.T.);
#2950=ORIENTED_EDGE('',*,*,#2024,.T.);
#2951=ORIENTED_EDGE('',*,*,#2068,.T.);
#2952=ORIENTED_EDGE('',*,*,#2134,.F.);
#2953=ORIENTED_EDGE('',*,*,#2135,.F.);
#2954=ORIENTED_EDGE('',*,*,#2136,.F.);
#2955=ORIENTED_EDGE('',*,*,#2128,.F.);
#2956=ORIENTED_EDGE('',*,*,#2137,.F.);
#2957=ORIENTED_EDGE('',*,*,#1874,.T.);
#2958=ORIENTED_EDGE('',*,*,#2133,.F.);
#2959=ORIENTED_EDGE('',*,*,#2127,.F.);
#2960=ORIENTED_EDGE('',*,*,#2123,.T.);
#2961=ORIENTED_EDGE('',*,*,#1872,.T.);
#2962=ORIENTED_EDGE('',*,*,#2137,.T.);
#2963=ORIENTED_EDGE('',*,*,#2138,.F.);
#2964=ORIENTED_EDGE('',*,*,#2139,.F.);
#2965=ORIENTED_EDGE('',*,*,#2140,.T.);
#2966=ORIENTED_EDGE('',*,*,#2080,.F.);
#2967=ORIENTED_EDGE('',*,*,#2141,.T.);
#2968=ORIENTED_EDGE('',*,*,#2142,.T.);
#2969=ORIENTED_EDGE('',*,*,#2139,.T.);
#2970=ORIENTED_EDGE('',*,*,#2143,.T.);
#2971=ORIENTED_EDGE('',*,*,#2144,.T.);
#2972=ORIENTED_EDGE('',*,*,#2145,.T.);
#2973=ORIENTED_EDGE('',*,*,#2141,.F.);
#2974=ORIENTED_EDGE('',*,*,#2146,.T.);
#2975=ORIENTED_EDGE('',*,*,#2147,.F.);
#2976=ORIENTED_EDGE('',*,*,#2144,.F.);
#2977=ORIENTED_EDGE('',*,*,#2148,.T.);
#2978=ORIENTED_EDGE('',*,*,#2012,.T.);
#2979=ORIENTED_EDGE('',*,*,#2149,.T.);
#2980=ORIENTED_EDGE('',*,*,#2150,.T.);
#2981=ORIENTED_EDGE('',*,*,#2138,.T.);
#2982=ORIENTED_EDGE('',*,*,#2083,.T.);
#2983=ORIENTED_EDGE('',*,*,#2148,.F.);
#2984=ORIENTED_EDGE('',*,*,#2151,.F.);
#2985=ORIENTED_EDGE('',*,*,#2152,.F.);
#2986=ORIENTED_EDGE('',*,*,#2017,.T.);
#2987=ORIENTED_EDGE('',*,*,#2146,.F.);
#2988=ORIENTED_EDGE('',*,*,#2153,.T.);
#2989=ORIENTED_EDGE('',*,*,#2154,.T.);
#2990=ORIENTED_EDGE('',*,*,#2151,.T.);
#2991=ORIENTED_EDGE('',*,*,#2143,.F.);
#2992=ORIENTED_EDGE('',*,*,#2150,.F.);
#2993=ORIENTED_EDGE('',*,*,#2155,.F.);
#2994=ORIENTED_EDGE('',*,*,#2156,.F.);
#2995=ORIENTED_EDGE('',*,*,#2157,.F.);
#2996=ORIENTED_EDGE('',*,*,#2153,.F.);
#2997=ORIENTED_EDGE('',*,*,#2070,.T.);
#2998=ORIENTED_EDGE('',*,*,#2158,.T.);
#2999=ORIENTED_EDGE('',*,*,#2159,.T.);
#3000=ORIENTED_EDGE('',*,*,#2160,.T.);
#3001=ORIENTED_EDGE('',*,*,#2136,.T.);
#3002=ORIENTED_EDGE('',*,*,#2161,.T.);
#3003=ORIENTED_EDGE('',*,*,#2162,.T.);
#3004=ORIENTED_EDGE('',*,*,#2163,.T.);
#3005=ORIENTED_EDGE('',*,*,#2164,.T.);
#3006=ORIENTED_EDGE('',*,*,#2161,.F.);
#3007=ORIENTED_EDGE('',*,*,#2165,.T.);
#3008=ORIENTED_EDGE('',*,*,#2160,.F.);
#3009=ORIENTED_EDGE('',*,*,#2166,.T.);
#3010=ORIENTED_EDGE('',*,*,#2167,.T.);
#3011=ORIENTED_EDGE('',*,*,#2168,.T.);
#3012=ORIENTED_EDGE('',*,*,#2169,.T.);
#3013=ORIENTED_EDGE('',*,*,#2168,.F.);
#3014=ORIENTED_EDGE('',*,*,#2170,.T.);
#3015=ORIENTED_EDGE('',*,*,#2163,.F.);
#3016=ORIENTED_EDGE('',*,*,#2171,.T.);
#3017=ORIENTED_EDGE('',*,*,#2172,.T.);
#3018=ORIENTED_EDGE('',*,*,#2173,.T.);
#3019=ORIENTED_EDGE('',*,*,#2156,.T.);
#3020=ORIENTED_EDGE('',*,*,#2171,.F.);
#3021=ORIENTED_EDGE('',*,*,#2174,.T.);
#3022=ORIENTED_EDGE('',*,*,#2166,.F.);
#3023=ORIENTED_EDGE('',*,*,#2158,.F.);
#3024=ORIENTED_EDGE('',*,*,#2175,.T.);
#3025=ORIENTED_EDGE('',*,*,#2173,.F.);
#3026=ORIENTED_EDGE('',*,*,#2170,.F.);
#3027=ORIENTED_EDGE('',*,*,#2176,.T.);
#3028=ORIENTED_EDGE('',*,*,#2074,.F.);
#3029=ORIENTED_EDGE('',*,*,#2177,.T.);
#3030=ORIENTED_EDGE('',*,*,#2167,.F.);
#3031=ORIENTED_EDGE('',*,*,#2178,.F.);
#3032=ORIENTED_EDGE('',*,*,#2082,.T.);
#3033=ORIENTED_EDGE('',*,*,#2176,.F.);
#3034=ORIENTED_EDGE('',*,*,#2174,.F.);
#3035=ORIENTED_EDGE('',*,*,#2155,.T.);
#3036=ORIENTED_EDGE('',*,*,#2149,.F.);
#3037=ORIENTED_EDGE('',*,*,#2178,.T.);
#3038=ORIENTED_EDGE('',*,*,#2159,.F.);
#3039=ORIENTED_EDGE('',*,*,#2172,.F.);
#3040=ORIENTED_EDGE('',*,*,#2169,.F.);
#3041=ORIENTED_EDGE('',*,*,#2162,.F.);
#3042=ORIENTED_EDGE('',*,*,#2165,.F.);
#3043=ORIENTED_EDGE('',*,*,#2179,.T.);
#3044=ORIENTED_EDGE('',*,*,#2108,.F.);
#3045=ORIENTED_EDGE('',*,*,#2132,.T.);
#3046=ORIENTED_EDGE('',*,*,#2077,.F.);
#3047=ORIENTED_EDGE('',*,*,#2180,.T.);
#3048=ORIENTED_EDGE('',*,*,#2111,.T.);
#3049=ORIENTED_EDGE('',*,*,#2131,.F.);
#3050=ORIENTED_EDGE('',*,*,#2179,.F.);
#3051=ORIENTED_EDGE('',*,*,#2164,.F.);
#3052=ORIENTED_EDGE('',*,*,#2177,.F.);
#3053=ORIENTED_EDGE('',*,*,#2073,.F.);
#3054=ORIENTED_EDGE('',*,*,#2100,.F.);
#3055=ORIENTED_EDGE('',*,*,#2130,.T.);
#3056=ORIENTED_EDGE('',*,*,#2122,.F.);
#3057=ORIENTED_EDGE('',*,*,#2126,.F.);
#3058=ORIENTED_EDGE('',*,*,#2181,.T.);
#3059=ORIENTED_EDGE('',*,*,#2182,.T.);
#3060=ORIENTED_EDGE('',*,*,#2183,.T.);
#3061=ORIENTED_EDGE('',*,*,#2184,.T.);
#3062=ORIENTED_EDGE('',*,*,#2185,.T.);
#3063=ORIENTED_EDGE('',*,*,#2186,.T.);
#3064=ORIENTED_EDGE('',*,*,#2182,.F.);
#3065=ORIENTED_EDGE('',*,*,#2187,.T.);
#3066=ORIENTED_EDGE('',*,*,#2185,.F.);
#3067=ORIENTED_EDGE('',*,*,#2188,.F.);
#3068=ORIENTED_EDGE('',*,*,#2052,.T.);
#3069=ORIENTED_EDGE('',*,*,#2057,.T.);
#3070=ORIENTED_EDGE('',*,*,#1810,.F.);
#3071=ORIENTED_EDGE('',*,*,#1930,.T.);
#3072=ORIENTED_EDGE('',*,*,#1927,.T.);
#3073=ORIENTED_EDGE('',*,*,#2189,.F.);
#3074=ORIENTED_EDGE('',*,*,#2187,.F.);
#3075=ORIENTED_EDGE('',*,*,#2190,.F.);
#3076=ORIENTED_EDGE('',*,*,#2053,.T.);
#3077=ORIENTED_EDGE('',*,*,#2188,.T.);
#3078=ORIENTED_EDGE('',*,*,#2181,.F.);
#3079=ORIENTED_EDGE('',*,*,#2191,.F.);
#3080=ORIENTED_EDGE('',*,*,#2048,.T.);
#3081=ORIENTED_EDGE('',*,*,#2190,.T.);
#3082=ORIENTED_EDGE('',*,*,#2183,.F.);
#3083=ORIENTED_EDGE('',*,*,#2192,.T.);
#3084=ORIENTED_EDGE('',*,*,#1925,.T.);
#3085=ORIENTED_EDGE('',*,*,#2193,.F.);
#3086=ORIENTED_EDGE('',*,*,#2186,.F.);
#3087=ORIENTED_EDGE('',*,*,#2189,.T.);
#3088=ORIENTED_EDGE('',*,*,#1929,.T.);
#3089=ORIENTED_EDGE('',*,*,#2192,.F.);
#3090=ORIENTED_EDGE('',*,*,#2065,.T.);
#3091=ORIENTED_EDGE('',*,*,#2194,.T.);
#3092=ORIENTED_EDGE('',*,*,#2195,.T.);
#3093=ORIENTED_EDGE('',*,*,#1940,.F.);
#3094=ORIENTED_EDGE('',*,*,#1971,.T.);
#3095=ORIENTED_EDGE('',*,*,#1846,.F.);
#3096=ORIENTED_EDGE('',*,*,#2097,.F.);
#3097=ORIENTED_EDGE('',*,*,#2099,.T.);
#3098=ORIENTED_EDGE('',*,*,#2196,.F.);
#3099=ORIENTED_EDGE('',*,*,#2197,.F.);
#3100=ORIENTED_EDGE('',*,*,#2198,.F.);
#3101=ORIENTED_EDGE('',*,*,#2199,.T.);
#3102=ORIENTED_EDGE('',*,*,#2200,.T.);
#3103=ORIENTED_EDGE('',*,*,#2197,.T.);
#3104=ORIENTED_EDGE('',*,*,#2201,.T.);
#3105=ORIENTED_EDGE('',*,*,#2195,.F.);
#3106=ORIENTED_EDGE('',*,*,#2198,.T.);
#3107=ORIENTED_EDGE('',*,*,#2202,.F.);
#3108=ORIENTED_EDGE('',*,*,#1934,.F.);
#3109=ORIENTED_EDGE('',*,*,#2203,.T.);
#3110=ORIENTED_EDGE('',*,*,#2196,.T.);
#3111=ORIENTED_EDGE('',*,*,#2194,.F.);
#3112=ORIENTED_EDGE('',*,*,#2058,.F.);
#3113=ORIENTED_EDGE('',*,*,#2201,.F.);
#3114=ORIENTED_EDGE('',*,*,#2203,.F.);
#3115=ORIENTED_EDGE('',*,*,#2062,.T.);
#3116=ORIENTED_EDGE('',*,*,#2204,.T.);
#3117=ORIENTED_EDGE('',*,*,#2205,.F.);
#3118=ORIENTED_EDGE('',*,*,#2154,.F.);
#3119=ORIENTED_EDGE('',*,*,#2206,.F.);
#3120=ORIENTED_EDGE('',*,*,#2175,.F.);
#3121=ORIENTED_EDGE('',*,*,#2135,.T.);
#3122=ORIENTED_EDGE('',*,*,#2206,.T.);
#3123=ORIENTED_EDGE('',*,*,#2157,.T.);
#3124=ORIENTED_EDGE('',*,*,#2152,.T.);
#3125=ORIENTED_EDGE('',*,*,#2205,.T.);
#3126=ORIENTED_EDGE('',*,*,#2134,.T.);
#3127=ORIENTED_EDGE('',*,*,#2066,.F.);
#3128=ORIENTED_EDGE('',*,*,#2200,.F.);
#3129=ORIENTED_EDGE('',*,*,#2207,.F.);
#3130=ORIENTED_EDGE('',*,*,#1938,.T.);
#3131=ORIENTED_EDGE('',*,*,#2202,.T.);
#3132=ORIENTED_EDGE('',*,*,#2089,.T.);
#3133=ORIENTED_EDGE('',*,*,#1968,.T.);
#3134=ORIENTED_EDGE('',*,*,#2098,.T.);
#3135=ORIENTED_EDGE('',*,*,#2095,.F.);
#3136=ORIENTED_EDGE('',*,*,#1964,.T.);
#3137=ORIENTED_EDGE('',*,*,#2090,.F.);
#3138=ORIENTED_EDGE('',*,*,#2087,.T.);
#3139=ORIENTED_EDGE('',*,*,#1840,.T.);
#3140=ORIENTED_EDGE('',*,*,#1995,.F.);
#3141=ORIENTED_EDGE('',*,*,#1753,.F.);
#3142=ORIENTED_EDGE('',*,*,#1755,.F.);
#3143=ORIENTED_EDGE('',*,*,#1748,.F.);
#3144=ORIENTED_EDGE('',*,*,#1746,.F.);
#3145=ORIENTED_EDGE('',*,*,#1805,.F.);
#3146=ORIENTED_EDGE('',*,*,#1718,.F.);
#3147=ORIENTED_EDGE('',*,*,#1723,.F.);
#3148=ORIENTED_EDGE('',*,*,#1766,.F.);
#3149=ORIENTED_EDGE('',*,*,#1768,.F.);
#3150=ORIENTED_EDGE('',*,*,#1771,.F.);
#3151=ORIENTED_EDGE('',*,*,#1887,.F.);
#3152=ORIENTED_EDGE('',*,*,#1886,.T.);
#3153=ORIENTED_EDGE('',*,*,#1883,.T.);
#3154=ORIENTED_EDGE('',*,*,#1879,.T.);
#3155=ORIENTED_EDGE('',*,*,#1831,.T.);
#3156=ORIENTED_EDGE('',*,*,#1828,.T.);
#3157=ORIENTED_EDGE('',*,*,#1922,.T.);
#3158=ORIENTED_EDGE('',*,*,#1860,.T.);
#3159=ORIENTED_EDGE('',*,*,#1862,.T.);
#3160=ORIENTED_EDGE('',*,*,#1869,.T.);
#3161=ORIENTED_EDGE('',*,*,#1867,.T.);
#3162=ORIENTED_EDGE('',*,*,#2124,.F.);
#3163=ORIENTED_EDGE('',*,*,#2119,.F.);
#3164=ORIENTED_EDGE('',*,*,#2121,.F.);
#3165=ORIENTED_EDGE('',*,*,#2114,.F.);
#3166=ORIENTED_EDGE('',*,*,#2112,.F.);
#3167=ORIENTED_EDGE('',*,*,#2180,.F.);
#3168=ORIENTED_EDGE('',*,*,#2076,.F.);
#3169=ORIENTED_EDGE('',*,*,#2081,.F.);
#3170=ORIENTED_EDGE('',*,*,#2140,.F.);
#3171=ORIENTED_EDGE('',*,*,#2142,.F.);
#3172=ORIENTED_EDGE('',*,*,#2145,.F.);
#3173=ORIENTED_EDGE('',*,*,#2147,.T.);
#3174=ORIENTED_EDGE('',*,*,#2014,.T.);
#3175=ORIENTED_EDGE('',*,*,#2011,.T.);
#3176=ORIENTED_EDGE('',*,*,#2007,.T.);
#3177=ORIENTED_EDGE('',*,*,#1955,.T.);
#3178=ORIENTED_EDGE('',*,*,#1952,.T.);
#3179=ORIENTED_EDGE('',*,*,#2047,.T.);
#3180=ORIENTED_EDGE('',*,*,#1984,.T.);
#3181=ORIENTED_EDGE('',*,*,#1986,.T.);
#3182=ORIENTED_EDGE('',*,*,#1993,.T.);
#3183=ORIENTED_EDGE('',*,*,#1991,.T.);
#3184=ORIENTED_EDGE('',*,*,#2055,.T.);
#3185=ORIENTED_EDGE('',*,*,#2049,.T.);
#3186=ORIENTED_EDGE('',*,*,#2191,.T.);
#3187=ORIENTED_EDGE('',*,*,#2184,.F.);
#3188=ORIENTED_EDGE('',*,*,#2193,.T.);
#3189=ORIENTED_EDGE('',*,*,#1924,.T.);
#3190=ORIENTED_EDGE('',*,*,#1932,.F.);
#3191=ORIENTED_EDGE('',*,*,#1809,.F.);
#3192=ORIENTED_EDGE('',*,*,#2069,.T.);
#3193=ORIENTED_EDGE('',*,*,#1816,.F.);
#3194=ORIENTED_EDGE('',*,*,#1941,.T.);
#3195=ORIENTED_EDGE('',*,*,#1936,.T.);
#3196=ORIENTED_EDGE('',*,*,#2207,.T.);
#3197=ORIENTED_EDGE('',*,*,#2199,.F.);
#3198=ORIENTED_EDGE('',*,*,#2204,.F.);
#3199=ORIENTED_EDGE('',*,*,#2061,.T.);
#3200=SPHERICAL_SURFACE('',#3488,0.5);
#3201=SPHERICAL_SURFACE('',#3500,0.5);
#3202=SPHERICAL_SURFACE('',#3528,0.5);
#3203=SPHERICAL_SURFACE('',#3552,0.5);
#3204=SPHERICAL_SURFACE('',#3557,0.5);
#3205=SPHERICAL_SURFACE('',#3562,0.5);
#3206=SPHERICAL_SURFACE('',#3564,0.5);
#3207=SPHERICAL_SURFACE('',#3579,0.499999999999998);
#3208=SPHERICAL_SURFACE('',#3585,0.499999999999998);
#3209=SPHERICAL_SURFACE('',#3589,0.5);
#3210=SPHERICAL_SURFACE('',#3601,0.5);
#3211=SPHERICAL_SURFACE('',#3631,0.5);
#3212=SPHERICAL_SURFACE('',#3657,0.5);
#3213=SPHERICAL_SURFACE('',#3662,0.5);
#3214=SPHERICAL_SURFACE('',#3667,0.5);
#3215=SPHERICAL_SURFACE('',#3669,0.5);
#3216=SPHERICAL_SURFACE('',#3686,0.499999999999998);
#3217=SPHERICAL_SURFACE('',#3694,0.499999999999998);
#3218=SPHERICAL_SURFACE('',#3700,0.5);
#3219=SPHERICAL_SURFACE('',#3712,0.5);
#3220=SPHERICAL_SURFACE('',#3744,0.5);
#3221=SPHERICAL_SURFACE('',#3770,0.5);
#3222=SPHERICAL_SURFACE('',#3775,0.5);
#3223=SPHERICAL_SURFACE('',#3780,0.5);
#3224=SPHERICAL_SURFACE('',#3782,0.5);
#3225=SPHERICAL_SURFACE('',#3799,0.499999999999998);
#3226=SPHERICAL_SURFACE('',#3806,0.499999999999998);
#3227=SPHERICAL_SURFACE('',#3811,0.5);
#3228=SPHERICAL_SURFACE('',#3823,0.5);
#3229=SPHERICAL_SURFACE('',#3857,0.5);
#3230=SPHERICAL_SURFACE('',#3886,0.5);
#3231=SPHERICAL_SURFACE('',#3891,0.5);
#3232=SPHERICAL_SURFACE('',#3896,0.5);
#3233=SPHERICAL_SURFACE('',#3898,0.5);
#3234=SPHERICAL_SURFACE('',#3919,0.499999999999998);
#3235=SPHERICAL_SURFACE('',#3928,0.499999999999998);
#3236=ADVANCED_FACE('',(#783),#3200,.T.);
#3237=ADVANCED_FACE('',(#784),#667,.T.);
#3238=ADVANCED_FACE('',(#785),#91,.T.);
#3239=ADVANCED_FACE('',(#786),#668,.F.);
#3240=ADVANCED_FACE('',(#787),#34,.F.);
#3241=ADVANCED_FACE('',(#788),#3201,.F.);
#3242=ADVANCED_FACE('',(#789),#26,.T.);
#3243=ADVANCED_FACE('',(#790),#669,.F.);
#3244=ADVANCED_FACE('',(#791),#670,.T.);
#3245=ADVANCED_FACE('',(#792),#671,.T.);
#3246=ADVANCED_FACE('',(#793),#672,.T.);
#3247=ADVANCED_FACE('',(#794),#673,.F.);
#3248=ADVANCED_FACE('',(#795),#674,.F.);
#3249=ADVANCED_FACE('',(#796),#92,.F.);
#3250=ADVANCED_FACE('',(#797),#675,.F.);
#3251=ADVANCED_FACE('',(#798),#676,.T.);
#3252=ADVANCED_FACE('',(#799),#3202,.T.);
#3253=ADVANCED_FACE('',(#800),#35,.F.);
#3254=ADVANCED_FACE('',(#801),#36,.F.);
#3255=ADVANCED_FACE('',(#802),#27,.T.);
#3256=ADVANCED_FACE('',(#803),#677,.F.);
#3257=ADVANCED_FACE('',(#804),#93,.F.);
#3258=ADVANCED_FACE('',(#805),#678,.T.);
#3259=ADVANCED_FACE('',(#806),#679,.T.);
#3260=ADVANCED_FACE('',(#807,#19),#37,.T.);
#3261=ADVANCED_FACE('',(#808),#680,.T.);
#3262=ADVANCED_FACE('',(#809),#681,.T.);
#3263=ADVANCED_FACE('',(#810),#3203,.T.);
#3264=ADVANCED_FACE('',(#811),#682,.T.);
#3265=ADVANCED_FACE('',(#812),#3204,.T.);
#3266=ADVANCED_FACE('',(#813),#683,.T.);
#3267=ADVANCED_FACE('',(#814),#3205,.T.);
#3268=ADVANCED_FACE('',(#815),#3206,.T.);
#3269=ADVANCED_FACE('',(#816),#684,.T.);
#3270=ADVANCED_FACE('',(#817),#38,.F.);
#3271=ADVANCED_FACE('',(#818),#685,.T.);
#3272=ADVANCED_FACE('',(#819),#39,.F.);
#3273=ADVANCED_FACE('',(#820),#686,.T.);
#3274=ADVANCED_FACE('',(#821),#40,.F.);
#3275=ADVANCED_FACE('',(#822),#41,.F.);
#3276=ADVANCED_FACE('',(#823),#15,.F.);
#3277=ADVANCED_FACE('',(#824),#687,.T.);
#3278=ADVANCED_FACE('',(#825),#3207,.T.);
#3279=ADVANCED_FACE('',(#826),#688,.T.);
#3280=ADVANCED_FACE('',(#827),#3208,.T.);
#3281=ADVANCED_FACE('',(#828),#689,.T.);
#3282=ADVANCED_FACE('',(#829),#3209,.T.);
#3283=ADVANCED_FACE('',(#830),#690,.T.);
#3284=ADVANCED_FACE('',(#831),#94,.T.);
#3285=ADVANCED_FACE('',(#832),#691,.F.);
#3286=ADVANCED_FACE('',(#833),#42,.T.);
#3287=ADVANCED_FACE('',(#834),#3210,.F.);
#3288=ADVANCED_FACE('',(#835),#692,.F.);
#3289=ADVANCED_FACE('',(#836),#28,.F.);
#3290=ADVANCED_FACE('',(#837),#693,.F.);
#3291=ADVANCED_FACE('',(#838),#694,.T.);
#3292=ADVANCED_FACE('',(#839),#695,.T.);
#3293=ADVANCED_FACE('',(#840),#696,.T.);
#3294=ADVANCED_FACE('',(#841),#697,.T.);
#3295=ADVANCED_FACE('',(#842),#698,.F.);
#3296=ADVANCED_FACE('',(#843),#699,.F.);
#3297=ADVANCED_FACE('',(#844),#95,.F.);
#3298=ADVANCED_FACE('',(#845),#700,.F.);
#3299=ADVANCED_FACE('',(#846),#701,.T.);
#3300=ADVANCED_FACE('',(#847),#3211,.T.);
#3301=ADVANCED_FACE('',(#848),#43,.T.);
#3302=ADVANCED_FACE('',(#849),#44,.T.);
#3303=ADVANCED_FACE('',(#850),#29,.F.);
#3304=ADVANCED_FACE('',(#851),#702,.F.);
#3305=ADVANCED_FACE('',(#852),#96,.F.);
#3306=ADVANCED_FACE('',(#853),#703,.F.);
#3307=ADVANCED_FACE('',(#854),#704,.T.);
#3308=ADVANCED_FACE('',(#855),#45,.F.);
#3309=ADVANCED_FACE('',(#856),#705,.T.);
#3310=ADVANCED_FACE('',(#857,#20),#46,.F.);
#3311=ADVANCED_FACE('',(#858),#706,.T.);
#3312=ADVANCED_FACE('',(#859),#707,.T.);
#3313=ADVANCED_FACE('',(#860),#3212,.T.);
#3314=ADVANCED_FACE('',(#861),#708,.T.);
#3315=ADVANCED_FACE('',(#862),#3213,.T.);
#3316=ADVANCED_FACE('',(#863),#709,.T.);
#3317=ADVANCED_FACE('',(#864),#3214,.T.);
#3318=ADVANCED_FACE('',(#865),#3215,.T.);
#3319=ADVANCED_FACE('',(#866),#710,.T.);
#3320=ADVANCED_FACE('',(#867),#47,.T.);
#3321=ADVANCED_FACE('',(#868),#711,.T.);
#3322=ADVANCED_FACE('',(#869),#48,.T.);
#3323=ADVANCED_FACE('',(#870),#712,.T.);
#3324=ADVANCED_FACE('',(#871),#49,.T.);
#3325=ADVANCED_FACE('',(#872),#50,.T.);
#3326=ADVANCED_FACE('',(#873),#16,.T.);
#3327=ADVANCED_FACE('',(#874),#713,.T.);
#3328=ADVANCED_FACE('',(#875),#51,.F.);
#3329=ADVANCED_FACE('',(#876),#714,.T.);
#3330=ADVANCED_FACE('',(#877),#3216,.T.);
#3331=ADVANCED_FACE('',(#878),#715,.T.);
#3332=ADVANCED_FACE('',(#879),#716,.T.);
#3333=ADVANCED_FACE('',(#880),#52,.F.);
#3334=ADVANCED_FACE('',(#881),#3217,.T.);
#3335=ADVANCED_FACE('',(#882),#717,.T.);
#3336=ADVANCED_FACE('',(#883),#718,.T.);
#3337=ADVANCED_FACE('',(#884),#53,.F.);
#3338=ADVANCED_FACE('',(#885),#3218,.T.);
#3339=ADVANCED_FACE('',(#886),#719,.T.);
#3340=ADVANCED_FACE('',(#887),#97,.T.);
#3341=ADVANCED_FACE('',(#888),#720,.F.);
#3342=ADVANCED_FACE('',(#889),#54,.T.);
#3343=ADVANCED_FACE('',(#890),#3219,.F.);
#3344=ADVANCED_FACE('',(#891),#721,.F.);
#3345=ADVANCED_FACE('',(#892),#30,.F.);
#3346=ADVANCED_FACE('',(#893),#722,.F.);
#3347=ADVANCED_FACE('',(#894),#55,.F.);
#3348=ADVANCED_FACE('',(#895),#723,.T.);
#3349=ADVANCED_FACE('',(#896),#724,.T.);
#3350=ADVANCED_FACE('',(#897),#725,.T.);
#3351=ADVANCED_FACE('',(#898),#726,.T.);
#3352=ADVANCED_FACE('',(#899),#727,.F.);
#3353=ADVANCED_FACE('',(#900),#728,.F.);
#3354=ADVANCED_FACE('',(#901),#98,.F.);
#3355=ADVANCED_FACE('',(#902),#729,.F.);
#3356=ADVANCED_FACE('',(#903),#730,.F.);
#3357=ADVANCED_FACE('',(#904),#731,.T.);
#3358=ADVANCED_FACE('',(#905),#3220,.T.);
#3359=ADVANCED_FACE('',(#906),#56,.T.);
#3360=ADVANCED_FACE('',(#907),#57,.T.);
#3361=ADVANCED_FACE('',(#908),#732,.T.);
#3362=ADVANCED_FACE('',(#909),#58,.F.);
#3363=ADVANCED_FACE('',(#910),#31,.F.);
#3364=ADVANCED_FACE('',(#911),#733,.F.);
#3365=ADVANCED_FACE('',(#912),#99,.F.);
#3366=ADVANCED_FACE('',(#913),#734,.T.);
#3367=ADVANCED_FACE('',(#914),#735,.T.);
#3368=ADVANCED_FACE('',(#915,#21),#59,.F.);
#3369=ADVANCED_FACE('',(#916),#736,.T.);
#3370=ADVANCED_FACE('',(#917),#737,.T.);
#3371=ADVANCED_FACE('',(#918),#3221,.T.);
#3372=ADVANCED_FACE('',(#919),#738,.T.);
#3373=ADVANCED_FACE('',(#920),#3222,.T.);
#3374=ADVANCED_FACE('',(#921),#739,.T.);
#3375=ADVANCED_FACE('',(#922),#3223,.T.);
#3376=ADVANCED_FACE('',(#923),#3224,.T.);
#3377=ADVANCED_FACE('',(#924),#740,.T.);
#3378=ADVANCED_FACE('',(#925),#60,.T.);
#3379=ADVANCED_FACE('',(#926),#741,.T.);
#3380=ADVANCED_FACE('',(#927),#61,.T.);
#3381=ADVANCED_FACE('',(#928),#742,.T.);
#3382=ADVANCED_FACE('',(#929),#62,.T.);
#3383=ADVANCED_FACE('',(#930),#63,.T.);
#3384=ADVANCED_FACE('',(#931),#17,.T.);
#3385=ADVANCED_FACE('',(#932),#743,.T.);
#3386=ADVANCED_FACE('',(#933),#744,.T.);
#3387=ADVANCED_FACE('',(#934),#64,.F.);
#3388=ADVANCED_FACE('',(#935),#3225,.T.);
#3389=ADVANCED_FACE('',(#936),#745,.T.);
#3390=ADVANCED_FACE('',(#937),#746,.T.);
#3391=ADVANCED_FACE('',(#938),#3226,.T.);
#3392=ADVANCED_FACE('',(#939),#747,.T.);
#3393=ADVANCED_FACE('',(#940),#65,.F.);
#3394=ADVANCED_FACE('',(#941),#3227,.T.);
#3395=ADVANCED_FACE('',(#942),#748,.T.);
#3396=ADVANCED_FACE('',(#943),#100,.T.);
#3397=ADVANCED_FACE('',(#944),#749,.F.);
#3398=ADVANCED_FACE('',(#945),#66,.F.);
#3399=ADVANCED_FACE('',(#946),#3228,.F.);
#3400=ADVANCED_FACE('',(#947),#750,.F.);
#3401=ADVANCED_FACE('',(#948),#751,.F.);
#3402=ADVANCED_FACE('',(#949),#32,.T.);
#3403=ADVANCED_FACE('',(#950),#752,.F.);
#3404=ADVANCED_FACE('',(#951),#67,.T.);
#3405=ADVANCED_FACE('',(#952),#753,.T.);
#3406=ADVANCED_FACE('',(#953),#754,.T.);
#3407=ADVANCED_FACE('',(#954),#755,.T.);
#3408=ADVANCED_FACE('',(#955),#756,.T.);
#3409=ADVANCED_FACE('',(#956),#757,.T.);
#3410=ADVANCED_FACE('',(#957),#758,.F.);
#3411=ADVANCED_FACE('',(#958),#759,.F.);
#3412=ADVANCED_FACE('',(#959),#101,.F.);
#3413=ADVANCED_FACE('',(#960),#760,.F.);
#3414=ADVANCED_FACE('',(#961),#761,.F.);
#3415=ADVANCED_FACE('',(#962),#762,.T.);
#3416=ADVANCED_FACE('',(#963),#3229,.T.);
#3417=ADVANCED_FACE('',(#964),#68,.F.);
#3418=ADVANCED_FACE('',(#965),#69,.F.);
#3419=ADVANCED_FACE('',(#966),#70,.T.);
#3420=ADVANCED_FACE('',(#967),#763,.T.);
#3421=ADVANCED_FACE('',(#968),#71,.T.);
#3422=ADVANCED_FACE('',(#969),#33,.T.);
#3423=ADVANCED_FACE('',(#970),#764,.F.);
#3424=ADVANCED_FACE('',(#971),#102,.F.);
#3425=ADVANCED_FACE('',(#972),#765,.F.);
#3426=ADVANCED_FACE('',(#973),#766,.T.);
#3427=ADVANCED_FACE('',(#974),#72,.T.);
#3428=ADVANCED_FACE('',(#975),#767,.T.);
#3429=ADVANCED_FACE('',(#976,#22),#73,.T.);
#3430=ADVANCED_FACE('',(#977),#768,.T.);
#3431=ADVANCED_FACE('',(#978),#769,.T.);
#3432=ADVANCED_FACE('',(#979),#3230,.T.);
#3433=ADVANCED_FACE('',(#980),#770,.T.);
#3434=ADVANCED_FACE('',(#981),#3231,.T.);
#3435=ADVANCED_FACE('',(#982),#771,.T.);
#3436=ADVANCED_FACE('',(#983),#3232,.T.);
#3437=ADVANCED_FACE('',(#984),#3233,.T.);
#3438=ADVANCED_FACE('',(#985),#772,.T.);
#3439=ADVANCED_FACE('',(#986),#74,.F.);
#3440=ADVANCED_FACE('',(#987),#773,.T.);
#3441=ADVANCED_FACE('',(#988),#75,.F.);
#3442=ADVANCED_FACE('',(#989),#774,.T.);
#3443=ADVANCED_FACE('',(#990),#76,.F.);
#3444=ADVANCED_FACE('',(#991),#77,.F.);
#3445=ADVANCED_FACE('',(#992),#18,.F.);
#3446=ADVANCED_FACE('',(#993),#775,.T.);
#3447=ADVANCED_FACE('',(#994),#78,.F.);
#3448=ADVANCED_FACE('',(#995),#79,.T.);
#3449=ADVANCED_FACE('',(#996),#776,.T.);
#3450=ADVANCED_FACE('',(#997),#777,.T.);
#3451=ADVANCED_FACE('',(#998),#80,.T.);
#3452=ADVANCED_FACE('',(#999,#23),#81,.T.);
#3453=ADVANCED_FACE('',(#1000),#3234,.T.);
#3454=ADVANCED_FACE('',(#1001),#778,.T.);
#3455=ADVANCED_FACE('',(#1002),#779,.T.);
#3456=ADVANCED_FACE('',(#1003),#780,.T.);
#3457=ADVANCED_FACE('',(#1004),#82,.T.);
#3458=ADVANCED_FACE('',(#1005),#3235,.T.);
#3459=ADVANCED_FACE('',(#1006),#781,.T.);
#3460=ADVANCED_FACE('',(#1007),#782,.T.);
#3461=ADVANCED_FACE('',(#1008),#83,.T.);
#3462=ADVANCED_FACE('',(#1009),#84,.T.);
#3463=ADVANCED_FACE('',(#1010,#24),#85,.T.);
#3464=ADVANCED_FACE('',(#1011,#25),#86,.T.);
#3465=CLOSED_SHELL('',(#3236,#3237,#3238,#3239,#3240,#3241,#3242,#3243,
#3244,#3245,#3246,#3247,#3248,#3249,#3250,#3251,#3252,#3253,#3254,#3255,
#3256,#3257,#3258,#3259,#3260,#3261,#3262,#3263,#3264,#3265,#3266,#3267,
#3268,#3269,#3270,#3271,#3272,#3273,#3274,#3275,#3276,#3277,#3278,#3279,
#3280,#3281,#3282,#3283,#3284,#3285,#3286,#3287,#3288,#3289,#3290,#3291,
#3292,#3293,#3294,#3295,#3296,#3297,#3298,#3299,#3300,#3301,#3302,#3303,
#3304,#3305,#3306,#3307,#3308,#3309,#3310,#3311,#3312,#3313,#3314,#3315,
#3316,#3317,#3318,#3319,#3320,#3321,#3322,#3323,#3324,#3325,#3326,#3327,
#3328,#3329,#3330,#3331,#3332,#3333,#3334,#3335,#3336,#3337,#3338,#3339,
#3340,#3341,#3342,#3343,#3344,#3345,#3346,#3347,#3348,#3349,#3350,#3351,
#3352,#3353,#3354,#3355,#3356,#3357,#3358,#3359,#3360,#3361,#3362,#3363,
#3364,#3365,#3366,#3367,#3368,#3369,#3370,#3371,#3372,#3373,#3374,#3375,
#3376,#3377,#3378,#3379,#3380,#3381,#3382,#3383,#3384,#3385,#3386,#3387,
#3388,#3389,#3390,#3391,#3392,#3393,#3394,#3395,#3396,#3397,#3398,#3399,
#3400,#3401,#3402,#3403,#3404,#3405,#3406,#3407,#3408,#3409,#3410,#3411,
#3412,#3413,#3414,#3415,#3416,#3417,#3418,#3419,#3420,#3421,#3422,#3423,
#3424,#3425,#3426,#3427,#3428,#3429,#3430,#3431,#3432,#3433,#3434,#3435,
#3436,#3437,#3438,#3439,#3440,#3441,#3442,#3443,#3444,#3445,#3446,#3447,
#3448,#3449,#3450,#3451,#3452,#3453,#3454,#3455,#3456,#3457,#3458,#3459,
#3460,#3461,#3462,#3463,#3464));
#3466=DERIVED_UNIT_ELEMENT(#3469,1.);
#3467=DERIVED_UNIT_ELEMENT(#6368,-3.);
#3468=DIMENSIONAL_EXPONENTS(0.,1.,0.,0.,0.,0.,0.);
#3469=(
CONVERSION_BASED_UNIT('gram',#3471)
MASS_UNIT()
NAMED_UNIT(#3468)
);
#3470=(
MASS_UNIT()
NAMED_UNIT(*)
SI_UNIT(.KILO.,.GRAM.)
);
#3471=MASS_MEASURE_WITH_UNIT(MASS_MEASURE(0.001),#3470);
#3472=DERIVED_UNIT((#3466,#3467));
#3473=MEASURE_REPRESENTATION_ITEM('density measure',
POSITIVE_RATIO_MEASURE(1.),#3472);
#3474=PROPERTY_DEFINITION_REPRESENTATION(#3479,#3476);
#3475=PROPERTY_DEFINITION_REPRESENTATION(#3480,#3477);
#3476=REPRESENTATION('material name',(#3478),#6365);
#3477=REPRESENTATION('density',(#3473),#6365);
#3478=DESCRIPTIVE_REPRESENTATION_ITEM('Generic','Generic');
#3479=PROPERTY_DEFINITION('material property','material name',#6375);
#3480=PROPERTY_DEFINITION('material property','density of part',#6375);
#3481=DATE_TIME_ROLE('creation_date');
#3482=APPLIED_DATE_AND_TIME_ASSIGNMENT(#3483,#3481,(#6375));
#3483=DATE_AND_TIME(#3484,#3485);
#3484=CALENDAR_DATE(2026,14,4);
#3485=LOCAL_TIME(0,0,0.,#3486);
#3486=COORDINATED_UNIVERSAL_TIME_OFFSET(0,0,.BEHIND.);
#3487=AXIS2_PLACEMENT_3D('',#5097,#3937,#3938);
#3488=AXIS2_PLACEMENT_3D('',#5098,#3939,#3940);
#3489=AXIS2_PLACEMENT_3D('',#5100,#3941,#3942);
#3490=AXIS2_PLACEMENT_3D('',#5102,#3943,#3944);
#3491=AXIS2_PLACEMENT_3D('',#5103,#3945,#3946);
#3492=AXIS2_PLACEMENT_3D('',#5106,#3947,#3948);
#3493=AXIS2_PLACEMENT_3D('',#5110,#3950,#3951);
#3494=AXIS2_PLACEMENT_3D('',#5112,#3953,#3954);
#3495=AXIS2_PLACEMENT_3D('',#5121,#3955,#3956);
#3496=AXIS2_PLACEMENT_3D('',#5122,#3957,#3958);
#3497=AXIS2_PLACEMENT_3D('',#5123,#3959,#3960);
#3498=AXIS2_PLACEMENT_3D('',#5127,#3962,#3963);
#3499=AXIS2_PLACEMENT_3D('',#5129,#3965,#3966);
#3500=AXIS2_PLACEMENT_3D('',#5133,#3969,#3970);
#3501=AXIS2_PLACEMENT_3D('',#5136,#3971,#3972);
#3502=AXIS2_PLACEMENT_3D('',#5138,#3973,#3974);
#3503=AXIS2_PLACEMENT_3D('',#5139,#3975,#3976);
#3504=AXIS2_PLACEMENT_3D('',#5172,#3977,#3978);
#3505=AXIS2_PLACEMENT_3D('',#5174,#3979,#3980);
#3506=AXIS2_PLACEMENT_3D('',#5175,#3981,#3982);
#3507=AXIS2_PLACEMENT_3D('',#5176,#3983,#3984);
#3508=AXIS2_PLACEMENT_3D('',#5179,#3987,#3988);
#3509=AXIS2_PLACEMENT_3D('',#5184,#3990,#3991);
#3510=AXIS2_PLACEMENT_3D('',#5187,#3993,#3994);
#3511=AXIS2_PLACEMENT_3D('',#5188,#3995,#3996);
#3512=AXIS2_PLACEMENT_3D('',#5193,#3999,#4000);
#3513=AXIS2_PLACEMENT_3D('',#5194,#4001,#4002);
#3514=AXIS2_PLACEMENT_3D('',#5198,#4004,#4005);
#3515=AXIS2_PLACEMENT_3D('',#5200,#4007,#4008);
#3516=AXIS2_PLACEMENT_3D('',#5205,#4010,#4011);
#3517=AXIS2_PLACEMENT_3D('',#5208,#4013,#4014);
#3518=AXIS2_PLACEMENT_3D('',#5209,#4015,#4016);
#3519=AXIS2_PLACEMENT_3D('',#5213,#4018,#4019);
#3520=AXIS2_PLACEMENT_3D('',#5215,#4021,#4022);
#3521=AXIS2_PLACEMENT_3D('',#5218,#4023,#4024);
#3522=AXIS2_PLACEMENT_3D('',#5220,#4025,#4026);
#3523=AXIS2_PLACEMENT_3D('',#5222,#4027,#4028);
#3524=AXIS2_PLACEMENT_3D('',#5223,#4029,#4030);
#3525=AXIS2_PLACEMENT_3D('',#5224,#4031,#4032);
#3526=AXIS2_PLACEMENT_3D('',#5227,#4035,#4036);
#3527=AXIS2_PLACEMENT_3D('',#5229,#4037,#4038);
#3528=AXIS2_PLACEMENT_3D('',#5232,#4041,#4042);
#3529=AXIS2_PLACEMENT_3D('',#5233,#4043,#4044);
#3530=AXIS2_PLACEMENT_3D('',#5234,#4045,#4046);
#3531=AXIS2_PLACEMENT_3D('',#5237,#4049,#4050);
#3532=AXIS2_PLACEMENT_3D('',#5265,#4052,#4053);
#3533=AXIS2_PLACEMENT_3D('',#5267,#4054,#4055);
#3534=AXIS2_PLACEMENT_3D('',#5268,#4056,#4057);
#3535=AXIS2_PLACEMENT_3D('',#5269,#4058,#4059);
#3536=AXIS2_PLACEMENT_3D('',#5272,#4060,#4061);
#3537=AXIS2_PLACEMENT_3D('',#5275,#4064,#4065);
#3538=AXIS2_PLACEMENT_3D('',#5278,#4066,#4067);
#3539=AXIS2_PLACEMENT_3D('',#5279,#4068,#4069);
#3540=AXIS2_PLACEMENT_3D('',#5280,#4070,#4071);
#3541=AXIS2_PLACEMENT_3D('',#5281,#4072,#4073);
#3542=AXIS2_PLACEMENT_3D('',#5283,#4074,#4075);
#3543=AXIS2_PLACEMENT_3D('',#5285,#4077,#4078);
#3544=AXIS2_PLACEMENT_3D('',#5289,#4080,#4081);
#3545=AXIS2_PLACEMENT_3D('',#5291,#4083,#4084);
#3546=AXIS2_PLACEMENT_3D('',#5297,#4088,#4089);
#3547=AXIS2_PLACEMENT_3D('',#5300,#4090,#4091);
#3548=AXIS2_PLACEMENT_3D('',#5304,#4093,#4094);
#3549=AXIS2_PLACEMENT_3D('',#5306,#4096,#4097);
#3550=AXIS2_PLACEMENT_3D('',#5308,#4098,#4099);
#3551=AXIS2_PLACEMENT_3D('',#5312,#4101,#4102);
#3552=AXIS2_PLACEMENT_3D('',#5314,#4104,#4105);
#3553=AXIS2_PLACEMENT_3D('',#5315,#4106,#4107);
#3554=AXIS2_PLACEMENT_3D('',#5316,#4108,#4109);
#3555=AXIS2_PLACEMENT_3D('',#5319,#4110,#4111);
#3556=AXIS2_PLACEMENT_3D('',#5322,#4113,#4114);
#3557=AXIS2_PLACEMENT_3D('',#5324,#4116,#4117);
#3558=AXIS2_PLACEMENT_3D('',#5325,#4118,#4119);
#3559=AXIS2_PLACEMENT_3D('',#5326,#4120,#4121);
#3560=AXIS2_PLACEMENT_3D('',#5327,#4122,#4123);
#3561=AXIS2_PLACEMENT_3D('',#5329,#4125,#4126);
#3562=AXIS2_PLACEMENT_3D('',#5330,#4127,#4128);
#3563=AXIS2_PLACEMENT_3D('',#5331,#4129,#4130);
#3564=AXIS2_PLACEMENT_3D('',#5332,#4131,#4132);
#3565=AXIS2_PLACEMENT_3D('',#5333,#4133,#4134);
#3566=AXIS2_PLACEMENT_3D('',#5334,#4135,#4136);
#3567=AXIS2_PLACEMENT_3D('',#5337,#4139,#4140);
#3568=AXIS2_PLACEMENT_3D('',#5339,#4142,#4143);
#3569=AXIS2_PLACEMENT_3D('',#5340,#4144,#4145);
#3570=AXIS2_PLACEMENT_3D('',#5341,#4146,#4147);
#3571=AXIS2_PLACEMENT_3D('',#5344,#4150,#4151);
#3572=AXIS2_PLACEMENT_3D('',#5346,#4153,#4154);
#3573=AXIS2_PLACEMENT_3D('',#5358,#4155,#4156);
#3574=AXIS2_PLACEMENT_3D('',#5360,#4157,#4158);
#3575=AXIS2_PLACEMENT_3D('',#5362,#4159,#4160);
#3576=AXIS2_PLACEMENT_3D('',#5363,#4161,#4162);
#3577=AXIS2_PLACEMENT_3D('',#5364,#4163,#4164);
#3578=AXIS2_PLACEMENT_3D('',#5367,#4165,#4166);
#3579=AXIS2_PLACEMENT_3D('',#5370,#4169,#4170);
#3580=AXIS2_PLACEMENT_3D('',#5373,#4171,#4172);
#3581=AXIS2_PLACEMENT_3D('',#5375,#4173,#4174);
#3582=AXIS2_PLACEMENT_3D('',#5376,#4175,#4176);
#3583=AXIS2_PLACEMENT_3D('',#5377,#4177,#4178);
#3584=AXIS2_PLACEMENT_3D('',#5380,#4179,#4180);
#3585=AXIS2_PLACEMENT_3D('',#5383,#4183,#4184);
#3586=AXIS2_PLACEMENT_3D('',#5385,#4185,#4186);
#3587=AXIS2_PLACEMENT_3D('',#5386,#4187,#4188);
#3588=AXIS2_PLACEMENT_3D('',#5387,#4189,#4190);
#3589=AXIS2_PLACEMENT_3D('',#5389,#4192,#4193);
#3590=AXIS2_PLACEMENT_3D('',#5391,#4194,#4195);
#3591=AXIS2_PLACEMENT_3D('',#5393,#4196,#4197);
#3592=AXIS2_PLACEMENT_3D('',#5394,#4198,#4199);
#3593=AXIS2_PLACEMENT_3D('',#5397,#4200,#4201);
#3594=AXIS2_PLACEMENT_3D('',#5401,#4203,#4204);
#3595=AXIS2_PLACEMENT_3D('',#5403,#4206,#4207);
#3596=AXIS2_PLACEMENT_3D('',#5412,#4208,#4209);
#3597=AXIS2_PLACEMENT_3D('',#5413,#4210,#4211);
#3598=AXIS2_PLACEMENT_3D('',#5414,#4212,#4213);
#3599=AXIS2_PLACEMENT_3D('',#5418,#4215,#4216);
#3600=AXIS2_PLACEMENT_3D('',#5420,#4218,#4219);
#3601=AXIS2_PLACEMENT_3D('',#5424,#4222,#4223);
#3602=AXIS2_PLACEMENT_3D('',#5427,#4224,#4225);
#3603=AXIS2_PLACEMENT_3D('',#5429,#4226,#4227);
#3604=AXIS2_PLACEMENT_3D('',#5430,#4228,#4229);
#3605=AXIS2_PLACEMENT_3D('',#5431,#4230,#4231);
#3606=AXIS2_PLACEMENT_3D('',#5466,#4234,#4235);
#3607=AXIS2_PLACEMENT_3D('',#5468,#4236,#4237);
#3608=AXIS2_PLACEMENT_3D('',#5469,#4238,#4239);
#3609=AXIS2_PLACEMENT_3D('',#5470,#4240,#4241);
#3610=AXIS2_PLACEMENT_3D('',#5473,#4244,#4245);
#3611=AXIS2_PLACEMENT_3D('',#5476,#4248,#4249);
#3612=AXIS2_PLACEMENT_3D('',#5481,#4251,#4252);
#3613=AXIS2_PLACEMENT_3D('',#5484,#4254,#4255);
#3614=AXIS2_PLACEMENT_3D('',#5485,#4256,#4257);
#3615=AXIS2_PLACEMENT_3D('',#5489,#4259,#4260);
#3616=AXIS2_PLACEMENT_3D('',#5491,#4262,#4263);
#3617=AXIS2_PLACEMENT_3D('',#5496,#4266,#4267);
#3618=AXIS2_PLACEMENT_3D('',#5497,#4268,#4269);
#3619=AXIS2_PLACEMENT_3D('',#5502,#4271,#4272);
#3620=AXIS2_PLACEMENT_3D('',#5505,#4274,#4275);
#3621=AXIS2_PLACEMENT_3D('',#5506,#4276,#4277);
#3622=AXIS2_PLACEMENT_3D('',#5511,#4280,#4281);
#3623=AXIS2_PLACEMENT_3D('',#5512,#4282,#4283);
#3624=AXIS2_PLACEMENT_3D('',#5515,#4284,#4285);
#3625=AXIS2_PLACEMENT_3D('',#5517,#4286,#4287);
#3626=AXIS2_PLACEMENT_3D('',#5519,#4288,#4289);
#3627=AXIS2_PLACEMENT_3D('',#5520,#4290,#4291);
#3628=AXIS2_PLACEMENT_3D('',#5521,#4292,#4293);
#3629=AXIS2_PLACEMENT_3D('',#5524,#4296,#4297);
#3630=AXIS2_PLACEMENT_3D('',#5526,#4298,#4299);
#3631=AXIS2_PLACEMENT_3D('',#5529,#4302,#4303);
#3632=AXIS2_PLACEMENT_3D('',#5530,#4304,#4305);
#3633=AXIS2_PLACEMENT_3D('',#5531,#4306,#4307);
#3634=AXIS2_PLACEMENT_3D('',#5534,#4310,#4311);
#3635=AXIS2_PLACEMENT_3D('',#5562,#4313,#4314);
#3636=AXIS2_PLACEMENT_3D('',#5564,#4315,#4316);
#3637=AXIS2_PLACEMENT_3D('',#5565,#4317,#4318);
#3638=AXIS2_PLACEMENT_3D('',#5566,#4319,#4320);
#3639=AXIS2_PLACEMENT_3D('',#5569,#4321,#4322);
#3640=AXIS2_PLACEMENT_3D('',#5572,#4325,#4326);
#3641=AXIS2_PLACEMENT_3D('',#5575,#4327,#4328);
#3642=AXIS2_PLACEMENT_3D('',#5576,#4329,#4330);
#3643=AXIS2_PLACEMENT_3D('',#5577,#4331,#4332);
#3644=AXIS2_PLACEMENT_3D('',#5578,#4333,#4334);
#3645=AXIS2_PLACEMENT_3D('',#5581,#4337,#4338);
#3646=AXIS2_PLACEMENT_3D('',#5583,#4339,#4340);
#3647=AXIS2_PLACEMENT_3D('',#5585,#4342,#4343);
#3648=AXIS2_PLACEMENT_3D('',#5589,#4346,#4347);
#3649=AXIS2_PLACEMENT_3D('',#5591,#4348,#4349);
#3650=AXIS2_PLACEMENT_3D('',#5593,#4351,#4352);
#3651=AXIS2_PLACEMENT_3D('',#5599,#4356,#4357);
#3652=AXIS2_PLACEMENT_3D('',#5602,#4358,#4359);
#3653=AXIS2_PLACEMENT_3D('',#5606,#4361,#4362);
#3654=AXIS2_PLACEMENT_3D('',#5608,#4364,#4365);
#3655=AXIS2_PLACEMENT_3D('',#5610,#4366,#4367);
#3656=AXIS2_PLACEMENT_3D('',#5614,#4369,#4370);
#3657=AXIS2_PLACEMENT_3D('',#5616,#4372,#4373);
#3658=AXIS2_PLACEMENT_3D('',#5617,#4374,#4375);
#3659=AXIS2_PLACEMENT_3D('',#5618,#4376,#4377);
#3660=AXIS2_PLACEMENT_3D('',#5621,#4378,#4379);
#3661=AXIS2_PLACEMENT_3D('',#5624,#4381,#4382);
#3662=AXIS2_PLACEMENT_3D('',#5626,#4384,#4385);
#3663=AXIS2_PLACEMENT_3D('',#5627,#4386,#4387);
#3664=AXIS2_PLACEMENT_3D('',#5628,#4388,#4389);
#3665=AXIS2_PLACEMENT_3D('',#5629,#4390,#4391);
#3666=AXIS2_PLACEMENT_3D('',#5630,#4392,#4393);
#3667=AXIS2_PLACEMENT_3D('',#5632,#4395,#4396);
#3668=AXIS2_PLACEMENT_3D('',#5633,#4397,#4398);
#3669=AXIS2_PLACEMENT_3D('',#5634,#4399,#4400);
#3670=AXIS2_PLACEMENT_3D('',#5635,#4401,#4402);
#3671=AXIS2_PLACEMENT_3D('',#5636,#4403,#4404);
#3672=AXIS2_PLACEMENT_3D('',#5639,#4407,#4408);
#3673=AXIS2_PLACEMENT_3D('',#5641,#4410,#4411);
#3674=AXIS2_PLACEMENT_3D('',#5642,#4412,#4413);
#3675=AXIS2_PLACEMENT_3D('',#5643,#4414,#4415);
#3676=AXIS2_PLACEMENT_3D('',#5646,#4418,#4419);
#3677=AXIS2_PLACEMENT_3D('',#5648,#4421,#4422);
#3678=AXIS2_PLACEMENT_3D('',#5660,#4423,#4424);
#3679=AXIS2_PLACEMENT_3D('',#5662,#4425,#4426);
#3680=AXIS2_PLACEMENT_3D('',#5664,#4427,#4428);
#3681=AXIS2_PLACEMENT_3D('',#5665,#4429,#4430);
#3682=AXIS2_PLACEMENT_3D('',#5666,#4431,#4432);
#3683=AXIS2_PLACEMENT_3D('',#5669,#4433,#4434);
#3684=AXIS2_PLACEMENT_3D('',#5672,#4437,#4438);
#3685=AXIS2_PLACEMENT_3D('',#5675,#4441,#4442);
#3686=AXIS2_PLACEMENT_3D('',#5677,#4444,#4445);
#3687=AXIS2_PLACEMENT_3D('',#5680,#4446,#4447);
#3688=AXIS2_PLACEMENT_3D('',#5682,#4448,#4449);
#3689=AXIS2_PLACEMENT_3D('',#5683,#4450,#4451);
#3690=AXIS2_PLACEMENT_3D('',#5684,#4452,#4453);
#3691=AXIS2_PLACEMENT_3D('',#5687,#4454,#4455);
#3692=AXIS2_PLACEMENT_3D('',#5690,#4458,#4459);
#3693=AXIS2_PLACEMENT_3D('',#5693,#4462,#4463);
#3694=AXIS2_PLACEMENT_3D('',#5695,#4465,#4466);
#3695=AXIS2_PLACEMENT_3D('',#5697,#4467,#4468);
#3696=AXIS2_PLACEMENT_3D('',#5698,#4469,#4470);
#3697=AXIS2_PLACEMENT_3D('',#5699,#4471,#4472);
#3698=AXIS2_PLACEMENT_3D('',#5701,#4474,#4475);
#3699=AXIS2_PLACEMENT_3D('',#5703,#4477,#4478);
#3700=AXIS2_PLACEMENT_3D('',#5704,#4479,#4480);
#3701=AXIS2_PLACEMENT_3D('',#5706,#4481,#4482);
#3702=AXIS2_PLACEMENT_3D('',#5708,#4483,#4484);
#3703=AXIS2_PLACEMENT_3D('',#5709,#4485,#4486);
#3704=AXIS2_PLACEMENT_3D('',#5712,#4487,#4488);
#3705=AXIS2_PLACEMENT_3D('',#5716,#4490,#4491);
#3706=AXIS2_PLACEMENT_3D('',#5718,#4493,#4494);
#3707=AXIS2_PLACEMENT_3D('',#5727,#4495,#4496);
#3708=AXIS2_PLACEMENT_3D('',#5728,#4497,#4498);
#3709=AXIS2_PLACEMENT_3D('',#5729,#4499,#4500);
#3710=AXIS2_PLACEMENT_3D('',#5733,#4502,#4503);
#3711=AXIS2_PLACEMENT_3D('',#5735,#4505,#4506);
#3712=AXIS2_PLACEMENT_3D('',#5739,#4509,#4510);
#3713=AXIS2_PLACEMENT_3D('',#5742,#4511,#4512);
#3714=AXIS2_PLACEMENT_3D('',#5744,#4513,#4514);
#3715=AXIS2_PLACEMENT_3D('',#5745,#4515,#4516);
#3716=AXIS2_PLACEMENT_3D('',#5746,#4517,#4518);
#3717=AXIS2_PLACEMENT_3D('',#5781,#4521,#4522);
#3718=AXIS2_PLACEMENT_3D('',#5783,#4523,#4524);
#3719=AXIS2_PLACEMENT_3D('',#5784,#4525,#4526);
#3720=AXIS2_PLACEMENT_3D('',#5785,#4527,#4528);
#3721=AXIS2_PLACEMENT_3D('',#5788,#4531,#4532);
#3722=AXIS2_PLACEMENT_3D('',#5790,#4534,#4535);
#3723=AXIS2_PLACEMENT_3D('',#5792,#4537,#4538);
#3724=AXIS2_PLACEMENT_3D('',#5797,#4540,#4541);
#3725=AXIS2_PLACEMENT_3D('',#5800,#4543,#4544);
#3726=AXIS2_PLACEMENT_3D('',#5801,#4545,#4546);
#3727=AXIS2_PLACEMENT_3D('',#5805,#4548,#4549);
#3728=AXIS2_PLACEMENT_3D('',#5807,#4551,#4552);
#3729=AXIS2_PLACEMENT_3D('',#5812,#4555,#4556);
#3730=AXIS2_PLACEMENT_3D('',#5813,#4557,#4558);
#3731=AXIS2_PLACEMENT_3D('',#5818,#4560,#4561);
#3732=AXIS2_PLACEMENT_3D('',#5821,#4563,#4564);
#3733=AXIS2_PLACEMENT_3D('',#5822,#4565,#4566);
#3734=AXIS2_PLACEMENT_3D('',#5827,#4569,#4570);
#3735=AXIS2_PLACEMENT_3D('',#5828,#4571,#4572);
#3736=AXIS2_PLACEMENT_3D('',#5831,#4573,#4574);
#3737=AXIS2_PLACEMENT_3D('',#5833,#4575,#4576);
#3738=AXIS2_PLACEMENT_3D('',#5835,#4577,#4578);
#3739=AXIS2_PLACEMENT_3D('',#5836,#4579,#4580);
#3740=AXIS2_PLACEMENT_3D('',#5837,#4581,#4582);
#3741=AXIS2_PLACEMENT_3D('',#5840,#4585,#4586);
#3742=AXIS2_PLACEMENT_3D('',#5843,#4589,#4590);
#3743=AXIS2_PLACEMENT_3D('',#5845,#4591,#4592);
#3744=AXIS2_PLACEMENT_3D('',#5848,#4595,#4596);
#3745=AXIS2_PLACEMENT_3D('',#5849,#4597,#4598);
#3746=AXIS2_PLACEMENT_3D('',#5850,#4599,#4600);
#3747=AXIS2_PLACEMENT_3D('',#5853,#4603,#4604);
#3748=AXIS2_PLACEMENT_3D('',#5855,#4606,#4607);
#3749=AXIS2_PLACEMENT_3D('',#5858,#4610,#4611);
#3750=AXIS2_PLACEMENT_3D('',#5885,#4612,#4613);
#3751=AXIS2_PLACEMENT_3D('',#5887,#4614,#4615);
#3752=AXIS2_PLACEMENT_3D('',#5888,#4616,#4617);
#3753=AXIS2_PLACEMENT_3D('',#5889,#4618,#4619);
#3754=AXIS2_PLACEMENT_3D('',#5892,#4620,#4621);
#3755=AXIS2_PLACEMENT_3D('',#5895,#4624,#4625);
#3756=AXIS2_PLACEMENT_3D('',#5898,#4626,#4627);
#3757=AXIS2_PLACEMENT_3D('',#5899,#4628,#4629);
#3758=AXIS2_PLACEMENT_3D('',#5900,#4630,#4631);
#3759=AXIS2_PLACEMENT_3D('',#5901,#4632,#4633);
#3760=AXIS2_PLACEMENT_3D('',#5903,#4634,#4635);
#3761=AXIS2_PLACEMENT_3D('',#5905,#4637,#4638);
#3762=AXIS2_PLACEMENT_3D('',#5909,#4640,#4641);
#3763=AXIS2_PLACEMENT_3D('',#5911,#4643,#4644);
#3764=AXIS2_PLACEMENT_3D('',#5917,#4648,#4649);
#3765=AXIS2_PLACEMENT_3D('',#5920,#4650,#4651);
#3766=AXIS2_PLACEMENT_3D('',#5924,#4653,#4654);
#3767=AXIS2_PLACEMENT_3D('',#5926,#4656,#4657);
#3768=AXIS2_PLACEMENT_3D('',#5928,#4658,#4659);
#3769=AXIS2_PLACEMENT_3D('',#5932,#4661,#4662);
#3770=AXIS2_PLACEMENT_3D('',#5934,#4664,#4665);
#3771=AXIS2_PLACEMENT_3D('',#5935,#4666,#4667);
#3772=AXIS2_PLACEMENT_3D('',#5936,#4668,#4669);
#3773=AXIS2_PLACEMENT_3D('',#5939,#4670,#4671);
#3774=AXIS2_PLACEMENT_3D('',#5942,#4673,#4674);
#3775=AXIS2_PLACEMENT_3D('',#5944,#4676,#4677);
#3776=AXIS2_PLACEMENT_3D('',#5945,#4678,#4679);
#3777=AXIS2_PLACEMENT_3D('',#5946,#4680,#4681);
#3778=AXIS2_PLACEMENT_3D('',#5947,#4682,#4683);
#3779=AXIS2_PLACEMENT_3D('',#5948,#4684,#4685);
#3780=AXIS2_PLACEMENT_3D('',#5950,#4687,#4688);
#3781=AXIS2_PLACEMENT_3D('',#5951,#4689,#4690);
#3782=AXIS2_PLACEMENT_3D('',#5952,#4691,#4692);
#3783=AXIS2_PLACEMENT_3D('',#5953,#4693,#4694);
#3784=AXIS2_PLACEMENT_3D('',#5954,#4695,#4696);
#3785=AXIS2_PLACEMENT_3D('',#5957,#4699,#4700);
#3786=AXIS2_PLACEMENT_3D('',#5959,#4702,#4703);
#3787=AXIS2_PLACEMENT_3D('',#5960,#4704,#4705);
#3788=AXIS2_PLACEMENT_3D('',#5961,#4706,#4707);
#3789=AXIS2_PLACEMENT_3D('',#5964,#4710,#4711);
#3790=AXIS2_PLACEMENT_3D('',#5966,#4713,#4714);
#3791=AXIS2_PLACEMENT_3D('',#5978,#4715,#4716);
#3792=AXIS2_PLACEMENT_3D('',#5980,#4717,#4718);
#3793=AXIS2_PLACEMENT_3D('',#5982,#4719,#4720);
#3794=AXIS2_PLACEMENT_3D('',#5983,#4721,#4722);
#3795=AXIS2_PLACEMENT_3D('',#5984,#4723,#4724);
#3796=AXIS2_PLACEMENT_3D('',#5987,#4725,#4726);
#3797=AXIS2_PLACEMENT_3D('',#5990,#4729,#4730);
#3798=AXIS2_PLACEMENT_3D('',#5993,#4733,#4734);
#3799=AXIS2_PLACEMENT_3D('',#5995,#4736,#4737);
#3800=AXIS2_PLACEMENT_3D('',#5998,#4738,#4739);
#3801=AXIS2_PLACEMENT_3D('',#6000,#4740,#4741);
#3802=AXIS2_PLACEMENT_3D('',#6001,#4742,#4743);
#3803=AXIS2_PLACEMENT_3D('',#6002,#4744,#4745);
#3804=AXIS2_PLACEMENT_3D('',#6005,#4746,#4747);
#3805=AXIS2_PLACEMENT_3D('',#6008,#4750,#4751);
#3806=AXIS2_PLACEMENT_3D('',#6011,#4754,#4755);
#3807=AXIS2_PLACEMENT_3D('',#6013,#4756,#4757);
#3808=AXIS2_PLACEMENT_3D('',#6014,#4758,#4759);
#3809=AXIS2_PLACEMENT_3D('',#6015,#4760,#4761);
#3810=AXIS2_PLACEMENT_3D('',#6017,#4763,#4764);
#3811=AXIS2_PLACEMENT_3D('',#6019,#4766,#4767);
#3812=AXIS2_PLACEMENT_3D('',#6021,#4768,#4769);
#3813=AXIS2_PLACEMENT_3D('',#6023,#4770,#4771);
#3814=AXIS2_PLACEMENT_3D('',#6024,#4772,#4773);
#3815=AXIS2_PLACEMENT_3D('',#6027,#4774,#4775);
#3816=AXIS2_PLACEMENT_3D('',#6031,#4777,#4778);
#3817=AXIS2_PLACEMENT_3D('',#6033,#4780,#4781);
#3818=AXIS2_PLACEMENT_3D('',#6042,#4782,#4783);
#3819=AXIS2_PLACEMENT_3D('',#6043,#4784,#4785);
#3820=AXIS2_PLACEMENT_3D('',#6044,#4786,#4787);
#3821=AXIS2_PLACEMENT_3D('',#6048,#4789,#4790);
#3822=AXIS2_PLACEMENT_3D('',#6050,#4792,#4793);
#3823=AXIS2_PLACEMENT_3D('',#6054,#4796,#4797);
#3824=AXIS2_PLACEMENT_3D('',#6057,#4798,#4799);
#3825=AXIS2_PLACEMENT_3D('',#6059,#4800,#4801);
#3826=AXIS2_PLACEMENT_3D('',#6060,#4802,#4803);
#3827=AXIS2_PLACEMENT_3D('',#6061,#4804,#4805);
#3828=AXIS2_PLACEMENT_3D('',#6064,#4808,#4809);
#3829=AXIS2_PLACEMENT_3D('',#6099,#4812,#4813);
#3830=AXIS2_PLACEMENT_3D('',#6101,#4814,#4815);
#3831=AXIS2_PLACEMENT_3D('',#6102,#4816,#4817);
#3832=AXIS2_PLACEMENT_3D('',#6103,#4818,#4819);
#3833=AXIS2_PLACEMENT_3D('',#6106,#4822,#4823);
#3834=AXIS2_PLACEMENT_3D('',#6108,#4825,#4826);
#3835=AXIS2_PLACEMENT_3D('',#6110,#4828,#4829);
#3836=AXIS2_PLACEMENT_3D('',#6113,#4832,#4833);
#3837=AXIS2_PLACEMENT_3D('',#6118,#4835,#4836);
#3838=AXIS2_PLACEMENT_3D('',#6121,#4838,#4839);
#3839=AXIS2_PLACEMENT_3D('',#6122,#4840,#4841);
#3840=AXIS2_PLACEMENT_3D('',#6127,#4844,#4845);
#3841=AXIS2_PLACEMENT_3D('',#6128,#4846,#4847);
#3842=AXIS2_PLACEMENT_3D('',#6132,#4849,#4850);
#3843=AXIS2_PLACEMENT_3D('',#6134,#4852,#4853);
#3844=AXIS2_PLACEMENT_3D('',#6139,#4855,#4856);
#3845=AXIS2_PLACEMENT_3D('',#6142,#4858,#4859);
#3846=AXIS2_PLACEMENT_3D('',#6143,#4860,#4861);
#3847=AXIS2_PLACEMENT_3D('',#6147,#4863,#4864);
#3848=AXIS2_PLACEMENT_3D('',#6149,#4866,#4867);
#3849=AXIS2_PLACEMENT_3D('',#6152,#4868,#4869);
#3850=AXIS2_PLACEMENT_3D('',#6154,#4870,#4871);
#3851=AXIS2_PLACEMENT_3D('',#6156,#4872,#4873);
#3852=AXIS2_PLACEMENT_3D('',#6157,#4874,#4875);
#3853=AXIS2_PLACEMENT_3D('',#6158,#4876,#4877);
#3854=AXIS2_PLACEMENT_3D('',#6161,#4880,#4881);
#3855=AXIS2_PLACEMENT_3D('',#6164,#4884,#4885);
#3856=AXIS2_PLACEMENT_3D('',#6166,#4886,#4887);
#3857=AXIS2_PLACEMENT_3D('',#6169,#4890,#4891);
#3858=AXIS2_PLACEMENT_3D('',#6170,#4892,#4893);
#3859=AXIS2_PLACEMENT_3D('',#6171,#4894,#4895);
#3860=AXIS2_PLACEMENT_3D('',#6174,#4898,#4899);
#3861=AXIS2_PLACEMENT_3D('',#6176,#4901,#4902);
#3862=AXIS2_PLACEMENT_3D('',#6185,#4908,#4909);
#3863=AXIS2_PLACEMENT_3D('',#6187,#4911,#4912);
#3864=AXIS2_PLACEMENT_3D('',#6214,#4913,#4914);
#3865=AXIS2_PLACEMENT_3D('',#6216,#4915,#4916);
#3866=AXIS2_PLACEMENT_3D('',#6217,#4917,#4918);
#3867=AXIS2_PLACEMENT_3D('',#6218,#4919,#4920);
#3868=AXIS2_PLACEMENT_3D('',#6221,#4921,#4922);
#3869=AXIS2_PLACEMENT_3D('',#6224,#4925,#4926);
#3870=AXIS2_PLACEMENT_3D('',#6227,#4927,#4928);
#3871=AXIS2_PLACEMENT_3D('',#6228,#4929,#4930);
#3872=AXIS2_PLACEMENT_3D('',#6229,#4931,#4932);
#3873=AXIS2_PLACEMENT_3D('',#6230,#4933,#4934);
#3874=AXIS2_PLACEMENT_3D('',#6233,#4937,#4938);
#3875=AXIS2_PLACEMENT_3D('',#6235,#4939,#4940);
#3876=AXIS2_PLACEMENT_3D('',#6237,#4942,#4943);
#3877=AXIS2_PLACEMENT_3D('',#6241,#4946,#4947);
#3878=AXIS2_PLACEMENT_3D('',#6244,#4949,#4950);
#3879=AXIS2_PLACEMENT_3D('',#6245,#4951,#4952);
#3880=AXIS2_PLACEMENT_3D('',#6251,#4956,#4957);
#3881=AXIS2_PLACEMENT_3D('',#6253,#4958,#4959);
#3882=AXIS2_PLACEMENT_3D('',#6256,#4961,#4962);
#3883=AXIS2_PLACEMENT_3D('',#6257,#4963,#4964);
#3884=AXIS2_PLACEMENT_3D('',#6259,#4965,#4966);
#3885=AXIS2_PLACEMENT_3D('',#6263,#4968,#4969);
#3886=AXIS2_PLACEMENT_3D('',#6265,#4971,#4972);
#3887=AXIS2_PLACEMENT_3D('',#6266,#4973,#4974);
#3888=AXIS2_PLACEMENT_3D('',#6267,#4975,#4976);
#3889=AXIS2_PLACEMENT_3D('',#6270,#4977,#4978);
#3890=AXIS2_PLACEMENT_3D('',#6273,#4980,#4981);
#3891=AXIS2_PLACEMENT_3D('',#6275,#4983,#4984);
#3892=AXIS2_PLACEMENT_3D('',#6276,#4985,#4986);
#3893=AXIS2_PLACEMENT_3D('',#6277,#4987,#4988);
#3894=AXIS2_PLACEMENT_3D('',#6278,#4989,#4990);
#3895=AXIS2_PLACEMENT_3D('',#6280,#4992,#4993);
#3896=AXIS2_PLACEMENT_3D('',#6281,#4994,#4995);
#3897=AXIS2_PLACEMENT_3D('',#6282,#4996,#4997);
#3898=AXIS2_PLACEMENT_3D('',#6283,#4998,#4999);
#3899=AXIS2_PLACEMENT_3D('',#6284,#5000,#5001);
#3900=AXIS2_PLACEMENT_3D('',#6285,#5002,#5003);
#3901=AXIS2_PLACEMENT_3D('',#6288,#5006,#5007);
#3902=AXIS2_PLACEMENT_3D('',#6290,#5009,#5010);
#3903=AXIS2_PLACEMENT_3D('',#6291,#5011,#5012);
#3904=AXIS2_PLACEMENT_3D('',#6292,#5013,#5014);
#3905=AXIS2_PLACEMENT_3D('',#6294,#5016,#5017);
#3906=AXIS2_PLACEMENT_3D('',#6296,#5019,#5020);
#3907=AXIS2_PLACEMENT_3D('',#6308,#5021,#5022);
#3908=AXIS2_PLACEMENT_3D('',#6310,#5023,#5024);
#3909=AXIS2_PLACEMENT_3D('',#6312,#5025,#5026);
#3910=AXIS2_PLACEMENT_3D('',#6313,#5027,#5028);
#3911=AXIS2_PLACEMENT_3D('',#6314,#5029,#5030);
#3912=AXIS2_PLACEMENT_3D('',#6317,#5031,#5032);
#3913=AXIS2_PLACEMENT_3D('',#6320,#5035,#5036);
#3914=AXIS2_PLACEMENT_3D('',#6323,#5039,#5040);
#3915=AXIS2_PLACEMENT_3D('',#6325,#5042,#5043);
#3916=AXIS2_PLACEMENT_3D('',#6327,#5045,#5046);
#3917=AXIS2_PLACEMENT_3D('',#6330,#5049,#5050);
#3918=AXIS2_PLACEMENT_3D('',#6331,#5051,#5052);
#3919=AXIS2_PLACEMENT_3D('',#6335,#5055,#5056);
#3920=AXIS2_PLACEMENT_3D('',#6337,#5057,#5058);
#3921=AXIS2_PLACEMENT_3D('',#6339,#5059,#5060);
#3922=AXIS2_PLACEMENT_3D('',#6340,#5061,#5062);
#3923=AXIS2_PLACEMENT_3D('',#6341,#5063,#5064);
#3924=AXIS2_PLACEMENT_3D('',#6344,#5065,#5066);
#3925=AXIS2_PLACEMENT_3D('',#6347,#5069,#5070);
#3926=AXIS2_PLACEMENT_3D('',#6349,#5072,#5073);
#3927=AXIS2_PLACEMENT_3D('',#6351,#5075,#5076);
#3928=AXIS2_PLACEMENT_3D('',#6353,#5078,#5079);
#3929=AXIS2_PLACEMENT_3D('',#6354,#5080,#5081);
#3930=AXIS2_PLACEMENT_3D('',#6355,#5082,#5083);
#3931=AXIS2_PLACEMENT_3D('',#6356,#5084,#5085);
#3932=AXIS2_PLACEMENT_3D('',#6357,#5086,#5087);
#3933=AXIS2_PLACEMENT_3D('',#6358,#5088,#5089);
#3934=AXIS2_PLACEMENT_3D('',#6360,#5091,#5092);
#3935=AXIS2_PLACEMENT_3D('',#6361,#5093,#5094);
#3936=AXIS2_PLACEMENT_3D('',#6362,#5095,#5096);
#3937=DIRECTION('axis',(0.,0.,1.));
#3938=DIRECTION('refdir',(1.,0.,0.));
#3939=DIRECTION('center_axis',(-1.,0.,0.));
#3940=DIRECTION('ref_axis',(0.,-1.,0.));
#3941=DIRECTION('center_axis',(-1.,0.,0.));
#3942=DIRECTION('ref_axis',(0.,3.70074341541719E-16,-1.));
#3943=DIRECTION('center_axis',(0.,0.,-1.));
#3944=DIRECTION('ref_axis',(0.,1.,0.));
#3945=DIRECTION('center_axis',(0.,-0.999892130591862,-0.0146876540150532));
#3946=DIRECTION('ref_axis',(-0.707106781186547,0.0103857397537659,-0.707030505996572));
#3947=DIRECTION('center_axis',(0.,0.999892130591862,0.0146876540150531));
#3948=DIRECTION('ref_axis',(0.,0.0146876540150531,-0.999892130591862));
#3949=DIRECTION('',(0.,0.999892130591862,0.0146876540150532));
#3950=DIRECTION('center_axis',(0.,0.712280722052426,-0.701894702211432));
#3951=DIRECTION('ref_axis',(1.94814914814387E-16,-0.701894702211432,-0.712280722052426));
#3952=DIRECTION('',(0.,-0.999892130591862,-0.0146876540150532));
#3953=DIRECTION('center_axis',(-1.,0.,0.));
#3954=DIRECTION('ref_axis',(0.,0.,1.));
#3955=DIRECTION('center_axis',(-1.,0.,0.));
#3956=DIRECTION('ref_axis',(0.,-0.712280722052426,0.701894702211432));
#3957=DIRECTION('center_axis',(1.,0.,0.));
#3958=DIRECTION('ref_axis',(0.,-0.712280722052426,0.701894702211432));
#3959=DIRECTION('center_axis',(-1.,0.,0.));
#3960=DIRECTION('ref_axis',(0.,-0.712280722052427,0.701894702211431));
#3961=DIRECTION('',(1.,0.,0.));
#3962=DIRECTION('center_axis',(1.,0.,0.));
#3963=DIRECTION('ref_axis',(0.,-0.0146876540150531,0.999892130591862));
#3964=DIRECTION('',(-1.,0.,0.));
#3965=DIRECTION('center_axis',(0.,-0.0146876540150532,0.999892130591862));
#3966=DIRECTION('ref_axis',(0.,0.999892130591862,0.0146876540150532));
#3967=DIRECTION('',(-1.,0.,0.));
#3968=DIRECTION('',(0.,0.999892130591862,0.0146876540150532));
#3969=DIRECTION('center_axis',(0.816496580927728,0.408248290463862,-0.40824829046386));
#3970=DIRECTION('ref_axis',(0.577350269189624,-0.57735026918963,0.577350269189624));
#3971=DIRECTION('center_axis',(0.,1.,0.));
#3972=DIRECTION('ref_axis',(1.,0.,0.));
#3973=DIRECTION('center_axis',(-4.44089209850064E-15,0.,-1.));
#3974=DIRECTION('ref_axis',(0.,-1.,0.));
#3975=DIRECTION('center_axis',(-1.,0.,0.));
#3976=DIRECTION('ref_axis',(0.,0.,1.));
#3977=DIRECTION('center_axis',(0.,-1.,0.));
#3978=DIRECTION('ref_axis',(1.,0.,0.));
#3979=DIRECTION('center_axis',(0.447213595499959,0.,-0.894427190999915));
#3980=DIRECTION('ref_axis',(-0.894427190999915,0.,-0.44721359549996));
#3981=DIRECTION('center_axis',(-0.894427190999917,0.,0.447213595499956));
#3982=DIRECTION('ref_axis',(-0.447213595499956,0.,-0.894427190999917));
#3983=DIRECTION('center_axis',(0.,1.,0.));
#3984=DIRECTION('ref_axis',(0.707106781186551,0.,0.707106781186544));
#3985=DIRECTION('',(0.,-1.,0.));
#3986=DIRECTION('',(0.,1.,0.));
#3987=DIRECTION('center_axis',(1.,0.,0.));
#3988=DIRECTION('ref_axis',(0.,0.707106781186548,0.707106781186547));
#3989=DIRECTION('',(1.,0.,0.));
#3990=DIRECTION('center_axis',(-1.,0.,0.));
#3991=DIRECTION('ref_axis',(0.,0.,1.));
#3992=DIRECTION('',(-1.,0.,0.));
#3993=DIRECTION('center_axis',(0.707106781186549,-7.85046229341886E-16,
-0.707106781186546));
#3994=DIRECTION('ref_axis',(-0.707106781186546,-7.85046229341888E-16,-0.707106781186549));
#3995=DIRECTION('center_axis',(0.,0.,-1.));
#3996=DIRECTION('ref_axis',(0.707106781186546,0.707106781186549,0.));
#3997=DIRECTION('',(0.,0.,-1.));
#3998=DIRECTION('',(0.,0.,1.));
#3999=DIRECTION('center_axis',(-0.707106781186549,0.,-0.707106781186546));
#4000=DIRECTION('ref_axis',(-0.707106781186546,0.,0.707106781186549));
#4001=DIRECTION('center_axis',(-1.,0.,7.40148683083438E-16));
#4002=DIRECTION('ref_axis',(0.,0.707106781186549,-0.707106781186546));
#4003=DIRECTION('',(1.,0.,-7.40148683083438E-16));
#4004=DIRECTION('center_axis',(0.707106781186549,0.,-0.707106781186546));
#4005=DIRECTION('ref_axis',(-0.707106781186546,0.,-0.707106781186549));
#4006=DIRECTION('',(-1.,0.,7.40148683083438E-16));
#4007=DIRECTION('center_axis',(-1.,0.,7.40148683083438E-16));
#4008=DIRECTION('ref_axis',(0.,-0.707106781186547,0.707106781186548));
#4009=DIRECTION('',(1.,0.,-7.40148683083438E-16));
#4010=DIRECTION('center_axis',(-1.,0.,0.));
#4011=DIRECTION('ref_axis',(0.,-0.707106781186547,0.707106781186548));
#4012=DIRECTION('',(-1.,0.,7.40148683083438E-16));
#4013=DIRECTION('center_axis',(-0.70710678118655,0.,-0.707106781186545));
#4014=DIRECTION('ref_axis',(0.707106781186545,0.,-0.70710678118655));
#4015=DIRECTION('center_axis',(0.,0.,-1.));
#4016=DIRECTION('ref_axis',(-0.707106781186547,-0.707106781186548,0.));
#4017=DIRECTION('',(0.,0.,-1.));
#4018=DIRECTION('center_axis',(0.707106781186549,0.,-0.707106781186546));
#4019=DIRECTION('ref_axis',(0.707106781186546,0.,0.707106781186549));
#4020=DIRECTION('',(0.,0.,1.));
#4021=DIRECTION('center_axis',(0.,-1.,0.));
#4022=DIRECTION('ref_axis',(0.,0.,1.));
#4023=DIRECTION('center_axis',(1.11022302462516E-15,-1.,0.));
#4024=DIRECTION('ref_axis',(0.,0.,1.));
#4025=DIRECTION('center_axis',(1.,0.,0.));
#4026=DIRECTION('ref_axis',(0.,-1.,0.));
#4027=DIRECTION('center_axis',(0.,1.,0.));
#4028=DIRECTION('ref_axis',(0.707106781186546,0.,0.707106781186549));
#4029=DIRECTION('center_axis',(0.,0.,1.));
#4030=DIRECTION('ref_axis',(-1.,0.,0.));
#4031=DIRECTION('center_axis',(1.,0.,0.));
#4032=DIRECTION('ref_axis',(0.,-0.707106781186547,-0.707106781186548));
#4033=DIRECTION('',(1.,0.,0.));
#4034=DIRECTION('',(-1.,0.,0.));
#4035=DIRECTION('center_axis',(0.,-1.,0.));
#4036=DIRECTION('ref_axis',(0.707106781186553,0.,0.707106781186542));
#4037=DIRECTION('center_axis',(0.,-1.,0.));
#4038=DIRECTION('ref_axis',(1.,0.,-1.11022302462516E-15));
#4039=DIRECTION('',(0.,-1.,0.));
#4040=DIRECTION('',(0.,1.,0.));
#4041=DIRECTION('center_axis',(0.40824829046386,-0.816496580927727,0.408248290463865));
#4042=DIRECTION('ref_axis',(0.577350269189623,0.577350269189627,0.577350269189627));
#4043=DIRECTION('center_axis',(0.,0.,1.));
#4044=DIRECTION('ref_axis',(0.70710678118655,0.707106781186545,0.));
#4045=DIRECTION('center_axis',(-1.,0.,0.));
#4046=DIRECTION('ref_axis',(0.,0.,-1.));
#4047=DIRECTION('',(0.,-1.,0.));
#4048=DIRECTION('',(0.,-1.,0.));
#4049=DIRECTION('center_axis',(7.40148683083438E-16,0.,1.));
#4050=DIRECTION('ref_axis',(-1.,0.,7.40148683083438E-16));
#4051=DIRECTION('',(0.,-1.,0.));
#4052=DIRECTION('center_axis',(-8.57984272699221E-16,-0.999892223618127,
0.0146813196953516));
#4053=DIRECTION('ref_axis',(-3.9062996565802E-13,-0.0146813196953516,-0.999892223618127));
#4054=DIRECTION('center_axis',(0.,0.,-1.));
#4055=DIRECTION('ref_axis',(0.,-1.,0.));
#4056=DIRECTION('center_axis',(0.,1.,0.));
#4057=DIRECTION('ref_axis',(-3.94849855256277E-13,0.,-1.));
#4058=DIRECTION('center_axis',(0.,0.,1.));
#4059=DIRECTION('ref_axis',(-0.707106781186552,-0.707106781186543,0.));
#4060=DIRECTION('center_axis',(0.,0.,1.));
#4061=DIRECTION('ref_axis',(-1.,0.,0.));
#4062=DIRECTION('',(0.,0.,-1.));
#4063=DIRECTION('',(0.,0.,1.));
#4064=DIRECTION('center_axis',(0.,1.,0.));
#4065=DIRECTION('ref_axis',(0.,0.,-1.));
#4066=DIRECTION('center_axis',(-1.,0.,0.));
#4067=DIRECTION('ref_axis',(0.,0.,-1.));
#4068=DIRECTION('center_axis',(0.,1.,0.));
#4069=DIRECTION('ref_axis',(0.707106781186548,0.,0.707106781186548));
#4070=DIRECTION('center_axis',(0.,-1.,0.));
#4071=DIRECTION('ref_axis',(0.707106781186548,0.,0.707106781186548));
#4072=DIRECTION('center_axis',(0.,0.999892130591862,0.0146876540150532));
#4073=DIRECTION('ref_axis',(0.707106781186553,0.0103857397537658,-0.707030505996566));
#4074=DIRECTION('center_axis',(0.,0.712280722052427,-0.701894702211431));
#4075=DIRECTION('ref_axis',(-2.43518643517984E-16,-0.701894702211431,-0.712280722052427));
#4076=DIRECTION('',(0.,-0.999892130591862,-0.0146876540150532));
#4077=DIRECTION('center_axis',(0.,1.,0.));
#4078=DIRECTION('ref_axis',(0.707106781186554,0.,0.707106781186541));
#4079=DIRECTION('',(0.,1.,0.));
#4080=DIRECTION('center_axis',(0.,1.,0.));
#4081=DIRECTION('ref_axis',(1.,0.,0.));
#4082=DIRECTION('',(0.,-1.,0.));
#4083=DIRECTION('center_axis',(1.,0.,0.));
#4084=DIRECTION('ref_axis',(0.,0.,-1.));
#4085=DIRECTION('',(0.,-3.02788097625043E-16,1.));
#4086=DIRECTION('',(0.,-1.,0.));
#4087=DIRECTION('',(0.,0.,-1.));
#4088=DIRECTION('center_axis',(-1.,0.,0.));
#4089=DIRECTION('ref_axis',(0.,0.707106781186548,-0.707106781186547));
#4090=DIRECTION('center_axis',(-1.,0.,0.));
#4091=DIRECTION('ref_axis',(0.,1.,0.));
#4092=DIRECTION('',(-1.,0.,0.));
#4093=DIRECTION('center_axis',(1.,0.,0.));
#4094=DIRECTION('ref_axis',(0.,0.,-1.));
#4095=DIRECTION('',(1.,0.,0.));
#4096=DIRECTION('center_axis',(0.,-1.,0.));
#4097=DIRECTION('ref_axis',(-0.707106781186547,0.,-0.707106781186548));
#4098=DIRECTION('center_axis',(0.,-1.,0.));
#4099=DIRECTION('ref_axis',(-1.,0.,0.));
#4100=DIRECTION('',(0.,-1.,0.));
#4101=DIRECTION('center_axis',(0.,1.,0.));
#4102=DIRECTION('ref_axis',(0.,0.,-1.));
#4103=DIRECTION('',(0.,1.,0.));
#4104=DIRECTION('center_axis',(0.816496580927729,0.408248290463861,-0.408248290463859));
#4105=DIRECTION('ref_axis',(-0.577350269189623,0.577350269189627,-0.577350269189627));
#4106=DIRECTION('center_axis',(0.,0.,-1.));
#4107=DIRECTION('ref_axis',(-0.707106781186546,0.707106781186549,0.));
#4108=DIRECTION('center_axis',(-1.,0.,0.));
#4109=DIRECTION('ref_axis',(0.,-0.707106781186547,-0.707106781186548));
#4110=DIRECTION('center_axis',(-1.,0.,0.));
#4111=DIRECTION('ref_axis',(0.,0.,-1.));
#4112=DIRECTION('',(-1.,0.,0.));
#4113=DIRECTION('center_axis',(1.,0.,0.));
#4114=DIRECTION('ref_axis',(0.,-1.,0.));
#4115=DIRECTION('',(1.,0.,0.));
#4116=DIRECTION('center_axis',(0.816496580927729,-0.40824829046386,-0.408248290463859));
#4117=DIRECTION('ref_axis',(-0.577350269189623,-0.577350269189628,-0.577350269189627));
#4118=DIRECTION('center_axis',(0.,3.02788097625043E-16,-1.));
#4119=DIRECTION('ref_axis',(-0.707106781186546,-0.707106781186549,0.));
#4120=DIRECTION('center_axis',(0.,1.,0.));
#4121=DIRECTION('ref_axis',(0.707106781186553,0.,-0.707106781186542));
#4122=DIRECTION('center_axis',(0.,1.,0.));
#4123=DIRECTION('ref_axis',(1.,0.,-1.11022302462516E-15));
#4124=DIRECTION('',(0.,1.,0.));
#4125=DIRECTION('center_axis',(0.,-1.,0.));
#4126=DIRECTION('ref_axis',(0.,0.,-1.));
#4127=DIRECTION('center_axis',(-0.40824829046386,-0.816496580927727,0.408248290463865));
#4128=DIRECTION('ref_axis',(0.577350269189623,-0.577350269189626,-0.577350269189628));
#4129=DIRECTION('center_axis',(0.,3.02788097625043E-16,-1.));
#4130=DIRECTION('ref_axis',(0.70710678118655,-0.707106781186545,0.));
#4131=DIRECTION('center_axis',(0.81649658092773,-0.408248290463859,0.408248290463859));
#4132=DIRECTION('ref_axis',(0.577350269189623,0.577350269189627,-0.577350269189627));
#4133=DIRECTION('center_axis',(0.,0.,-1.));
#4134=DIRECTION('ref_axis',(0.70710678118655,0.707106781186545,0.));
#4135=DIRECTION('center_axis',(0.,-3.02788097625043E-16,1.));
#4136=DIRECTION('ref_axis',(-0.707106781186546,-0.707106781186549,0.));
#4137=DIRECTION('',(0.,-3.02788097625043E-16,1.));
#4138=DIRECTION('',(0.,3.02788097625043E-16,-1.));
#4139=DIRECTION('center_axis',(0.,1.,3.02788097625043E-16));
#4140=DIRECTION('ref_axis',(0.,3.02788097625043E-16,-1.));
#4141=DIRECTION('',(0.,3.02788097625043E-16,-1.));
#4142=DIRECTION('center_axis',(0.,3.02788097625043E-16,-1.));
#4143=DIRECTION('ref_axis',(0.707106781186553,-0.707106781186542,0.));
#4144=DIRECTION('center_axis',(0.,0.,1.));
#4145=DIRECTION('ref_axis',(-1.,0.,0.));
#4146=DIRECTION('center_axis',(0.,0.,1.));
#4147=DIRECTION('ref_axis',(-0.707106781186546,0.707106781186549,0.));
#4148=DIRECTION('',(0.,0.,1.));
#4149=DIRECTION('',(0.,0.,-1.));
#4150=DIRECTION('center_axis',(1.,0.,0.));
#4151=DIRECTION('ref_axis',(0.,0.,1.));
#4152=DIRECTION('',(0.,0.,1.));
#4153=DIRECTION('center_axis',(0.,0.,-1.));
#4154=DIRECTION('ref_axis',(1.,0.,0.));
#4155=DIRECTION('center_axis',(1.,0.,0.));
#4156=DIRECTION('ref_axis',(0.,1.,4.44089209850063E-15));
#4157=DIRECTION('center_axis',(0.,1.,0.));
#4158=DIRECTION('ref_axis',(0.707106781186554,0.,0.707106781186541));
#4159=DIRECTION('center_axis',(0.,0.,1.));
#4160=DIRECTION('ref_axis',(1.,0.,0.));
#4161=DIRECTION('center_axis',(0.,-1.,0.));
#4162=DIRECTION('ref_axis',(0.707106781186554,0.,0.707106781186541));
#4163=DIRECTION('center_axis',(0.,1.,0.));
#4164=DIRECTION('ref_axis',(0.707106781186546,0.,0.707106781186549));
#4165=DIRECTION('center_axis',(0.,1.,0.));
#4166=DIRECTION('ref_axis',(0.707106781186546,0.,0.707106781186549));
#4167=DIRECTION('',(0.,1.,0.));
#4168=DIRECTION('',(0.,-1.,0.));
#4169=DIRECTION('center_axis',(0.816496580927725,-0.408248290463866,-0.408248290463862));
#4170=DIRECTION('ref_axis',(0.577350269189625,0.577350269189628,0.577350269189625));
#4171=DIRECTION('center_axis',(1.,0.,0.));
#4172=DIRECTION('ref_axis',(0.,0.,1.));
#4173=DIRECTION('center_axis',(0.,1.,0.));
#4174=DIRECTION('ref_axis',(1.,0.,0.));
#4175=DIRECTION('center_axis',(-4.44089209850064E-15,0.,1.));
#4176=DIRECTION('ref_axis',(0.,1.,0.));
#4177=DIRECTION('center_axis',(0.,1.,0.));
#4178=DIRECTION('ref_axis',(0.707106781186541,0.,0.707106781186554));
#4179=DIRECTION('center_axis',(0.,-1.,0.));
#4180=DIRECTION('ref_axis',(0.707106781186541,0.,0.707106781186554));
#4181=DIRECTION('',(0.,1.,0.));
#4182=DIRECTION('',(0.,-1.,0.));
#4183=DIRECTION('center_axis',(0.816496580927725,-0.408248290463866,-0.408248290463862));
#4184=DIRECTION('ref_axis',(0.577350269189625,0.577350269189628,0.577350269189625));
#4185=DIRECTION('center_axis',(1.,0.,0.));
#4186=DIRECTION('ref_axis',(0.,0.,1.));
#4187=DIRECTION('center_axis',(-4.44089209850064E-15,0.,1.));
#4188=DIRECTION('ref_axis',(0.,1.,0.));
#4189=DIRECTION('center_axis',(0.,0.,-1.));
#4190=DIRECTION('ref_axis',(0.707106781186552,0.707106781186543,0.));
#4191=DIRECTION('',(0.,0.,1.));
#4192=DIRECTION('center_axis',(1.,0.,0.));
#4193=DIRECTION('ref_axis',(0.,-1.,0.));
#4194=DIRECTION('center_axis',(-1.,0.,0.));
#4195=DIRECTION('ref_axis',(0.,3.70074341541719E-16,-1.));
#4196=DIRECTION('center_axis',(0.,0.,1.));
#4197=DIRECTION('ref_axis',(0.,1.,0.));
#4198=DIRECTION('center_axis',(0.,0.999892130591862,0.0146876540150532));
#4199=DIRECTION('ref_axis',(0.707106781186547,0.0103857397537659,-0.707030505996572));
#4200=DIRECTION('center_axis',(0.,-0.999892130591862,-0.0146876540150531));
#4201=DIRECTION('ref_axis',(0.,0.0146876540150531,-0.999892130591862));
#4202=DIRECTION('',(0.,-0.999892130591862,-0.0146876540150532));
#4203=DIRECTION('center_axis',(0.,-0.712280722052426,0.701894702211432));
#4204=DIRECTION('ref_axis',(-1.94814914814387E-16,-0.701894702211432,-0.712280722052426));
#4205=DIRECTION('',(0.,0.999892130591862,0.0146876540150532));
#4206=DIRECTION('center_axis',(1.,0.,0.));
#4207=DIRECTION('ref_axis',(0.,0.,1.));
#4208=DIRECTION('center_axis',(1.,0.,0.));
#4209=DIRECTION('ref_axis',(0.,-0.712280722052426,0.701894702211432));
#4210=DIRECTION('center_axis',(-1.,0.,0.));
#4211=DIRECTION('ref_axis',(0.,-0.712280722052426,0.701894702211432));
#4212=DIRECTION('center_axis',(-1.,0.,0.));
#4213=DIRECTION('ref_axis',(0.,-0.712280722052427,0.701894702211431));
#4214=DIRECTION('',(1.,0.,0.));
#4215=DIRECTION('center_axis',(1.,0.,0.));
#4216=DIRECTION('ref_axis',(0.,-0.0146876540150531,0.999892130591862));
#4217=DIRECTION('',(-1.,0.,0.));
#4218=DIRECTION('center_axis',(0.,0.0146876540150532,-0.999892130591862));
#4219=DIRECTION('ref_axis',(0.,0.999892130591862,0.0146876540150532));
#4220=DIRECTION('',(0.,0.999892130591862,0.0146876540150532));
#4221=DIRECTION('',(1.,0.,0.));
#4222=DIRECTION('center_axis',(-0.816496580927728,0.408248290463862,-0.40824829046386));
#4223=DIRECTION('ref_axis',(-0.577350269189624,-0.57735026918963,0.577350269189624));
#4224=DIRECTION('center_axis',(0.,-1.,0.));
#4225=DIRECTION('ref_axis',(-1.,0.,0.));
#4226=DIRECTION('center_axis',(-1.,0.,0.));
#4227=DIRECTION('ref_axis',(0.,0.,1.));
#4228=DIRECTION('center_axis',(-4.44089209850064E-15,0.,1.));
#4229=DIRECTION('ref_axis',(0.,-1.,0.));
#4230=DIRECTION('center_axis',(1.,0.,1.05735526154777E-16));
#4231=DIRECTION('ref_axis',(0.,-0.707106781186549,0.707106781186546));
#4232=DIRECTION('',(1.,0.,-1.05735526154777E-16));
#4233=DIRECTION('',(1.,0.,1.05735526154777E-16));
#4234=DIRECTION('center_axis',(0.,1.,0.));
#4235=DIRECTION('ref_axis',(-1.,0.,0.));
#4236=DIRECTION('center_axis',(-0.894427190999917,0.,-0.447213595499956));
#4237=DIRECTION('ref_axis',(0.447213595499956,0.,-0.894427190999917));
#4238=DIRECTION('center_axis',(0.447213595499959,0.,0.894427190999915));
#4239=DIRECTION('ref_axis',(0.894427190999915,0.,-0.44721359549996));
#4240=DIRECTION('center_axis',(0.,-1.,0.));
#4241=DIRECTION('ref_axis',(-0.707106781186551,0.,0.707106781186544));
#4242=DIRECTION('',(0.,1.,0.));
#4243=DIRECTION('',(0.,-1.,0.));
#4244=DIRECTION('center_axis',(-1.,0.,-1.05735526154777E-16));
#4245=DIRECTION('ref_axis',(0.,0.707106781186546,-0.707106781186549));
#4246=DIRECTION('',(1.,0.,-1.05735526154777E-16));
#4247=DIRECTION('',(-1.,0.,1.05735526154777E-16));
#4248=DIRECTION('center_axis',(1.,0.,0.));
#4249=DIRECTION('ref_axis',(0.,0.707106781186548,0.707106781186547));
#4250=DIRECTION('',(-1.,0.,0.));
#4251=DIRECTION('center_axis',(0.707106781186549,7.85046229341886E-16,0.707106781186546));
#4252=DIRECTION('ref_axis',(0.707106781186546,-7.85046229341888E-16,-0.707106781186549));
#4253=DIRECTION('',(1.,0.,0.));
#4254=DIRECTION('center_axis',(-1.,0.,0.));
#4255=DIRECTION('ref_axis',(0.,0.,1.));
#4256=DIRECTION('center_axis',(0.,0.,1.));
#4257=DIRECTION('ref_axis',(-0.707106781186546,0.707106781186549,0.));
#4258=DIRECTION('',(0.,0.,-1.));
#4259=DIRECTION('center_axis',(-0.707106781186549,0.,0.707106781186546));
#4260=DIRECTION('ref_axis',(0.707106781186546,0.,0.707106781186549));
#4261=DIRECTION('',(0.,0.,1.));
#4262=DIRECTION('center_axis',(-1.,0.,-7.40148683083438E-16));
#4263=DIRECTION('ref_axis',(0.,0.707106781186549,-0.707106781186546));
#4264=DIRECTION('',(-1.,0.,-7.40148683083438E-16));
#4265=DIRECTION('',(1.,0.,7.40148683083438E-16));
#4266=DIRECTION('center_axis',(0.707106781186549,0.,0.707106781186546));
#4267=DIRECTION('ref_axis',(0.707106781186546,0.,-0.707106781186549));
#4268=DIRECTION('center_axis',(-1.,0.,-7.40148683083438E-16));
#4269=DIRECTION('ref_axis',(0.,-0.707106781186547,0.707106781186548));
#4270=DIRECTION('',(-1.,0.,-7.40148683083438E-16));
#4271=DIRECTION('center_axis',(-0.70710678118655,0.,0.707106781186545));
#4272=DIRECTION('ref_axis',(-0.707106781186545,0.,-0.70710678118655));
#4273=DIRECTION('',(1.,0.,7.40148683083438E-16));
#4274=DIRECTION('center_axis',(-1.,0.,0.));
#4275=DIRECTION('ref_axis',(0.,-0.707106781186547,0.707106781186548));
#4276=DIRECTION('center_axis',(0.,0.,1.));
#4277=DIRECTION('ref_axis',(0.707106781186547,-0.707106781186548,0.));
#4278=DIRECTION('',(0.,0.,-1.));
#4279=DIRECTION('',(0.,0.,1.));
#4280=DIRECTION('center_axis',(0.707106781186549,0.,0.707106781186546));
#4281=DIRECTION('ref_axis',(-0.707106781186546,0.,0.707106781186549));
#4282=DIRECTION('center_axis',(0.,-1.,0.));
#4283=DIRECTION('ref_axis',(0.,0.,1.));
#4284=DIRECTION('center_axis',(1.11022302462516E-15,1.,0.));
#4285=DIRECTION('ref_axis',(0.,0.,1.));
#4286=DIRECTION('center_axis',(0.,0.,-1.));
#4287=DIRECTION('ref_axis',(1.,0.,0.));
#4288=DIRECTION('center_axis',(0.,-1.,0.));
#4289=DIRECTION('ref_axis',(-0.707106781186546,0.,0.707106781186549));
#4290=DIRECTION('center_axis',(1.,0.,0.));
#4291=DIRECTION('ref_axis',(0.,-1.,0.));
#4292=DIRECTION('center_axis',(1.,0.,0.));
#4293=DIRECTION('ref_axis',(0.,-0.707106781186547,-0.707106781186548));
#4294=DIRECTION('',(-1.,0.,0.));
#4295=DIRECTION('',(1.,0.,0.));
#4296=DIRECTION('center_axis',(0.,1.,0.));
#4297=DIRECTION('ref_axis',(-0.707106781186553,0.,0.707106781186542));
#4298=DIRECTION('center_axis',(0.,1.,0.));
#4299=DIRECTION('ref_axis',(-1.,0.,-1.11022302462516E-15));
#4300=DIRECTION('',(0.,1.,0.));
#4301=DIRECTION('',(0.,-1.,0.));
#4302=DIRECTION('center_axis',(-0.40824829046386,-0.816496580927727,0.408248290463865));
#4303=DIRECTION('ref_axis',(-0.577350269189623,0.577350269189627,0.577350269189627));
#4304=DIRECTION('center_axis',(0.,0.,-1.));
#4305=DIRECTION('ref_axis',(-0.70710678118655,0.707106781186545,0.));
#4306=DIRECTION('center_axis',(-1.,0.,0.));
#4307=DIRECTION('ref_axis',(0.,0.,-1.));
#4308=DIRECTION('',(0.,-1.,0.));
#4309=DIRECTION('',(0.,-1.,0.));
#4310=DIRECTION('center_axis',(7.40148683083438E-16,0.,-1.));
#4311=DIRECTION('ref_axis',(1.,0.,7.40148683083438E-16));
#4312=DIRECTION('',(0.,-1.,0.));
#4313=DIRECTION('center_axis',(-8.57984272699221E-16,0.999892223618127,
-0.0146813196953516));
#4314=DIRECTION('ref_axis',(3.9062996565802E-13,-0.0146813196953516,-0.999892223618127));
#4315=DIRECTION('center_axis',(0.,-1.,0.));
#4316=DIRECTION('ref_axis',(3.94849855256277E-13,0.,-1.));
#4317=DIRECTION('center_axis',(0.,0.,1.));
#4318=DIRECTION('ref_axis',(0.,-1.,0.));
#4319=DIRECTION('center_axis',(0.,0.,-1.));
#4320=DIRECTION('ref_axis',(0.707106781186552,-0.707106781186543,0.));
#4321=DIRECTION('center_axis',(0.,0.,-1.));
#4322=DIRECTION('ref_axis',(1.,0.,0.));
#4323=DIRECTION('',(0.,0.,1.));
#4324=DIRECTION('',(0.,0.,-1.));
#4325=DIRECTION('center_axis',(0.,1.,0.));
#4326=DIRECTION('ref_axis',(0.,0.,-1.));
#4327=DIRECTION('center_axis',(-1.,0.,0.));
#4328=DIRECTION('ref_axis',(0.,0.,-1.));
#4329=DIRECTION('center_axis',(0.,1.,0.));
#4330=DIRECTION('ref_axis',(-0.707106781186548,0.,0.707106781186548));
#4331=DIRECTION('center_axis',(0.,-1.,0.));
#4332=DIRECTION('ref_axis',(-0.707106781186548,0.,0.707106781186548));
#4333=DIRECTION('center_axis',(-1.,0.,-1.64477485129653E-16));
#4334=DIRECTION('ref_axis',(0.,-0.707106781186546,-0.707106781186549));
#4335=DIRECTION('',(1.,0.,-1.64477485129653E-16));
#4336=DIRECTION('',(1.,0.,1.64477485129653E-16));
#4337=DIRECTION('center_axis',(0.,-0.999892130591862,-0.0146876540150532));
#4338=DIRECTION('ref_axis',(-0.707106781186553,0.0103857397537658,-0.707030505996566));
#4339=DIRECTION('center_axis',(0.,-0.712280722052427,0.701894702211431));
#4340=DIRECTION('ref_axis',(2.43518643517984E-16,-0.701894702211431,-0.712280722052427));
#4341=DIRECTION('',(0.,-0.999892130591862,-0.0146876540150532));
#4342=DIRECTION('center_axis',(1.64477485129653E-16,0.,-1.));
#4343=DIRECTION('ref_axis',(-1.,0.,-1.64477485129653E-16));
#4344=DIRECTION('',(-1.,0.,-1.64477485129653E-16));
#4345=DIRECTION('',(0.,-1.,0.));
#4346=DIRECTION('center_axis',(0.,-1.,0.));
#4347=DIRECTION('ref_axis',(-0.707106781186554,0.,0.707106781186541));
#4348=DIRECTION('center_axis',(0.,-1.,0.));
#4349=DIRECTION('ref_axis',(-1.,0.,0.));
#4350=DIRECTION('',(0.,1.,0.));
#4351=DIRECTION('center_axis',(1.,0.,0.));
#4352=DIRECTION('ref_axis',(0.,0.,-1.));
#4353=DIRECTION('',(0.,0.,-1.));
#4354=DIRECTION('',(0.,-1.,0.));
#4355=DIRECTION('',(0.,-3.02788097625043E-16,1.));
#4356=DIRECTION('center_axis',(-1.,0.,0.));
#4357=DIRECTION('ref_axis',(0.,0.707106781186548,-0.707106781186547));
#4358=DIRECTION('center_axis',(-1.,0.,0.));
#4359=DIRECTION('ref_axis',(0.,1.,0.));
#4360=DIRECTION('',(-1.,0.,0.));
#4361=DIRECTION('center_axis',(1.,0.,0.));
#4362=DIRECTION('ref_axis',(0.,0.,-1.));
#4363=DIRECTION('',(1.,0.,0.));
#4364=DIRECTION('center_axis',(0.,1.,0.));
#4365=DIRECTION('ref_axis',(0.707106781186547,0.,-0.707106781186548));
#4366=DIRECTION('center_axis',(0.,1.,0.));
#4367=DIRECTION('ref_axis',(1.,0.,0.));
#4368=DIRECTION('',(0.,1.,0.));
#4369=DIRECTION('center_axis',(0.,-1.,0.));
#4370=DIRECTION('ref_axis',(0.,0.,-1.));
#4371=DIRECTION('',(0.,-1.,0.));
#4372=DIRECTION('center_axis',(-0.816496580927729,0.408248290463861,-0.408248290463859));
#4373=DIRECTION('ref_axis',(0.577350269189623,0.577350269189627,-0.577350269189627));
#4374=DIRECTION('center_axis',(0.,0.,1.));
#4375=DIRECTION('ref_axis',(0.707106781186546,0.707106781186549,0.));
#4376=DIRECTION('center_axis',(-1.,0.,0.));
#4377=DIRECTION('ref_axis',(0.,-0.707106781186547,-0.707106781186548));
#4378=DIRECTION('center_axis',(-1.,0.,0.));
#4379=DIRECTION('ref_axis',(0.,0.,-1.));
#4380=DIRECTION('',(-1.,0.,0.));
#4381=DIRECTION('center_axis',(1.,0.,0.));
#4382=DIRECTION('ref_axis',(0.,-1.,0.));
#4383=DIRECTION('',(1.,0.,0.));
#4384=DIRECTION('center_axis',(-0.816496580927729,-0.40824829046386,-0.408248290463859));
#4385=DIRECTION('ref_axis',(0.577350269189623,-0.577350269189628,-0.577350269189627));
#4386=DIRECTION('center_axis',(0.,-3.02788097625043E-16,1.));
#4387=DIRECTION('ref_axis',(0.707106781186546,-0.707106781186549,0.));
#4388=DIRECTION('center_axis',(0.,-1.,0.));
#4389=DIRECTION('ref_axis',(-0.707106781186553,0.,-0.707106781186542));
#4390=DIRECTION('center_axis',(0.,-1.,0.));
#4391=DIRECTION('ref_axis',(-1.,0.,-1.11022302462516E-15));
#4392=DIRECTION('center_axis',(0.,1.,0.));
#4393=DIRECTION('ref_axis',(0.,0.,-1.));
#4394=DIRECTION('',(0.,1.,0.));
#4395=DIRECTION('center_axis',(0.40824829046386,-0.816496580927727,0.408248290463865));
#4396=DIRECTION('ref_axis',(-0.577350269189623,-0.577350269189626,-0.577350269189628));
#4397=DIRECTION('center_axis',(0.,-3.02788097625043E-16,1.));
#4398=DIRECTION('ref_axis',(-0.70710678118655,-0.707106781186545,0.));
#4399=DIRECTION('center_axis',(-0.81649658092773,-0.408248290463859,0.408248290463859));
#4400=DIRECTION('ref_axis',(-0.577350269189623,0.577350269189627,-0.577350269189627));
#4401=DIRECTION('center_axis',(0.,0.,1.));
#4402=DIRECTION('ref_axis',(-0.70710678118655,0.707106781186545,0.));
#4403=DIRECTION('center_axis',(0.,3.02788097625043E-16,-1.));
#4404=DIRECTION('ref_axis',(0.707106781186546,-0.707106781186549,0.));
#4405=DIRECTION('',(0.,3.02788097625043E-16,-1.));
#4406=DIRECTION('',(0.,-3.02788097625043E-16,1.));
#4407=DIRECTION('center_axis',(0.,-1.,-3.02788097625043E-16));
#4408=DIRECTION('ref_axis',(0.,3.02788097625043E-16,-1.));
#4409=DIRECTION('',(0.,3.02788097625043E-16,-1.));
#4410=DIRECTION('center_axis',(0.,-3.02788097625043E-16,1.));
#4411=DIRECTION('ref_axis',(-0.707106781186553,-0.707106781186542,0.));
#4412=DIRECTION('center_axis',(0.,0.,-1.));
#4413=DIRECTION('ref_axis',(1.,0.,0.));
#4414=DIRECTION('center_axis',(0.,0.,-1.));
#4415=DIRECTION('ref_axis',(0.707106781186546,0.707106781186549,0.));
#4416=DIRECTION('',(0.,0.,-1.));
#4417=DIRECTION('',(0.,0.,1.));
#4418=DIRECTION('center_axis',(1.,0.,0.));
#4419=DIRECTION('ref_axis',(0.,0.,1.));
#4420=DIRECTION('',(0.,0.,1.));
#4421=DIRECTION('center_axis',(0.,0.,1.));
#4422=DIRECTION('ref_axis',(-1.,0.,0.));
#4423=DIRECTION('center_axis',(1.,0.,0.));
#4424=DIRECTION('ref_axis',(0.,1.,4.44089209850063E-15));
#4425=DIRECTION('center_axis',(0.,1.,0.));
#4426=DIRECTION('ref_axis',(-0.707106781186554,0.,0.707106781186541));
#4427=DIRECTION('center_axis',(0.,0.,-1.));
#4428=DIRECTION('ref_axis',(-1.,0.,0.));
#4429=DIRECTION('center_axis',(0.,-1.,0.));
#4430=DIRECTION('ref_axis',(-0.707106781186554,0.,0.707106781186541));
#4431=DIRECTION('center_axis',(0.,-1.,0.));
#4432=DIRECTION('ref_axis',(-0.707106781186546,0.,0.707106781186549));
#4433=DIRECTION('center_axis',(0.,-1.,0.));
#4434=DIRECTION('ref_axis',(-0.707106781186546,0.,0.707106781186549));
#4435=DIRECTION('',(0.,-1.,0.));
#4436=DIRECTION('',(0.,1.,0.));
#4437=DIRECTION('center_axis',(0.,0.,-1.));
#4438=DIRECTION('ref_axis',(-1.,0.,0.));
#4439=DIRECTION('',(-1.,0.,0.));
#4440=DIRECTION('',(-1.,0.,0.));
#4441=DIRECTION('center_axis',(1.,0.,0.));
#4442=DIRECTION('ref_axis',(0.,0.707106781186545,0.70710678118655));
#4443=DIRECTION('',(-1.,0.,0.));
#4444=DIRECTION('center_axis',(-0.816496580927725,-0.408248290463866,-0.408248290463862));
#4445=DIRECTION('ref_axis',(-0.577350269189625,0.577350269189628,0.577350269189625));
#4446=DIRECTION('center_axis',(1.,0.,0.));
#4447=DIRECTION('ref_axis',(0.,0.,1.));
#4448=DIRECTION('center_axis',(-4.44089209850064E-15,0.,-1.));
#4449=DIRECTION('ref_axis',(0.,1.,0.));
#4450=DIRECTION('center_axis',(0.,-1.,0.));
#4451=DIRECTION('ref_axis',(-1.,0.,0.));
#4452=DIRECTION('center_axis',(0.,-1.,0.));
#4453=DIRECTION('ref_axis',(-0.707106781186541,0.,0.707106781186554));
#4454=DIRECTION('center_axis',(0.,1.,0.));
#4455=DIRECTION('ref_axis',(-0.707106781186541,0.,0.707106781186554));
#4456=DIRECTION('',(0.,-1.,0.));
#4457=DIRECTION('',(0.,1.,0.));
#4458=DIRECTION('center_axis',(1.,0.,0.));
#4459=DIRECTION('ref_axis',(0.,0.707106781186546,0.707106781186549));
#4460=DIRECTION('',(-1.,0.,0.));
#4461=DIRECTION('',(-1.,0.,0.));
#4462=DIRECTION('center_axis',(0.,0.,-1.));
#4463=DIRECTION('ref_axis',(-1.,0.,0.));
#4464=DIRECTION('',(-1.,0.,0.));
#4465=DIRECTION('center_axis',(-0.816496580927725,-0.408248290463866,-0.408248290463862));
#4466=DIRECTION('ref_axis',(-0.577350269189625,0.577350269189628,0.577350269189625));
#4467=DIRECTION('center_axis',(1.,0.,0.));
#4468=DIRECTION('ref_axis',(0.,0.,1.));
#4469=DIRECTION('center_axis',(-4.44089209850064E-15,0.,-1.));
#4470=DIRECTION('ref_axis',(0.,1.,0.));
#4471=DIRECTION('center_axis',(0.,0.,1.));
#4472=DIRECTION('ref_axis',(-0.707106781186552,0.707106781186543,0.));
#4473=DIRECTION('',(0.,0.,1.));
#4474=DIRECTION('center_axis',(1.,0.,1.64477485129653E-16));
#4475=DIRECTION('ref_axis',(0.,0.707106781186546,0.707106781186549));
#4476=DIRECTION('',(1.,0.,1.64477485129653E-16));
#4477=DIRECTION('center_axis',(-1.05735526154777E-16,0.,1.));
#4478=DIRECTION('ref_axis',(1.,0.,1.05735526154777E-16));
#4479=DIRECTION('center_axis',(-1.,0.,0.));
#4480=DIRECTION('ref_axis',(0.,-1.,0.));
#4481=DIRECTION('center_axis',(1.,0.,0.));
#4482=DIRECTION('ref_axis',(0.,3.70074341541719E-16,1.));
#4483=DIRECTION('center_axis',(0.,0.,-1.));
#4484=DIRECTION('ref_axis',(0.,1.,0.));
#4485=DIRECTION('center_axis',(0.,0.999892130591862,-0.0146876540150532));
#4486=DIRECTION('ref_axis',(-0.707106781186547,0.0103857397537659,0.707030505996572));
#4487=DIRECTION('center_axis',(0.,-0.999892130591862,0.0146876540150531));
#4488=DIRECTION('ref_axis',(0.,0.0146876540150531,0.999892130591862));
#4489=DIRECTION('',(0.,-0.999892130591862,0.0146876540150532));
#4490=DIRECTION('center_axis',(0.,-0.712280722052426,-0.701894702211432));
#4491=DIRECTION('ref_axis',(1.94814914814387E-16,-0.701894702211432,0.712280722052426));
#4492=DIRECTION('',(0.,0.999892130591862,-0.0146876540150532));
#4493=DIRECTION('center_axis',(-1.,0.,0.));
#4494=DIRECTION('ref_axis',(0.,0.,-1.));
#4495=DIRECTION('center_axis',(-1.,0.,0.));
#4496=DIRECTION('ref_axis',(0.,-0.712280722052426,-0.701894702211432));
#4497=DIRECTION('center_axis',(1.,0.,0.));
#4498=DIRECTION('ref_axis',(0.,-0.712280722052426,-0.701894702211432));
#4499=DIRECTION('center_axis',(1.,0.,0.));
#4500=DIRECTION('ref_axis',(0.,-0.712280722052427,-0.701894702211431));
#4501=DIRECTION('',(-1.,0.,0.));
#4502=DIRECTION('center_axis',(-1.,0.,0.));
#4503=DIRECTION('ref_axis',(0.,-0.0146876540150531,-0.999892130591862));
#4504=DIRECTION('',(1.,0.,0.));
#4505=DIRECTION('center_axis',(0.,0.0146876540150532,0.999892130591862));
#4506=DIRECTION('ref_axis',(0.,0.999892130591862,-0.0146876540150532));
#4507=DIRECTION('',(0.,0.999892130591862,-0.0146876540150532));
#4508=DIRECTION('',(-1.,0.,0.));
#4509=DIRECTION('center_axis',(0.816496580927728,0.408248290463862,0.40824829046386));
#4510=DIRECTION('ref_axis',(0.577350269189624,-0.57735026918963,-0.577350269189624));
#4511=DIRECTION('center_axis',(0.,-1.,0.));
#4512=DIRECTION('ref_axis',(1.,0.,0.));
#4513=DIRECTION('center_axis',(1.,0.,0.));
#4514=DIRECTION('ref_axis',(0.,0.,-1.));
#4515=DIRECTION('center_axis',(4.44089209850064E-15,0.,-1.));
#4516=DIRECTION('ref_axis',(0.,-1.,0.));
#4517=DIRECTION('center_axis',(0.,0.,-1.));
#4518=DIRECTION('ref_axis',(0.707106781186552,-0.707106781186543,0.));
#4519=DIRECTION('',(0.,0.,-1.));
#4520=DIRECTION('',(0.,0.,-1.));
#4521=DIRECTION('center_axis',(0.,1.,0.));
#4522=DIRECTION('ref_axis',(1.,0.,0.));
#4523=DIRECTION('center_axis',(0.894427190999917,0.,0.447213595499956));
#4524=DIRECTION('ref_axis',(-0.447213595499956,0.,0.894427190999917));
#4525=DIRECTION('center_axis',(-0.447213595499959,0.,-0.894427190999915));
#4526=DIRECTION('ref_axis',(-0.894427190999915,0.,0.44721359549996));
#4527=DIRECTION('center_axis',(0.,-1.,0.));
#4528=DIRECTION('ref_axis',(0.707106781186551,0.,-0.707106781186544));
#4529=DIRECTION('',(0.,1.,0.));
#4530=DIRECTION('',(0.,-1.,0.));
#4531=DIRECTION('center_axis',(1.,0.,0.));
#4532=DIRECTION('ref_axis',(0.,0.,-1.));
#4533=DIRECTION('',(0.,0.,-1.));
#4534=DIRECTION('center_axis',(0.,0.,1.));
#4535=DIRECTION('ref_axis',(-0.707106781186552,0.707106781186543,0.));
#4536=DIRECTION('',(0.,0.,1.));
#4537=DIRECTION('center_axis',(-1.,0.,0.));
#4538=DIRECTION('ref_axis',(0.,0.707106781186548,-0.707106781186547));
#4539=DIRECTION('',(1.,0.,0.));
#4540=DIRECTION('center_axis',(-0.707106781186549,7.85046229341886E-16,
-0.707106781186546));
#4541=DIRECTION('ref_axis',(-0.707106781186546,-7.85046229341888E-16,0.707106781186549));
#4542=DIRECTION('',(-1.,0.,0.));
#4543=DIRECTION('center_axis',(1.,0.,0.));
#4544=DIRECTION('ref_axis',(0.,0.,-1.));
#4545=DIRECTION('center_axis',(0.,0.,-1.));
#4546=DIRECTION('ref_axis',(0.707106781186546,0.707106781186549,0.));
#4547=DIRECTION('',(0.,0.,1.));
#4548=DIRECTION('center_axis',(0.707106781186549,0.,-0.707106781186546));
#4549=DIRECTION('ref_axis',(-0.707106781186546,0.,-0.707106781186549));
#4550=DIRECTION('',(0.,0.,-1.));
#4551=DIRECTION('center_axis',(1.,0.,7.40148683083438E-16));
#4552=DIRECTION('ref_axis',(0.,0.707106781186549,0.707106781186546));
#4553=DIRECTION('',(1.,0.,7.40148683083438E-16));
#4554=DIRECTION('',(-1.,0.,-7.40148683083438E-16));
#4555=DIRECTION('center_axis',(-0.707106781186549,0.,-0.707106781186546));
#4556=DIRECTION('ref_axis',(-0.707106781186546,0.,0.707106781186549));
#4557=DIRECTION('center_axis',(1.,0.,7.40148683083438E-16));
#4558=DIRECTION('ref_axis',(0.,-0.707106781186547,-0.707106781186548));
#4559=DIRECTION('',(1.,0.,7.40148683083438E-16));
#4560=DIRECTION('center_axis',(0.70710678118655,0.,-0.707106781186545));
#4561=DIRECTION('ref_axis',(0.707106781186545,0.,0.70710678118655));
#4562=DIRECTION('',(-1.,0.,-7.40148683083438E-16));
#4563=DIRECTION('center_axis',(1.,0.,0.));
#4564=DIRECTION('ref_axis',(0.,-0.707106781186547,-0.707106781186548));
#4565=DIRECTION('center_axis',(0.,0.,-1.));
#4566=DIRECTION('ref_axis',(-0.707106781186547,-0.707106781186548,0.));
#4567=DIRECTION('',(0.,0.,1.));
#4568=DIRECTION('',(0.,0.,-1.));
#4569=DIRECTION('center_axis',(-0.707106781186549,0.,-0.707106781186546));
#4570=DIRECTION('ref_axis',(0.707106781186546,0.,-0.707106781186549));
#4571=DIRECTION('center_axis',(0.,-1.,0.));
#4572=DIRECTION('ref_axis',(0.,0.,-1.));
#4573=DIRECTION('center_axis',(-1.11022302462516E-15,1.,0.));
#4574=DIRECTION('ref_axis',(0.,0.,-1.));
#4575=DIRECTION('center_axis',(0.,0.,1.));
#4576=DIRECTION('ref_axis',(-1.,0.,0.));
#4577=DIRECTION('center_axis',(0.,-1.,0.));
#4578=DIRECTION('ref_axis',(0.707106781186546,0.,-0.707106781186549));
#4579=DIRECTION('center_axis',(-1.,0.,0.));
#4580=DIRECTION('ref_axis',(0.,-1.,0.));
#4581=DIRECTION('center_axis',(-1.,0.,0.));
#4582=DIRECTION('ref_axis',(0.,-0.707106781186547,0.707106781186548));
#4583=DIRECTION('',(1.,0.,0.));
#4584=DIRECTION('',(-1.,0.,0.));
#4585=DIRECTION('center_axis',(0.,0.,1.));
#4586=DIRECTION('ref_axis',(-0.707106781186552,-0.707106781186543,0.));
#4587=DIRECTION('',(0.,0.,-1.));
#4588=DIRECTION('',(0.,0.,-1.));
#4589=DIRECTION('center_axis',(0.,1.,0.));
#4590=DIRECTION('ref_axis',(0.707106781186553,0.,-0.707106781186542));
#4591=DIRECTION('center_axis',(0.,1.,0.));
#4592=DIRECTION('ref_axis',(1.,0.,1.11022302462516E-15));
#4593=DIRECTION('',(0.,1.,0.));
#4594=DIRECTION('',(0.,-1.,0.));
#4595=DIRECTION('center_axis',(0.40824829046386,-0.816496580927727,-0.408248290463865));
#4596=DIRECTION('ref_axis',(0.577350269189623,0.577350269189627,-0.577350269189627));
#4597=DIRECTION('center_axis',(0.,0.,1.));
#4598=DIRECTION('ref_axis',(0.70710678118655,0.707106781186545,0.));
#4599=DIRECTION('center_axis',(1.,0.,0.));
#4600=DIRECTION('ref_axis',(0.,0.,1.));
#4601=DIRECTION('',(0.,-1.,0.));
#4602=DIRECTION('',(0.,-1.,0.));
#4603=DIRECTION('center_axis',(-7.40148683083438E-16,0.,1.));
#4604=DIRECTION('ref_axis',(-1.,0.,-7.40148683083438E-16));
#4605=DIRECTION('',(0.,-1.,0.));
#4606=DIRECTION('center_axis',(0.,0.,-1.));
#4607=DIRECTION('ref_axis',(0.707106781186552,0.707106781186543,0.));
#4608=DIRECTION('',(0.,0.,-1.));
#4609=DIRECTION('',(0.,0.,1.));
#4610=DIRECTION('center_axis',(-1.,0.,0.));
#4611=DIRECTION('ref_axis',(0.,0.,1.));
#4612=DIRECTION('center_axis',(8.57984272699221E-16,0.999892223618127,0.0146813196953516));
#4613=DIRECTION('ref_axis',(-3.9062996565802E-13,-0.0146813196953516,0.999892223618127));
#4614=DIRECTION('center_axis',(0.,-1.,0.));
#4615=DIRECTION('ref_axis',(-3.94849855256277E-13,0.,1.));
#4616=DIRECTION('center_axis',(0.,0.,-1.));
#4617=DIRECTION('ref_axis',(0.,-1.,0.));
#4618=DIRECTION('center_axis',(0.,0.,1.));
#4619=DIRECTION('ref_axis',(-0.707106781186552,-0.707106781186543,0.));
#4620=DIRECTION('center_axis',(0.,0.,1.));
#4621=DIRECTION('ref_axis',(-1.,0.,0.));
#4622=DIRECTION('',(0.,0.,-1.));
#4623=DIRECTION('',(0.,0.,1.));
#4624=DIRECTION('center_axis',(0.,1.,0.));
#4625=DIRECTION('ref_axis',(0.,0.,1.));
#4626=DIRECTION('center_axis',(1.,0.,0.));
#4627=DIRECTION('ref_axis',(0.,0.,1.));
#4628=DIRECTION('center_axis',(0.,1.,0.));
#4629=DIRECTION('ref_axis',(0.707106781186548,0.,-0.707106781186548));
#4630=DIRECTION('center_axis',(0.,-1.,0.));
#4631=DIRECTION('ref_axis',(0.707106781186548,0.,-0.707106781186548));
#4632=DIRECTION('center_axis',(0.,-0.999892130591862,0.0146876540150532));
#4633=DIRECTION('ref_axis',(0.707106781186553,0.0103857397537658,0.707030505996566));
#4634=DIRECTION('center_axis',(0.,-0.712280722052427,-0.701894702211431));
#4635=DIRECTION('ref_axis',(-2.43518643517984E-16,-0.701894702211431,0.712280722052427));
#4636=DIRECTION('',(0.,-0.999892130591862,0.0146876540150532));
#4637=DIRECTION('center_axis',(0.,-1.,0.));
#4638=DIRECTION('ref_axis',(0.707106781186554,0.,-0.707106781186541));
#4639=DIRECTION('',(0.,-1.,0.));
#4640=DIRECTION('center_axis',(0.,-1.,0.));
#4641=DIRECTION('ref_axis',(1.,0.,0.));
#4642=DIRECTION('',(0.,1.,0.));
#4643=DIRECTION('center_axis',(-1.,0.,0.));
#4644=DIRECTION('ref_axis',(0.,0.,1.));
#4645=DIRECTION('',(0.,0.,1.));
#4646=DIRECTION('',(0.,-1.,0.));
#4647=DIRECTION('',(0.,-3.02788097625043E-16,-1.));
#4648=DIRECTION('center_axis',(1.,0.,0.));
#4649=DIRECTION('ref_axis',(0.,0.707106781186548,0.707106781186547));
#4650=DIRECTION('center_axis',(1.,0.,0.));
#4651=DIRECTION('ref_axis',(0.,1.,0.));
#4652=DIRECTION('',(1.,0.,0.));
#4653=DIRECTION('center_axis',(-1.,0.,0.));
#4654=DIRECTION('ref_axis',(0.,0.,1.));
#4655=DIRECTION('',(-1.,0.,0.));
#4656=DIRECTION('center_axis',(0.,1.,0.));
#4657=DIRECTION('ref_axis',(-0.707106781186547,0.,0.707106781186548));
#4658=DIRECTION('center_axis',(0.,1.,0.));
#4659=DIRECTION('ref_axis',(-1.,0.,0.));
#4660=DIRECTION('',(0.,1.,0.));
#4661=DIRECTION('center_axis',(0.,-1.,0.));
#4662=DIRECTION('ref_axis',(0.,0.,1.));
#4663=DIRECTION('',(0.,-1.,0.));
#4664=DIRECTION('center_axis',(0.816496580927729,0.408248290463861,0.408248290463859));
#4665=DIRECTION('ref_axis',(-0.577350269189623,0.577350269189627,0.577350269189627));
#4666=DIRECTION('center_axis',(0.,0.,-1.));
#4667=DIRECTION('ref_axis',(-0.707106781186546,0.707106781186549,0.));
#4668=DIRECTION('center_axis',(1.,0.,0.));
#4669=DIRECTION('ref_axis',(0.,-0.707106781186547,0.707106781186548));
#4670=DIRECTION('center_axis',(1.,0.,0.));
#4671=DIRECTION('ref_axis',(0.,0.,1.));
#4672=DIRECTION('',(1.,0.,0.));
#4673=DIRECTION('center_axis',(-1.,0.,0.));
#4674=DIRECTION('ref_axis',(0.,-1.,0.));
#4675=DIRECTION('',(-1.,0.,0.));
#4676=DIRECTION('center_axis',(0.816496580927729,-0.40824829046386,0.408248290463859));
#4677=DIRECTION('ref_axis',(-0.577350269189623,-0.577350269189628,0.577350269189627));
#4678=DIRECTION('center_axis',(0.,-3.02788097625043E-16,-1.));
#4679=DIRECTION('ref_axis',(-0.707106781186546,-0.707106781186549,0.));
#4680=DIRECTION('center_axis',(0.,-1.,0.));
#4681=DIRECTION('ref_axis',(0.707106781186553,0.,0.707106781186542));
#4682=DIRECTION('center_axis',(0.,-1.,0.));
#4683=DIRECTION('ref_axis',(1.,0.,1.11022302462516E-15));
#4684=DIRECTION('center_axis',(0.,1.,0.));
#4685=DIRECTION('ref_axis',(0.,0.,1.));
#4686=DIRECTION('',(0.,1.,0.));
#4687=DIRECTION('center_axis',(-0.40824829046386,-0.816496580927727,-0.408248290463865));
#4688=DIRECTION('ref_axis',(0.577350269189623,-0.577350269189626,0.577350269189628));
#4689=DIRECTION('center_axis',(0.,-3.02788097625043E-16,-1.));
#4690=DIRECTION('ref_axis',(0.70710678118655,-0.707106781186545,0.));
#4691=DIRECTION('center_axis',(0.81649658092773,-0.408248290463859,-0.408248290463859));
#4692=DIRECTION('ref_axis',(0.577350269189623,0.577350269189627,0.577350269189627));
#4693=DIRECTION('center_axis',(0.,0.,-1.));
#4694=DIRECTION('ref_axis',(0.70710678118655,0.707106781186545,0.));
#4695=DIRECTION('center_axis',(0.,3.02788097625043E-16,1.));
#4696=DIRECTION('ref_axis',(-0.707106781186546,-0.707106781186549,0.));
#4697=DIRECTION('',(0.,3.02788097625043E-16,1.));
#4698=DIRECTION('',(0.,-3.02788097625043E-16,-1.));
#4699=DIRECTION('center_axis',(0.,-1.,3.02788097625043E-16));
#4700=DIRECTION('ref_axis',(0.,3.02788097625043E-16,1.));
#4701=DIRECTION('',(0.,3.02788097625043E-16,1.));
#4702=DIRECTION('center_axis',(0.,-3.02788097625043E-16,-1.));
#4703=DIRECTION('ref_axis',(0.707106781186553,-0.707106781186542,0.));
#4704=DIRECTION('center_axis',(0.,0.,1.));
#4705=DIRECTION('ref_axis',(-1.,0.,0.));
#4706=DIRECTION('center_axis',(0.,0.,1.));
#4707=DIRECTION('ref_axis',(-0.707106781186546,0.707106781186549,0.));
#4708=DIRECTION('',(0.,0.,1.));
#4709=DIRECTION('',(0.,0.,-1.));
#4710=DIRECTION('center_axis',(-1.,0.,0.));
#4711=DIRECTION('ref_axis',(0.,0.,-1.));
#4712=DIRECTION('',(0.,0.,-1.));
#4713=DIRECTION('center_axis',(0.,0.,-1.));
#4714=DIRECTION('ref_axis',(1.,0.,0.));
#4715=DIRECTION('center_axis',(-1.,0.,0.));
#4716=DIRECTION('ref_axis',(0.,1.,-4.44089209850063E-15));
#4717=DIRECTION('center_axis',(0.,1.,0.));
#4718=DIRECTION('ref_axis',(0.707106781186554,0.,-0.707106781186541));
#4719=DIRECTION('center_axis',(0.,0.,1.));
#4720=DIRECTION('ref_axis',(1.,0.,0.));
#4721=DIRECTION('center_axis',(0.,-1.,0.));
#4722=DIRECTION('ref_axis',(0.707106781186554,0.,-0.707106781186541));
#4723=DIRECTION('center_axis',(0.,-1.,0.));
#4724=DIRECTION('ref_axis',(0.707106781186546,0.,-0.707106781186549));
#4725=DIRECTION('center_axis',(0.,-1.,0.));
#4726=DIRECTION('ref_axis',(0.707106781186546,0.,-0.707106781186549));
#4727=DIRECTION('',(0.,-1.,0.));
#4728=DIRECTION('',(0.,1.,0.));
#4729=DIRECTION('center_axis',(0.,0.,-1.));
#4730=DIRECTION('ref_axis',(0.70710678118654,0.707106781186555,0.));
#4731=DIRECTION('',(0.,0.,-1.));
#4732=DIRECTION('',(0.,0.,1.));
#4733=DIRECTION('center_axis',(-1.,0.,0.));
#4734=DIRECTION('ref_axis',(0.,0.,1.));
#4735=DIRECTION('',(0.,0.,1.));
#4736=DIRECTION('center_axis',(0.816496580927725,-0.408248290463866,0.408248290463862));
#4737=DIRECTION('ref_axis',(0.577350269189625,0.577350269189628,-0.577350269189625));
#4738=DIRECTION('center_axis',(-1.,0.,0.));
#4739=DIRECTION('ref_axis',(0.,0.,-1.));
#4740=DIRECTION('center_axis',(4.44089209850064E-15,0.,1.));
#4741=DIRECTION('ref_axis',(0.,1.,0.));
#4742=DIRECTION('center_axis',(0.,-1.,0.));
#4743=DIRECTION('ref_axis',(1.,0.,0.));
#4744=DIRECTION('center_axis',(0.,-1.,0.));
#4745=DIRECTION('ref_axis',(0.707106781186541,0.,-0.707106781186554));
#4746=DIRECTION('center_axis',(0.,1.,0.));
#4747=DIRECTION('ref_axis',(0.707106781186541,0.,-0.707106781186554));
#4748=DIRECTION('',(0.,-1.,0.));
#4749=DIRECTION('',(0.,1.,0.));
#4750=DIRECTION('center_axis',(0.,0.,-1.));
#4751=DIRECTION('ref_axis',(0.70710678118654,0.707106781186555,0.));
#4752=DIRECTION('',(0.,0.,1.));
#4753=DIRECTION('',(0.,0.,-1.));
#4754=DIRECTION('center_axis',(0.816496580927725,-0.408248290463866,0.408248290463862));
#4755=DIRECTION('ref_axis',(0.577350269189625,0.577350269189628,-0.577350269189625));
#4756=DIRECTION('center_axis',(-1.,0.,0.));
#4757=DIRECTION('ref_axis',(0.,0.,-1.));
#4758=DIRECTION('center_axis',(4.44089209850064E-15,0.,1.));
#4759=DIRECTION('ref_axis',(0.,1.,0.));
#4760=DIRECTION('center_axis',(0.,0.,-1.));
#4761=DIRECTION('ref_axis',(0.707106781186552,0.707106781186543,0.));
#4762=DIRECTION('',(0.,0.,-1.));
#4763=DIRECTION('center_axis',(-1.,0.,0.));
#4764=DIRECTION('ref_axis',(0.,0.,1.));
#4765=DIRECTION('',(0.,0.,1.));
#4766=DIRECTION('center_axis',(1.,0.,0.));
#4767=DIRECTION('ref_axis',(0.,-1.,0.));
#4768=DIRECTION('center_axis',(1.,0.,0.));
#4769=DIRECTION('ref_axis',(0.,3.70074341541719E-16,1.));
#4770=DIRECTION('center_axis',(0.,0.,1.));
#4771=DIRECTION('ref_axis',(0.,1.,0.));
#4772=DIRECTION('center_axis',(0.,-0.999892130591862,0.0146876540150532));
#4773=DIRECTION('ref_axis',(0.707106781186547,0.0103857397537659,0.707030505996572));
#4774=DIRECTION('center_axis',(0.,0.999892130591862,-0.0146876540150531));
#4775=DIRECTION('ref_axis',(0.,0.0146876540150531,0.999892130591862));
#4776=DIRECTION('',(0.,0.999892130591862,-0.0146876540150532));
#4777=DIRECTION('center_axis',(0.,0.712280722052426,0.701894702211432));
#4778=DIRECTION('ref_axis',(-1.94814914814387E-16,-0.701894702211432,0.712280722052426));
#4779=DIRECTION('',(0.,-0.999892130591862,0.0146876540150532));
#4780=DIRECTION('center_axis',(1.,0.,0.));
#4781=DIRECTION('ref_axis',(0.,0.,-1.));
#4782=DIRECTION('center_axis',(1.,0.,0.));
#4783=DIRECTION('ref_axis',(0.,-0.712280722052426,-0.701894702211432));
#4784=DIRECTION('center_axis',(-1.,0.,0.));
#4785=DIRECTION('ref_axis',(0.,-0.712280722052426,-0.701894702211432));
#4786=DIRECTION('center_axis',(1.,0.,0.));
#4787=DIRECTION('ref_axis',(0.,-0.712280722052427,-0.701894702211431));
#4788=DIRECTION('',(-1.,0.,0.));
#4789=DIRECTION('center_axis',(-1.,0.,0.));
#4790=DIRECTION('ref_axis',(0.,-0.0146876540150531,-0.999892130591862));
#4791=DIRECTION('',(1.,0.,0.));
#4792=DIRECTION('center_axis',(0.,-0.0146876540150532,-0.999892130591862));
#4793=DIRECTION('ref_axis',(0.,0.999892130591862,-0.0146876540150532));
#4794=DIRECTION('',(1.,0.,0.));
#4795=DIRECTION('',(0.,0.999892130591862,-0.0146876540150532));
#4796=DIRECTION('center_axis',(-0.816496580927728,0.408248290463862,0.40824829046386));
#4797=DIRECTION('ref_axis',(-0.577350269189624,-0.57735026918963,-0.577350269189624));
#4798=DIRECTION('center_axis',(0.,1.,0.));
#4799=DIRECTION('ref_axis',(-1.,0.,0.));
#4800=DIRECTION('center_axis',(4.44089209850064E-15,0.,1.));
#4801=DIRECTION('ref_axis',(0.,-1.,0.));
#4802=DIRECTION('center_axis',(1.,0.,0.));
#4803=DIRECTION('ref_axis',(0.,0.,-1.));
#4804=DIRECTION('center_axis',(0.,0.,1.));
#4805=DIRECTION('ref_axis',(-0.707106781186552,-0.707106781186543,0.));
#4806=DIRECTION('',(0.,0.,1.));
#4807=DIRECTION('',(0.,0.,1.));
#4808=DIRECTION('center_axis',(-1.,0.,1.05735526154777E-16));
#4809=DIRECTION('ref_axis',(0.,-0.707106781186549,-0.707106781186546));
#4810=DIRECTION('',(1.,0.,1.05735526154777E-16));
#4811=DIRECTION('',(1.,0.,-1.05735526154777E-16));
#4812=DIRECTION('center_axis',(0.,-1.,0.));
#4813=DIRECTION('ref_axis',(-1.,0.,0.));
#4814=DIRECTION('center_axis',(-0.447213595499959,0.,0.894427190999915));
#4815=DIRECTION('ref_axis',(0.894427190999915,0.,0.44721359549996));
#4816=DIRECTION('center_axis',(0.894427190999917,0.,-0.447213595499956));
#4817=DIRECTION('ref_axis',(0.447213595499956,0.,0.894427190999917));
#4818=DIRECTION('center_axis',(0.,1.,0.));
#4819=DIRECTION('ref_axis',(-0.707106781186551,0.,-0.707106781186544));
#4820=DIRECTION('',(0.,-1.,0.));
#4821=DIRECTION('',(0.,1.,0.));
#4822=DIRECTION('center_axis',(1.,0.,0.));
#4823=DIRECTION('ref_axis',(0.,0.,-1.));
#4824=DIRECTION('',(0.,0.,-1.));
#4825=DIRECTION('center_axis',(0.,0.,-1.));
#4826=DIRECTION('ref_axis',(0.707106781186552,0.707106781186543,0.));
#4827=DIRECTION('',(0.,0.,1.));
#4828=DIRECTION('center_axis',(1.,0.,-1.05735526154777E-16));
#4829=DIRECTION('ref_axis',(0.,0.707106781186546,0.707106781186549));
#4830=DIRECTION('',(-1.,0.,-1.05735526154777E-16));
#4831=DIRECTION('',(1.,0.,1.05735526154777E-16));
#4832=DIRECTION('center_axis',(-1.,0.,0.));
#4833=DIRECTION('ref_axis',(0.,0.707106781186548,-0.707106781186547));
#4834=DIRECTION('',(-1.,0.,0.));
#4835=DIRECTION('center_axis',(1.,0.,0.));
#4836=DIRECTION('ref_axis',(0.,0.,-1.));
#4837=DIRECTION('',(1.,0.,0.));
#4838=DIRECTION('center_axis',(-0.707106781186549,-7.85046229341886E-16,
0.707106781186546));
#4839=DIRECTION('ref_axis',(0.707106781186546,-7.85046229341888E-16,0.707106781186549));
#4840=DIRECTION('center_axis',(0.,0.,1.));
#4841=DIRECTION('ref_axis',(-0.707106781186546,0.707106781186549,0.));
#4842=DIRECTION('',(0.,0.,1.));
#4843=DIRECTION('',(0.,0.,-1.));
#4844=DIRECTION('center_axis',(0.707106781186549,0.,0.707106781186546));
#4845=DIRECTION('ref_axis',(0.707106781186546,0.,-0.707106781186549));
#4846=DIRECTION('center_axis',(1.,0.,-7.40148683083438E-16));
#4847=DIRECTION('ref_axis',(0.,0.707106781186549,0.707106781186546));
#4848=DIRECTION('',(-1.,0.,7.40148683083438E-16));
#4849=DIRECTION('center_axis',(-0.707106781186549,0.,0.707106781186546));
#4850=DIRECTION('ref_axis',(0.707106781186546,0.,0.707106781186549));
#4851=DIRECTION('',(1.,0.,-7.40148683083438E-16));
#4852=DIRECTION('center_axis',(1.,0.,-7.40148683083438E-16));
#4853=DIRECTION('ref_axis',(0.,-0.707106781186547,-0.707106781186548));
#4854=DIRECTION('',(-1.,0.,7.40148683083438E-16));
#4855=DIRECTION('center_axis',(1.,0.,0.));
#4856=DIRECTION('ref_axis',(0.,-0.707106781186547,-0.707106781186548));
#4857=DIRECTION('',(1.,0.,-7.40148683083438E-16));
#4858=DIRECTION('center_axis',(0.70710678118655,0.,0.707106781186545));
#4859=DIRECTION('ref_axis',(-0.707106781186545,0.,0.70710678118655));
#4860=DIRECTION('center_axis',(0.,0.,1.));
#4861=DIRECTION('ref_axis',(0.707106781186547,-0.707106781186548,0.));
#4862=DIRECTION('',(0.,0.,1.));
#4863=DIRECTION('center_axis',(-0.707106781186549,0.,0.707106781186546));
#4864=DIRECTION('ref_axis',(-0.707106781186546,0.,-0.707106781186549));
#4865=DIRECTION('',(0.,0.,-1.));
#4866=DIRECTION('center_axis',(0.,-1.,0.));
#4867=DIRECTION('ref_axis',(0.,0.,-1.));
#4868=DIRECTION('center_axis',(-1.11022302462516E-15,-1.,0.));
#4869=DIRECTION('ref_axis',(0.,0.,-1.));
#4870=DIRECTION('center_axis',(-1.,0.,0.));
#4871=DIRECTION('ref_axis',(0.,-1.,0.));
#4872=DIRECTION('center_axis',(0.,1.,0.));
#4873=DIRECTION('ref_axis',(-0.707106781186546,0.,-0.707106781186549));
#4874=DIRECTION('center_axis',(0.,0.,-1.));
#4875=DIRECTION('ref_axis',(1.,0.,0.));
#4876=DIRECTION('center_axis',(-1.,0.,0.));
#4877=DIRECTION('ref_axis',(0.,-0.707106781186547,0.707106781186548));
#4878=DIRECTION('',(-1.,0.,0.));
#4879=DIRECTION('',(1.,0.,0.));
#4880=DIRECTION('center_axis',(0.,0.,-1.));
#4881=DIRECTION('ref_axis',(0.707106781186552,-0.707106781186543,0.));
#4882=DIRECTION('',(0.,0.,1.));
#4883=DIRECTION('',(0.,0.,1.));
#4884=DIRECTION('center_axis',(0.,-1.,0.));
#4885=DIRECTION('ref_axis',(-0.707106781186553,0.,-0.707106781186542));
#4886=DIRECTION('center_axis',(0.,-1.,0.));
#4887=DIRECTION('ref_axis',(-1.,0.,1.11022302462516E-15));
#4888=DIRECTION('',(0.,-1.,0.));
#4889=DIRECTION('',(0.,1.,0.));
#4890=DIRECTION('center_axis',(-0.40824829046386,-0.816496580927727,-0.408248290463865));
#4891=DIRECTION('ref_axis',(-0.577350269189623,0.577350269189627,-0.577350269189627));
#4892=DIRECTION('center_axis',(0.,0.,-1.));
#4893=DIRECTION('ref_axis',(-0.70710678118655,0.707106781186545,0.));
#4894=DIRECTION('center_axis',(1.,0.,0.));
#4895=DIRECTION('ref_axis',(0.,0.,1.));
#4896=DIRECTION('',(0.,-1.,0.));
#4897=DIRECTION('',(0.,-1.,0.));
#4898=DIRECTION('center_axis',(-7.40148683083438E-16,0.,-1.));
#4899=DIRECTION('ref_axis',(1.,0.,-7.40148683083438E-16));
#4900=DIRECTION('',(0.,-1.,0.));
#4901=DIRECTION('center_axis',(0.,1.,0.));
#4902=DIRECTION('ref_axis',(0.,0.,1.));
#4903=DIRECTION('',(0.,0.,1.));
#4904=DIRECTION('',(0.,0.,1.));
#4905=DIRECTION('',(1.,0.,-1.64477485129653E-16));
#4906=DIRECTION('',(0.,0.,-1.));
#4907=DIRECTION('',(-1.,0.,0.));
#4908=DIRECTION('center_axis',(0.,0.,1.));
#4909=DIRECTION('ref_axis',(-0.707106781186552,0.707106781186543,0.));
#4910=DIRECTION('',(0.,0.,-1.));
#4911=DIRECTION('center_axis',(-1.,0.,0.));
#4912=DIRECTION('ref_axis',(0.,0.,1.));
#4913=DIRECTION('center_axis',(8.57984272699221E-16,-0.999892223618127,
-0.0146813196953516));
#4914=DIRECTION('ref_axis',(3.9062996565802E-13,-0.0146813196953516,0.999892223618127));
#4915=DIRECTION('center_axis',(0.,0.,1.));
#4916=DIRECTION('ref_axis',(0.,-1.,0.));
#4917=DIRECTION('center_axis',(0.,1.,0.));
#4918=DIRECTION('ref_axis',(3.94849855256277E-13,0.,1.));
#4919=DIRECTION('center_axis',(0.,0.,-1.));
#4920=DIRECTION('ref_axis',(0.707106781186552,-0.707106781186543,0.));
#4921=DIRECTION('center_axis',(0.,0.,-1.));
#4922=DIRECTION('ref_axis',(1.,0.,0.));
#4923=DIRECTION('',(0.,0.,1.));
#4924=DIRECTION('',(0.,0.,-1.));
#4925=DIRECTION('center_axis',(0.,1.,0.));
#4926=DIRECTION('ref_axis',(0.,0.,1.));
#4927=DIRECTION('center_axis',(1.,0.,0.));
#4928=DIRECTION('ref_axis',(0.,0.,1.));
#4929=DIRECTION('center_axis',(0.,1.,0.));
#4930=DIRECTION('ref_axis',(-0.707106781186548,0.,-0.707106781186548));
#4931=DIRECTION('center_axis',(0.,-1.,0.));
#4932=DIRECTION('ref_axis',(-0.707106781186548,0.,-0.707106781186548));
#4933=DIRECTION('center_axis',(1.,0.,-1.64477485129653E-16));
#4934=DIRECTION('ref_axis',(0.,-0.707106781186546,0.707106781186549));
#4935=DIRECTION('',(1.,0.,1.64477485129653E-16));
#4936=DIRECTION('',(1.,0.,-1.64477485129653E-16));
#4937=DIRECTION('center_axis',(0.,0.999892130591862,-0.0146876540150532));
#4938=DIRECTION('ref_axis',(-0.707106781186553,0.0103857397537658,0.707030505996566));
#4939=DIRECTION('center_axis',(0.,0.712280722052427,0.701894702211431));
#4940=DIRECTION('ref_axis',(2.43518643517984E-16,-0.701894702211431,0.712280722052427));
#4941=DIRECTION('',(0.,-0.999892130591862,0.0146876540150532));
#4942=DIRECTION('center_axis',(-1.64477485129653E-16,0.,-1.));
#4943=DIRECTION('ref_axis',(-1.,0.,1.64477485129653E-16));
#4944=DIRECTION('',(0.,-1.,0.));
#4945=DIRECTION('',(-1.,0.,1.64477485129653E-16));
#4946=DIRECTION('center_axis',(0.,1.,0.));
#4947=DIRECTION('ref_axis',(-0.707106781186554,0.,-0.707106781186541));
#4948=DIRECTION('',(0.,1.,0.));
#4949=DIRECTION('center_axis',(0.,1.,0.));
#4950=DIRECTION('ref_axis',(-1.,0.,0.));
#4951=DIRECTION('center_axis',(-1.,0.,0.));
#4952=DIRECTION('ref_axis',(0.,0.,1.));
#4953=DIRECTION('',(0.,-3.02788097625043E-16,-1.));
#4954=DIRECTION('',(0.,-1.,0.));
#4955=DIRECTION('',(0.,0.,1.));
#4956=DIRECTION('center_axis',(1.,0.,0.));
#4957=DIRECTION('ref_axis',(0.,0.707106781186548,0.707106781186547));
#4958=DIRECTION('center_axis',(1.,0.,0.));
#4959=DIRECTION('ref_axis',(0.,1.,0.));
#4960=DIRECTION('',(1.,0.,0.));
#4961=DIRECTION('center_axis',(-1.,0.,0.));
#4962=DIRECTION('ref_axis',(0.,0.,1.));
#4963=DIRECTION('center_axis',(0.,-1.,0.));
#4964=DIRECTION('ref_axis',(0.707106781186547,0.,0.707106781186548));
#4965=DIRECTION('center_axis',(0.,-1.,0.));
#4966=DIRECTION('ref_axis',(1.,0.,0.));
#4967=DIRECTION('',(0.,-1.,0.));
#4968=DIRECTION('center_axis',(0.,1.,0.));
#4969=DIRECTION('ref_axis',(0.,0.,1.));
#4970=DIRECTION('',(0.,1.,0.));
#4971=DIRECTION('center_axis',(-0.816496580927729,0.408248290463861,0.408248290463859));
#4972=DIRECTION('ref_axis',(0.577350269189623,0.577350269189627,0.577350269189627));
#4973=DIRECTION('center_axis',(0.,0.,1.));
#4974=DIRECTION('ref_axis',(0.707106781186546,0.707106781186549,0.));
#4975=DIRECTION('center_axis',(1.,0.,0.));
#4976=DIRECTION('ref_axis',(0.,-0.707106781186547,0.707106781186548));
#4977=DIRECTION('center_axis',(1.,0.,0.));
#4978=DIRECTION('ref_axis',(0.,0.,1.));
#4979=DIRECTION('',(1.,0.,0.));
#4980=DIRECTION('center_axis',(-1.,0.,0.));
#4981=DIRECTION('ref_axis',(0.,-1.,0.));
#4982=DIRECTION('',(-1.,0.,0.));
#4983=DIRECTION('center_axis',(-0.816496580927729,-0.40824829046386,0.408248290463859));
#4984=DIRECTION('ref_axis',(0.577350269189623,-0.577350269189628,0.577350269189627));
#4985=DIRECTION('center_axis',(0.,3.02788097625043E-16,1.));
#4986=DIRECTION('ref_axis',(0.707106781186546,-0.707106781186549,0.));
#4987=DIRECTION('center_axis',(0.,1.,0.));
#4988=DIRECTION('ref_axis',(-0.707106781186553,0.,0.707106781186542));
#4989=DIRECTION('center_axis',(0.,1.,0.));
#4990=DIRECTION('ref_axis',(-1.,0.,1.11022302462516E-15));
#4991=DIRECTION('',(0.,1.,0.));
#4992=DIRECTION('center_axis',(0.,-1.,0.));
#4993=DIRECTION('ref_axis',(0.,0.,1.));
#4994=DIRECTION('center_axis',(0.40824829046386,-0.816496580927727,-0.408248290463865));
#4995=DIRECTION('ref_axis',(-0.577350269189623,-0.577350269189626,0.577350269189628));
#4996=DIRECTION('center_axis',(0.,3.02788097625043E-16,1.));
#4997=DIRECTION('ref_axis',(-0.70710678118655,-0.707106781186545,0.));
#4998=DIRECTION('center_axis',(-0.81649658092773,-0.408248290463859,-0.408248290463859));
#4999=DIRECTION('ref_axis',(-0.577350269189623,0.577350269189627,0.577350269189627));
#5000=DIRECTION('center_axis',(0.,0.,1.));
#5001=DIRECTION('ref_axis',(-0.70710678118655,0.707106781186545,0.));
#5002=DIRECTION('center_axis',(0.,-3.02788097625043E-16,-1.));
#5003=DIRECTION('ref_axis',(0.707106781186546,-0.707106781186549,0.));
#5004=DIRECTION('',(0.,-3.02788097625043E-16,-1.));
#5005=DIRECTION('',(0.,3.02788097625043E-16,1.));
#5006=DIRECTION('center_axis',(0.,1.,-3.02788097625043E-16));
#5007=DIRECTION('ref_axis',(0.,3.02788097625043E-16,1.));
#5008=DIRECTION('',(0.,3.02788097625043E-16,1.));
#5009=DIRECTION('center_axis',(0.,3.02788097625043E-16,1.));
#5010=DIRECTION('ref_axis',(-0.707106781186553,-0.707106781186542,0.));
#5011=DIRECTION('center_axis',(0.,0.,-1.));
#5012=DIRECTION('ref_axis',(1.,0.,0.));
#5013=DIRECTION('center_axis',(0.,0.,-1.));
#5014=DIRECTION('ref_axis',(0.707106781186546,0.707106781186549,0.));
#5015=DIRECTION('',(0.,0.,-1.));
#5016=DIRECTION('center_axis',(-1.,0.,0.));
#5017=DIRECTION('ref_axis',(0.,0.,-1.));
#5018=DIRECTION('',(0.,0.,-1.));
#5019=DIRECTION('center_axis',(0.,0.,1.));
#5020=DIRECTION('ref_axis',(-1.,0.,0.));
#5021=DIRECTION('center_axis',(-1.,0.,0.));
#5022=DIRECTION('ref_axis',(0.,1.,-4.44089209850063E-15));
#5023=DIRECTION('center_axis',(0.,1.,0.));
#5024=DIRECTION('ref_axis',(-0.707106781186554,0.,-0.707106781186541));
#5025=DIRECTION('center_axis',(0.,0.,-1.));
#5026=DIRECTION('ref_axis',(-1.,0.,0.));
#5027=DIRECTION('center_axis',(0.,-1.,0.));
#5028=DIRECTION('ref_axis',(-0.707106781186554,0.,-0.707106781186541));
#5029=DIRECTION('center_axis',(0.,1.,0.));
#5030=DIRECTION('ref_axis',(-0.707106781186546,0.,-0.707106781186549));
#5031=DIRECTION('center_axis',(0.,1.,0.));
#5032=DIRECTION('ref_axis',(-0.707106781186546,0.,-0.707106781186549));
#5033=DIRECTION('',(0.,1.,0.));
#5034=DIRECTION('',(0.,-1.,0.));
#5035=DIRECTION('center_axis',(0.,1.,0.));
#5036=DIRECTION('ref_axis',(0.,0.,1.));
#5037=DIRECTION('',(-1.,0.,0.));
#5038=DIRECTION('',(0.,0.,1.));
#5039=DIRECTION('center_axis',(0.,0.,-1.));
#5040=DIRECTION('ref_axis',(-1.,0.,0.));
#5041=DIRECTION('',(-1.,0.,0.));
#5042=DIRECTION('center_axis',(-1.,0.,0.));
#5043=DIRECTION('ref_axis',(0.,0.707106781186545,-0.70710678118655));
#5044=DIRECTION('',(-1.,0.,0.));
#5045=DIRECTION('center_axis',(0.,0.,1.));
#5046=DIRECTION('ref_axis',(-0.70710678118654,0.707106781186555,0.));
#5047=DIRECTION('',(0.,0.,1.));
#5048=DIRECTION('',(0.,0.,1.));
#5049=DIRECTION('center_axis',(-1.,0.,0.));
#5050=DIRECTION('ref_axis',(0.,0.,1.));
#5051=DIRECTION('center_axis',(0.,1.,0.));
#5052=DIRECTION('ref_axis',(0.,0.,1.));
#5053=DIRECTION('',(-1.,0.,0.));
#5054=DIRECTION('',(0.,0.,1.));
#5055=DIRECTION('center_axis',(-0.816496580927725,-0.408248290463866,0.408248290463862));
#5056=DIRECTION('ref_axis',(-0.577350269189625,0.577350269189628,-0.577350269189625));
#5057=DIRECTION('center_axis',(-1.,0.,0.));
#5058=DIRECTION('ref_axis',(0.,0.,-1.));
#5059=DIRECTION('center_axis',(0.,1.,0.));
#5060=DIRECTION('ref_axis',(-1.,0.,0.));
#5061=DIRECTION('center_axis',(4.44089209850064E-15,0.,-1.));
#5062=DIRECTION('ref_axis',(0.,1.,0.));
#5063=DIRECTION('center_axis',(0.,1.,0.));
#5064=DIRECTION('ref_axis',(-0.707106781186541,0.,-0.707106781186554));
#5065=DIRECTION('center_axis',(0.,-1.,0.));
#5066=DIRECTION('ref_axis',(-0.707106781186541,0.,-0.707106781186554));
#5067=DIRECTION('',(0.,1.,0.));
#5068=DIRECTION('',(0.,-1.,0.));
#5069=DIRECTION('center_axis',(0.,0.,1.));
#5070=DIRECTION('ref_axis',(-0.70710678118654,0.707106781186555,0.));
#5071=DIRECTION('',(0.,0.,-1.));
#5072=DIRECTION('center_axis',(-1.,0.,0.));
#5073=DIRECTION('ref_axis',(0.,0.707106781186546,-0.707106781186549));
#5074=DIRECTION('',(-1.,0.,0.));
#5075=DIRECTION('center_axis',(0.,0.,-1.));
#5076=DIRECTION('ref_axis',(-1.,0.,0.));
#5077=DIRECTION('',(-1.,0.,0.));
#5078=DIRECTION('center_axis',(-0.816496580927725,-0.408248290463866,0.408248290463862));
#5079=DIRECTION('ref_axis',(-0.577350269189625,0.577350269189628,-0.577350269189625));
#5080=DIRECTION('center_axis',(-1.,0.,0.));
#5081=DIRECTION('ref_axis',(0.,0.,-1.));
#5082=DIRECTION('center_axis',(4.44089209850064E-15,0.,-1.));
#5083=DIRECTION('ref_axis',(0.,1.,0.));
#5084=DIRECTION('center_axis',(0.,0.,1.));
#5085=DIRECTION('ref_axis',(-0.707106781186552,0.707106781186543,0.));
#5086=DIRECTION('center_axis',(-1.,0.,1.64477485129653E-16));
#5087=DIRECTION('ref_axis',(0.,0.707106781186546,-0.707106781186549));
#5088=DIRECTION('center_axis',(-1.,0.,0.));
#5089=DIRECTION('ref_axis',(0.,0.,1.));
#5090=DIRECTION('',(0.,0.,-1.));
#5091=DIRECTION('center_axis',(1.05735526154777E-16,0.,1.));
#5092=DIRECTION('ref_axis',(1.,0.,-1.05735526154777E-16));
#5093=DIRECTION('center_axis',(0.,1.,0.));
#5094=DIRECTION('ref_axis',(0.,0.,1.));
#5095=DIRECTION('center_axis',(0.,1.,0.));
#5096=DIRECTION('ref_axis',(0.,0.,1.));
#5097=CARTESIAN_POINT('',(0.,0.,0.));
#5098=CARTESIAN_POINT('Origin',(40.5,4.75,5.5));
#5099=CARTESIAN_POINT('',(40.5,5.25,5.5));
#5100=CARTESIAN_POINT('Origin',(40.5,4.75,5.5));
#5101=CARTESIAN_POINT('',(41.,4.75,5.5));
#5102=CARTESIAN_POINT('Origin',(40.5,4.75,5.5));
#5103=CARTESIAN_POINT('Origin',(39.,4.451999822434,10.0140380929992));
#5104=CARTESIAN_POINT('',(39.,3.49265617299247,9.49989212477333));
#5105=CARTESIAN_POINT('',(38.5,3.48531234598495,9.99983819006926));
#5106=CARTESIAN_POINT('Origin',(39.,3.48531234598495,9.99983819006926));
#5107=CARTESIAN_POINT('',(38.5,4.,10.0073985597899));
#5108=CARTESIAN_POINT('',(38.5,4.451999822434,10.0140380929992));
#5109=CARTESIAN_POINT('',(39.,3.5,9.5));
#5110=CARTESIAN_POINT('Origin',(39.,4.,10.0073985597899));
#5111=CARTESIAN_POINT('',(39.,4.45934364944152,9.51409202770322));
#5112=CARTESIAN_POINT('Origin',(39.,3.5,8.9999460594774));
#5113=CARTESIAN_POINT('',(39.,3.,8.9999460594774));
#5114=CARTESIAN_POINT('',(38.5,3.,9.86597146326184));
#5115=CARTESIAN_POINT('Ctrl Pts',(38.5,3.,9.86597146326184));
#5116=CARTESIAN_POINT('Ctrl Pts',(38.5,3.,9.73853275232405));
#5117=CARTESIAN_POINT('Ctrl Pts',(38.5447859999489,3.,9.59231129605284));
#5118=CARTESIAN_POINT('Ctrl Pts',(38.6980436419056,3.,9.3075576955794));
#5119=CARTESIAN_POINT('Ctrl Pts',(38.8614508889595,3.,9.13849517051787));
#5120=CARTESIAN_POINT('Ctrl Pts',(39.,3.,8.9999460594774));
#5121=CARTESIAN_POINT('Origin',(38.5,3.5,8.9999460594774));
#5122=CARTESIAN_POINT('Origin',(39.,3.5,8.9999460594774));
#5123=CARTESIAN_POINT('Origin',(31.5,3.5,8.9999460594774));
#5124=CARTESIAN_POINT('',(40.,3.49265617299247,9.49989212477333));
#5125=CARTESIAN_POINT('',(31.5,3.49265617299247,9.49989212477333));
#5126=CARTESIAN_POINT('',(40.,3.,8.9999460594774));
#5127=CARTESIAN_POINT('Origin',(40.,3.5,8.9999460594774));
#5128=CARTESIAN_POINT('',(31.5,3.,8.9999460594774));
#5129=CARTESIAN_POINT('Origin',(40.5,3.,9.49265538073274));
#5130=CARTESIAN_POINT('',(40.,3.5,9.5));
#5131=CARTESIAN_POINT('',(40.5,3.5,9.5));
#5132=CARTESIAN_POINT('',(40.,3.02208303629488,9.49297976372044));
#5133=CARTESIAN_POINT('Origin',(41.5,3.5,13.5));
#5134=CARTESIAN_POINT('',(42.,3.5,13.5));
#5135=CARTESIAN_POINT('',(41.5,3.5,14.));
#5136=CARTESIAN_POINT('Origin',(41.5,3.5,13.5));
#5137=CARTESIAN_POINT('',(41.5,3.,13.5));
#5138=CARTESIAN_POINT('Origin',(41.5,3.5,13.5));
#5139=CARTESIAN_POINT('Origin',(41.5,3.5,13.5));
#5140=CARTESIAN_POINT('Ctrl Pts',(42.5,6.,14.5));
#5141=CARTESIAN_POINT('Ctrl Pts',(42.2756005247436,6.,14.3878002623718));
#5142=CARTESIAN_POINT('Ctrl Pts',(41.9029480301805,5.93445839663085,14.2014740150902));
#5143=CARTESIAN_POINT('Ctrl Pts',(41.5684144942496,5.72414320656447,14.0342072471248));
#5144=CARTESIAN_POINT('Ctrl Pts',(41.5,5.57479982508547,14.));
#5145=CARTESIAN_POINT('Ctrl Pts',(41.5,5.5,14.));
#5146=CARTESIAN_POINT('Ctrl Pts',(42.5,6.,14.5));
#5147=CARTESIAN_POINT('Ctrl Pts',(42.294300481015,6.,14.3691003061004));
#5148=CARTESIAN_POINT('Ctrl Pts',(41.9525945030932,5.9082591718628,14.1523705901624));
#5149=CARTESIAN_POINT('Ctrl Pts',(41.6762359631085,5.67017420312791,14.0121932853442));
#5150=CARTESIAN_POINT('Ctrl Pts',(41.6308996938996,5.55502383140855,14.));
#5151=CARTESIAN_POINT('Ctrl Pts',(41.6308996938996,5.5,14.));
#5152=CARTESIAN_POINT('Ctrl Pts',(42.5,6.,14.5));
#5153=CARTESIAN_POINT('Ctrl Pts',(42.3317003935577,6.,14.3317003935577));
#5154=CARTESIAN_POINT('Ctrl Pts',(42.052572999386,5.8825451274037,14.052572999386));
#5155=CARTESIAN_POINT('Ctrl Pts',(41.8916558006209,5.61019574103334,13.8916558006208));
#5156=CARTESIAN_POINT('Ctrl Pts',(41.8915621736087,5.53257582315055,13.8915621736087));
#5157=CARTESIAN_POINT('Ctrl Pts',(41.8915621736087,5.5,13.8915621736087));
#5158=CARTESIAN_POINT('Ctrl Pts',(42.5,6.,14.5));
#5159=CARTESIAN_POINT('Ctrl Pts',(42.3691003061004,6.,14.294300481015));
#5160=CARTESIAN_POINT('Ctrl Pts',(42.1523705901624,5.9082591718628,13.9525945030932));
#5161=CARTESIAN_POINT('Ctrl Pts',(42.0121932853442,5.67017420312791,13.6762359631085));
#5162=CARTESIAN_POINT('Ctrl Pts',(42.,5.55502383140855,13.6308996938996));
#5163=CARTESIAN_POINT('Ctrl Pts',(42.,5.5,13.6308996938996));
#5164=CARTESIAN_POINT('Ctrl Pts',(42.5,6.,14.5));
#5165=CARTESIAN_POINT('Ctrl Pts',(42.3878002623718,6.,14.2756005247436));
#5166=CARTESIAN_POINT('Ctrl Pts',(42.2014740150902,5.93445839663085,13.9029480301804));
#5167=CARTESIAN_POINT('Ctrl Pts',(42.0342072471248,5.72414320656447,13.5684144942496));
#5168=CARTESIAN_POINT('Ctrl Pts',(42.,5.57479982508547,13.5));
#5169=CARTESIAN_POINT('Ctrl Pts',(42.,5.5,13.5));
#5170=CARTESIAN_POINT('',(42.,5.5,13.5));
#5171=CARTESIAN_POINT('',(41.5,5.5,14.));
#5172=CARTESIAN_POINT('Origin',(41.5,5.5,13.5));
#5173=CARTESIAN_POINT('',(42.5,6.,14.5));
#5174=CARTESIAN_POINT('Origin',(42.5,5.5,14.5));
#5175=CARTESIAN_POINT('Origin',(42.5,5.5,14.5));
#5176=CARTESIAN_POINT('Origin',(41.5,3.,13.5));
#5177=CARTESIAN_POINT('',(42.,3.,13.5));
#5178=CARTESIAN_POINT('',(41.5,3.,14.));
#5179=CARTESIAN_POINT('Origin',(27.875,5.5,2.5));
#5180=CARTESIAN_POINT('',(35.5,5.5,3.));
#5181=CARTESIAN_POINT('',(40.,5.5,3.));
#5182=CARTESIAN_POINT('',(27.875,5.5,3.));
#5183=CARTESIAN_POINT('',(40.,6.,2.5));
#5184=CARTESIAN_POINT('Origin',(40.,5.5,2.5));
#5185=CARTESIAN_POINT('',(35.,6.,2.5));
#5186=CARTESIAN_POINT('',(27.875,6.,2.5));
#5187=CARTESIAN_POINT('Origin',(35.,5.5,2.5));
#5188=CARTESIAN_POINT('Origin',(35.,5.5,8.375));
#5189=CARTESIAN_POINT('',(35.5,5.5,10.5));
#5190=CARTESIAN_POINT('',(35.5,5.5,8.375));
#5191=CARTESIAN_POINT('',(35.,6.,11.));
#5192=CARTESIAN_POINT('',(35.,6.,8.375));
#5193=CARTESIAN_POINT('Origin',(35.,5.5,11.));
#5194=CARTESIAN_POINT('Origin',(29.375,5.5,11.));
#5195=CARTESIAN_POINT('',(39.,6.,11.));
#5196=CARTESIAN_POINT('',(29.375,6.,11.));
#5197=CARTESIAN_POINT('',(38.5,5.5,10.5));
#5198=CARTESIAN_POINT('Origin',(39.,5.5,11.));
#5199=CARTESIAN_POINT('',(29.375,5.5,10.5));
#5200=CARTESIAN_POINT('Origin',(30.5,3.5,10.));
#5201=CARTESIAN_POINT('',(35.5,3.5,10.5));
#5202=CARTESIAN_POINT('',(38.5,3.5,10.5));
#5203=CARTESIAN_POINT('',(30.5,3.5,10.5));
#5204=CARTESIAN_POINT('',(38.5,3.,9.99999999999999));
#5205=CARTESIAN_POINT('Origin',(38.5,3.5,9.99999999999999));
#5206=CARTESIAN_POINT('',(36.,3.,9.99999999999999));
#5207=CARTESIAN_POINT('',(30.5,3.,10.));
#5208=CARTESIAN_POINT('Origin',(36.,3.5,9.99999999999999));
#5209=CARTESIAN_POINT('Origin',(36.,3.5,9.5));
#5210=CARTESIAN_POINT('',(36.,3.,3.5));
#5211=CARTESIAN_POINT('',(36.,3.,9.5));
#5212=CARTESIAN_POINT('',(35.5,3.5,3.));
#5213=CARTESIAN_POINT('Origin',(36.,3.5,3.5));
#5214=CARTESIAN_POINT('',(35.5,3.5,9.5));
#5215=CARTESIAN_POINT('Origin',(40.,3.5,2.5));
#5216=CARTESIAN_POINT('',(40.,3.5,3.));
#5217=CARTESIAN_POINT('',(40.5,3.5,2.5));
#5218=CARTESIAN_POINT('Origin',(40.,3.5,2.5));
#5219=CARTESIAN_POINT('',(40.,3.,3.5));
#5220=CARTESIAN_POINT('Origin',(40.,3.5,3.5));
#5221=CARTESIAN_POINT('',(41.,3.,2.5));
#5222=CARTESIAN_POINT('Origin',(40.,3.,2.5));
#5223=CARTESIAN_POINT('Origin',(41.,3.5,2.5));
#5224=CARTESIAN_POINT('Origin',(29.,3.5,3.5));
#5225=CARTESIAN_POINT('',(29.,3.,3.5));
#5226=CARTESIAN_POINT('',(29.,3.5,3.));
#5227=CARTESIAN_POINT('Origin',(40.,4.5,2.5));
#5228=CARTESIAN_POINT('',(40.5,5.5,2.5));
#5229=CARTESIAN_POINT('Origin',(40.,5.5,2.5));
#5230=CARTESIAN_POINT('',(40.,4.5,3.));
#5231=CARTESIAN_POINT('',(40.5,4.5,2.5));
#5232=CARTESIAN_POINT('Origin',(40.,5.5,2.5));
#5233=CARTESIAN_POINT('Origin',(40.,5.5,2.5));
#5234=CARTESIAN_POINT('Origin',(35.5,6.,10.5));
#5235=CARTESIAN_POINT('',(35.5,6.,10.5));
#5236=CARTESIAN_POINT('',(35.5,6.,3.));
#5237=CARTESIAN_POINT('Origin',(38.5,6.,10.5));
#5238=CARTESIAN_POINT('',(38.5,6.,10.5));
#5239=CARTESIAN_POINT('Ctrl Pts',(40.,3.,8.9999460594774));
#5240=CARTESIAN_POINT('Ctrl Pts',(40.2243994752564,3.,8.9999460594774));
#5241=CARTESIAN_POINT('Ctrl Pts',(40.748964369935,3.,9.18265359172827));
#5242=CARTESIAN_POINT('Ctrl Pts',(41.,3.,9.70082236224747));
#5243=CARTESIAN_POINT('Ctrl Pts',(41.,3.,10.0000539405226));
#5244=CARTESIAN_POINT('Ctrl Pts',(40.,3.,9.12962173819747));
#5245=CARTESIAN_POINT('Ctrl Pts',(40.1952456557301,3.,9.12962173819747));
#5246=CARTESIAN_POINT('Ctrl Pts',(40.6517723204846,3.00000194805793,9.2889410993108));
#5247=CARTESIAN_POINT('Ctrl Pts',(40.8694701135514,3.00001193950618,9.74005544351161));
#5248=CARTESIAN_POINT('Ctrl Pts',(40.8691003061004,3.,10.0000539405226));
#5249=CARTESIAN_POINT('Ctrl Pts',(40.,3.10629979507244,9.38790558097329));
#5250=CARTESIAN_POINT('Ctrl Pts',(40.1374296904127,3.10629979507244,9.38790558097329));
#5251=CARTESIAN_POINT('Ctrl Pts',(40.4584142832221,3.10668417225225,9.50057156255087));
#5252=CARTESIAN_POINT('Ctrl Pts',(40.6094990675877,3.10778026210491,9.8178335659769));
#5253=CARTESIAN_POINT('Ctrl Pts',(40.608422913444,3.10842291344398,10.0000539405226));
#5254=CARTESIAN_POINT('Ctrl Pts',(40.,3.36299448231111,9.49798749327012));
#5255=CARTESIAN_POINT('Ctrl Pts',(40.1124007613164,3.36299448231111,9.49798749327012));
#5256=CARTESIAN_POINT('Ctrl Pts',(40.3756839415139,3.36410637745888,9.59021900485822));
#5257=CARTESIAN_POINT('Ctrl Pts',(40.5005882435953,3.36726822383222,9.85072051483293));
#5258=CARTESIAN_POINT('Ctrl Pts',(40.5,3.36910030610043,10.0000539405226));
#5259=CARTESIAN_POINT('Ctrl Pts',(40.,3.49265617299247,9.49989212477333));
#5260=CARTESIAN_POINT('Ctrl Pts',(40.1121997376282,3.49265617299247,9.49989212477333));
#5261=CARTESIAN_POINT('Ctrl Pts',(40.3744821849675,3.49399780076609,9.59126559838916));
#5262=CARTESIAN_POINT('Ctrl Pts',(40.5,3.49780273209752,9.85040587519269));
#5263=CARTESIAN_POINT('Ctrl Pts',(40.5,3.5,10.0000539405226));
#5264=CARTESIAN_POINT('',(40.5,3.5,10.0000539405226));
#5265=CARTESIAN_POINT('Origin',(40.,3.5,10.0000539405226));
#5266=CARTESIAN_POINT('',(41.,3.,10.0000539405226));
#5267=CARTESIAN_POINT('Origin',(41.,3.5,10.0000539405226));
#5268=CARTESIAN_POINT('Origin',(40.,3.,10.0000539405226));
#5269=CARTESIAN_POINT('Origin',(41.,3.5,10.5));
#5270=CARTESIAN_POINT('',(40.5,3.5,12.));
#5271=CARTESIAN_POINT('',(41.,3.,12.));
#5272=CARTESIAN_POINT('Origin',(41.,3.5,12.));
#5273=CARTESIAN_POINT('',(41.,3.,10.5));
#5274=CARTESIAN_POINT('',(40.5,3.5,10.5));
#5275=CARTESIAN_POINT('Origin',(40.,3.5,12.));
#5276=CARTESIAN_POINT('',(40.,3.5,12.5));
#5277=CARTESIAN_POINT('',(40.,3.,13.));
#5278=CARTESIAN_POINT('Origin',(40.,3.5,13.));
#5279=CARTESIAN_POINT('Origin',(40.,3.,12.));
#5280=CARTESIAN_POINT('Origin',(40.,3.5,12.));
#5281=CARTESIAN_POINT('Origin',(40.,3.01473920928735,9.99292582901637));
#5282=CARTESIAN_POINT('',(40.5,4.,10.0073985597899));
#5283=CARTESIAN_POINT('Origin',(40.,4.,10.0073985597899));
#5284=CARTESIAN_POINT('',(40.5,3.01473920928735,9.99292582901637));
#5285=CARTESIAN_POINT('Origin',(40.,3.,12.));
#5286=CARTESIAN_POINT('',(40.5,5.5,12.));
#5287=CARTESIAN_POINT('',(40.5,3.,12.));
#5288=CARTESIAN_POINT('',(40.,5.5,12.5));
#5289=CARTESIAN_POINT('Origin',(40.,5.5,12.));
#5290=CARTESIAN_POINT('',(40.,3.,12.5));
#5291=CARTESIAN_POINT('Origin',(40.5,3.,12.5));
#5292=CARTESIAN_POINT('',(40.5,4.,4.5));
#5293=CARTESIAN_POINT('',(40.5,4.,11.));
#5294=CARTESIAN_POINT('',(40.5,5.5,4.5));
#5295=CARTESIAN_POINT('',(40.5,4.5,4.5));
#5296=CARTESIAN_POINT('',(40.5,5.5,9.375));
#5297=CARTESIAN_POINT('Origin',(30.375,5.5,4.5));
#5298=CARTESIAN_POINT('',(40.,6.,4.5));
#5299=CARTESIAN_POINT('',(40.,5.5,4.));
#5300=CARTESIAN_POINT('Origin',(40.,5.5,4.5));
#5301=CARTESIAN_POINT('',(39.,5.5,4.));
#5302=CARTESIAN_POINT('',(30.375,5.5,4.));
#5303=CARTESIAN_POINT('',(39.,6.,4.5));
#5304=CARTESIAN_POINT('Origin',(39.,5.5,4.5));
#5305=CARTESIAN_POINT('',(30.375,6.,4.5));
#5306=CARTESIAN_POINT('Origin',(39.,6.,4.5));
#5307=CARTESIAN_POINT('',(38.5,5.5,4.5));
#5308=CARTESIAN_POINT('Origin',(39.,5.5,4.5));
#5309=CARTESIAN_POINT('',(39.,4.,4.));
#5310=CARTESIAN_POINT('',(39.,6.,4.));
#5311=CARTESIAN_POINT('',(38.5,4.,4.5));
#5312=CARTESIAN_POINT('Origin',(39.,4.,4.5));
#5313=CARTESIAN_POINT('',(38.5,6.,4.5));
#5314=CARTESIAN_POINT('Origin',(39.,5.5,4.5));
#5315=CARTESIAN_POINT('Origin',(39.,5.5,4.5));
#5316=CARTESIAN_POINT('Origin',(40.5,4.,4.5));
#5317=CARTESIAN_POINT('',(40.,4.,4.));
#5318=CARTESIAN_POINT('',(40.,3.5,4.5));
#5319=CARTESIAN_POINT('Origin',(40.,4.,4.5));
#5320=CARTESIAN_POINT('',(39.,3.5,4.5));
#5321=CARTESIAN_POINT('',(40.5,3.5,4.5));
#5322=CARTESIAN_POINT('Origin',(39.,4.,4.5));
#5323=CARTESIAN_POINT('',(40.5,4.,4.));
#5324=CARTESIAN_POINT('Origin',(39.,4.,4.5));
#5325=CARTESIAN_POINT('Origin',(39.,4.,4.5));
#5326=CARTESIAN_POINT('Origin',(40.,4.5,4.5));
#5327=CARTESIAN_POINT('Origin',(40.,4.,4.5));
#5328=CARTESIAN_POINT('',(40.,4.5,4.));
#5329=CARTESIAN_POINT('Origin',(40.,5.5,4.5));
#5330=CARTESIAN_POINT('Origin',(40.,4.,4.5));
#5331=CARTESIAN_POINT('Origin',(40.,4.,4.5));
#5332=CARTESIAN_POINT('Origin',(40.,5.5,4.5));
#5333=CARTESIAN_POINT('Origin',(40.,5.5,4.5));
#5334=CARTESIAN_POINT('Origin',(39.,4.,6.75));
#5335=CARTESIAN_POINT('',(39.,3.5,6.75));
#5336=CARTESIAN_POINT('',(38.5,4.,6.75));
#5337=CARTESIAN_POINT('Origin',(40.5,3.5,9.5));
#5338=CARTESIAN_POINT('',(40.,3.5,11.));
#5339=CARTESIAN_POINT('Origin',(40.,4.,11.));
#5340=CARTESIAN_POINT('Origin',(40.5,6.,4.));
#5341=CARTESIAN_POINT('Origin',(39.,5.5,5.125));
#5342=CARTESIAN_POINT('',(38.5,5.5,5.125));
#5343=CARTESIAN_POINT('',(39.,6.,5.125));
#5344=CARTESIAN_POINT('Origin',(38.5,6.,4.));
#5345=CARTESIAN_POINT('',(38.5,3.,10.5));
#5346=CARTESIAN_POINT('Origin',(35.5,6.,3.));
#5347=CARTESIAN_POINT('Ctrl Pts',(44.5,3.,16.));
#5348=CARTESIAN_POINT('Ctrl Pts',(44.5,3.,16.5));
#5349=CARTESIAN_POINT('Ctrl Pts',(44.,3.,16.5));
#5350=CARTESIAN_POINT('Ctrl Pts',(45.,3.,16.));
#5351=CARTESIAN_POINT('Ctrl Pts',(45.,3.,17.));
#5352=CARTESIAN_POINT('Ctrl Pts',(44.,3.,17.));
#5353=CARTESIAN_POINT('Ctrl Pts',(45.,2.5,16.));
#5354=CARTESIAN_POINT('Ctrl Pts',(45.,2.5,17.));
#5355=CARTESIAN_POINT('Ctrl Pts',(44.,2.5,17.));
#5356=CARTESIAN_POINT('',(44.,3.,16.5));
#5357=CARTESIAN_POINT('',(44.,2.5,17.));
#5358=CARTESIAN_POINT('Origin',(44.,2.5,16.5));
#5359=CARTESIAN_POINT('',(45.,2.5,16.));
#5360=CARTESIAN_POINT('Origin',(44.,2.5,16.));
#5361=CARTESIAN_POINT('',(44.5,3.,16.));
#5362=CARTESIAN_POINT('Origin',(44.5,2.5,16.));
#5363=CARTESIAN_POINT('Origin',(44.,3.,16.));
#5364=CARTESIAN_POINT('Origin',(44.,0.,16.));
#5365=CARTESIAN_POINT('',(44.,0.,17.));
#5366=CARTESIAN_POINT('',(45.,0.,16.));
#5367=CARTESIAN_POINT('Origin',(44.,0.,16.));
#5368=CARTESIAN_POINT('',(45.,0.,16.));
#5369=CARTESIAN_POINT('',(44.,0.,17.));
#5370=CARTESIAN_POINT('Origin',(43.5,5.5,15.5));
#5371=CARTESIAN_POINT('',(43.5,5.5,16.));
#5372=CARTESIAN_POINT('',(43.5,6.,15.5));
#5373=CARTESIAN_POINT('Origin',(43.5,5.5,15.5));
#5374=CARTESIAN_POINT('',(44.,5.5,15.5));
#5375=CARTESIAN_POINT('Origin',(43.5,5.5,15.5));
#5376=CARTESIAN_POINT('Origin',(43.5,5.5,15.5));
#5377=CARTESIAN_POINT('Origin',(43.5,3.,15.5));
#5378=CARTESIAN_POINT('',(43.5,3.,16.));
#5379=CARTESIAN_POINT('',(44.,3.,15.5));
#5380=CARTESIAN_POINT('Origin',(43.5,3.,15.5));
#5381=CARTESIAN_POINT('',(44.,3.,15.5));
#5382=CARTESIAN_POINT('',(43.5,3.,16.));
#5383=CARTESIAN_POINT('Origin',(40.,5.5,12.));
#5384=CARTESIAN_POINT('',(40.,6.,12.));
#5385=CARTESIAN_POINT('Origin',(40.,5.5,12.));
#5386=CARTESIAN_POINT('Origin',(40.,5.5,12.));
#5387=CARTESIAN_POINT('Origin',(40.,5.5,9.375));
#5388=CARTESIAN_POINT('',(40.,6.,9.375));
#5389=CARTESIAN_POINT('Origin',(-40.5,4.75,5.5));
#5390=CARTESIAN_POINT('',(-40.5,5.25,5.5));
#5391=CARTESIAN_POINT('Origin',(-40.5,4.75,5.5));
#5392=CARTESIAN_POINT('',(-41.,4.75,5.5));
#5393=CARTESIAN_POINT('Origin',(-40.5,4.75,5.5));
#5394=CARTESIAN_POINT('Origin',(-39.,4.451999822434,10.0140380929992));
#5395=CARTESIAN_POINT('',(-39.,3.49265617299247,9.49989212477333));
#5396=CARTESIAN_POINT('',(-38.5,3.48531234598495,9.99983819006926));
#5397=CARTESIAN_POINT('Origin',(-39.,3.48531234598495,9.99983819006926));
#5398=CARTESIAN_POINT('',(-39.,3.5,9.5));
#5399=CARTESIAN_POINT('',(-39.,4.45934364944152,9.51409202770322));
#5400=CARTESIAN_POINT('',(-38.5,4.,10.0073985597899));
#5401=CARTESIAN_POINT('Origin',(-39.,4.,10.0073985597899));
#5402=CARTESIAN_POINT('',(-38.5,4.451999822434,10.0140380929992));
#5403=CARTESIAN_POINT('Origin',(-39.,3.5,8.9999460594774));
#5404=CARTESIAN_POINT('',(-39.,3.,8.9999460594774));
#5405=CARTESIAN_POINT('',(-38.5,3.,9.86597146326184));
#5406=CARTESIAN_POINT('Ctrl Pts',(-38.5,3.,9.86597146326184));
#5407=CARTESIAN_POINT('Ctrl Pts',(-38.5,3.,9.73853275232405));
#5408=CARTESIAN_POINT('Ctrl Pts',(-38.5447859999489,3.,9.59231129605284));
#5409=CARTESIAN_POINT('Ctrl Pts',(-38.6980436419056,3.,9.3075576955794));
#5410=CARTESIAN_POINT('Ctrl Pts',(-38.8614508889595,3.,9.13849517051787));
#5411=CARTESIAN_POINT('Ctrl Pts',(-39.,3.,8.9999460594774));
#5412=CARTESIAN_POINT('Origin',(-39.,3.5,8.9999460594774));
#5413=CARTESIAN_POINT('Origin',(-38.5,3.5,8.9999460594774));
#5414=CARTESIAN_POINT('Origin',(-31.5,3.5,8.9999460594774));
#5415=CARTESIAN_POINT('',(-40.,3.,8.9999460594774));
#5416=CARTESIAN_POINT('',(-31.5,3.,8.9999460594774));
#5417=CARTESIAN_POINT('',(-40.,3.49265617299247,9.49989212477333));
#5418=CARTESIAN_POINT('Origin',(-40.,3.5,8.9999460594774));
#5419=CARTESIAN_POINT('',(-31.5,3.49265617299247,9.49989212477333));
#5420=CARTESIAN_POINT('Origin',(-40.5,3.,9.49265538073274));
#5421=CARTESIAN_POINT('',(-40.,3.5,9.5));
#5422=CARTESIAN_POINT('',(-40.,3.02208303629488,9.49297976372044));
#5423=CARTESIAN_POINT('',(-40.5,3.5,9.5));
#5424=CARTESIAN_POINT('Origin',(-41.5,3.5,13.5));
#5425=CARTESIAN_POINT('',(-42.,3.5,13.5));
#5426=CARTESIAN_POINT('',(-41.5,3.5,14.));
#5427=CARTESIAN_POINT('Origin',(-41.5,3.5,13.5));
#5428=CARTESIAN_POINT('',(-41.5,3.,13.5));
#5429=CARTESIAN_POINT('Origin',(-41.5,3.5,13.5));
#5430=CARTESIAN_POINT('Origin',(-41.5,3.5,13.5));
#5431=CARTESIAN_POINT('Origin',(-32.25,3.5,13.5));
#5432=CARTESIAN_POINT('',(32.25,3.5,14.));
#5433=CARTESIAN_POINT('',(-32.25,3.,13.5));
#5434=CARTESIAN_POINT('Ctrl Pts',(-42.5,6.,14.5));
#5435=CARTESIAN_POINT('Ctrl Pts',(-42.2756005247436,6.,14.3878002623718));
#5436=CARTESIAN_POINT('Ctrl Pts',(-41.9029480301805,5.93445839663085,14.2014740150902));
#5437=CARTESIAN_POINT('Ctrl Pts',(-41.5684144942496,5.72414320656447,14.0342072471248));
#5438=CARTESIAN_POINT('Ctrl Pts',(-41.5,5.57479982508547,14.));
#5439=CARTESIAN_POINT('Ctrl Pts',(-41.5,5.5,14.));
#5440=CARTESIAN_POINT('Ctrl Pts',(-42.5,6.,14.5));
#5441=CARTESIAN_POINT('Ctrl Pts',(-42.294300481015,6.,14.3691003061004));
#5442=CARTESIAN_POINT('Ctrl Pts',(-41.9525945030932,5.9082591718628,14.1523705901624));
#5443=CARTESIAN_POINT('Ctrl Pts',(-41.6762359631085,5.67017420312791,14.0121932853442));
#5444=CARTESIAN_POINT('Ctrl Pts',(-41.6308996938996,5.55502383140855,14.));
#5445=CARTESIAN_POINT('Ctrl Pts',(-41.6308996938996,5.5,14.));
#5446=CARTESIAN_POINT('Ctrl Pts',(-42.5,6.,14.5));
#5447=CARTESIAN_POINT('Ctrl Pts',(-42.3317003935577,6.,14.3317003935577));
#5448=CARTESIAN_POINT('Ctrl Pts',(-42.052572999386,5.8825451274037,14.052572999386));
#5449=CARTESIAN_POINT('Ctrl Pts',(-41.8916558006209,5.61019574103334,13.8916558006208));
#5450=CARTESIAN_POINT('Ctrl Pts',(-41.8915621736087,5.53257582315055,13.8915621736087));
#5451=CARTESIAN_POINT('Ctrl Pts',(-41.8915621736087,5.5,13.8915621736087));
#5452=CARTESIAN_POINT('Ctrl Pts',(-42.5,6.,14.5));
#5453=CARTESIAN_POINT('Ctrl Pts',(-42.3691003061004,6.,14.294300481015));
#5454=CARTESIAN_POINT('Ctrl Pts',(-42.1523705901624,5.9082591718628,13.9525945030932));
#5455=CARTESIAN_POINT('Ctrl Pts',(-42.0121932853442,5.67017420312791,13.6762359631085));
#5456=CARTESIAN_POINT('Ctrl Pts',(-42.,5.55502383140855,13.6308996938996));
#5457=CARTESIAN_POINT('Ctrl Pts',(-42.,5.5,13.6308996938996));
#5458=CARTESIAN_POINT('Ctrl Pts',(-42.5,6.,14.5));
#5459=CARTESIAN_POINT('Ctrl Pts',(-42.3878002623718,6.,14.2756005247436));
#5460=CARTESIAN_POINT('Ctrl Pts',(-42.2014740150902,5.93445839663085,13.9029480301804));
#5461=CARTESIAN_POINT('Ctrl Pts',(-42.0342072471248,5.72414320656447,13.5684144942496));
#5462=CARTESIAN_POINT('Ctrl Pts',(-42.,5.57479982508547,13.5));
#5463=CARTESIAN_POINT('Ctrl Pts',(-42.,5.5,13.5));
#5464=CARTESIAN_POINT('',(-42.,5.5,13.5));
#5465=CARTESIAN_POINT('',(-41.5,5.5,14.));
#5466=CARTESIAN_POINT('Origin',(-41.5,5.5,13.5));
#5467=CARTESIAN_POINT('',(-42.5,6.,14.5));
#5468=CARTESIAN_POINT('Origin',(-42.5,5.5,14.5));
#5469=CARTESIAN_POINT('Origin',(-42.5,5.5,14.5));
#5470=CARTESIAN_POINT('Origin',(-41.5,3.,13.5));
#5471=CARTESIAN_POINT('',(-41.5,3.,14.));
#5472=CARTESIAN_POINT('',(-42.,3.,13.5));
#5473=CARTESIAN_POINT('Origin',(-32.,5.5,14.5));
#5474=CARTESIAN_POINT('',(32.,6.,14.5));
#5475=CARTESIAN_POINT('',(32.,5.5,14.));
#5476=CARTESIAN_POINT('Origin',(-27.875,5.5,2.5));
#5477=CARTESIAN_POINT('',(-35.5,5.5,3.));
#5478=CARTESIAN_POINT('',(-40.,5.5,3.));
#5479=CARTESIAN_POINT('',(-27.875,5.5,3.));
#5480=CARTESIAN_POINT('',(-35.,6.,2.5));
#5481=CARTESIAN_POINT('Origin',(-35.,5.5,2.5));
#5482=CARTESIAN_POINT('',(-40.,6.,2.5));
#5483=CARTESIAN_POINT('',(-27.875,6.,2.5));
#5484=CARTESIAN_POINT('Origin',(-40.,5.5,2.5));
#5485=CARTESIAN_POINT('Origin',(-35.,5.5,8.375));
#5486=CARTESIAN_POINT('',(-35.5,5.5,10.5));
#5487=CARTESIAN_POINT('',(-35.5,5.5,8.375));
#5488=CARTESIAN_POINT('',(-35.,6.,11.));
#5489=CARTESIAN_POINT('Origin',(-35.,5.5,11.));
#5490=CARTESIAN_POINT('',(-35.,6.,8.375));
#5491=CARTESIAN_POINT('Origin',(-29.375,5.5,11.));
#5492=CARTESIAN_POINT('',(-39.,6.,11.));
#5493=CARTESIAN_POINT('',(-29.375,6.,11.));
#5494=CARTESIAN_POINT('',(-38.5,5.5,10.5));
#5495=CARTESIAN_POINT('',(-29.375,5.5,10.5));
#5496=CARTESIAN_POINT('Origin',(-39.,5.5,11.));
#5497=CARTESIAN_POINT('Origin',(-30.5,3.5,10.));
#5498=CARTESIAN_POINT('',(-35.5,3.5,10.5));
#5499=CARTESIAN_POINT('',(-38.5,3.5,10.5));
#5500=CARTESIAN_POINT('',(-30.5,3.5,10.5));
#5501=CARTESIAN_POINT('',(-36.,3.,9.99999999999999));
#5502=CARTESIAN_POINT('Origin',(-36.,3.5,9.99999999999999));
#5503=CARTESIAN_POINT('',(-38.5,3.,9.99999999999999));
#5504=CARTESIAN_POINT('',(-30.5,3.,10.));
#5505=CARTESIAN_POINT('Origin',(-38.5,3.5,9.99999999999999));
#5506=CARTESIAN_POINT('Origin',(-36.,3.5,9.5));
#5507=CARTESIAN_POINT('',(-36.,3.,3.5));
#5508=CARTESIAN_POINT('',(-36.,3.,9.5));
#5509=CARTESIAN_POINT('',(-35.5,3.5,3.));
#5510=CARTESIAN_POINT('',(-35.5,3.5,9.5));
#5511=CARTESIAN_POINT('Origin',(-36.,3.5,3.5));
#5512=CARTESIAN_POINT('Origin',(-40.,3.5,2.5));
#5513=CARTESIAN_POINT('',(-40.,3.5,3.));
#5514=CARTESIAN_POINT('',(-40.5,3.5,2.5));
#5515=CARTESIAN_POINT('Origin',(-40.,3.5,2.5));
#5516=CARTESIAN_POINT('',(-41.,3.,2.5));
#5517=CARTESIAN_POINT('Origin',(-41.,3.5,2.5));
#5518=CARTESIAN_POINT('',(-40.,3.,3.5));
#5519=CARTESIAN_POINT('Origin',(-40.,3.,2.5));
#5520=CARTESIAN_POINT('Origin',(-40.,3.5,3.5));
#5521=CARTESIAN_POINT('Origin',(-29.,3.5,3.5));
#5522=CARTESIAN_POINT('',(-29.,3.,3.5));
#5523=CARTESIAN_POINT('',(-29.,3.5,3.));
#5524=CARTESIAN_POINT('Origin',(-40.,4.5,2.5));
#5525=CARTESIAN_POINT('',(-40.5,5.5,2.5));
#5526=CARTESIAN_POINT('Origin',(-40.,5.5,2.5));
#5527=CARTESIAN_POINT('',(-40.5,4.5,2.5));
#5528=CARTESIAN_POINT('',(-40.,4.5,3.));
#5529=CARTESIAN_POINT('Origin',(-40.,5.5,2.5));
#5530=CARTESIAN_POINT('Origin',(-40.,5.5,2.5));
#5531=CARTESIAN_POINT('Origin',(-35.5,6.,10.5));
#5532=CARTESIAN_POINT('',(-35.5,6.,3.));
#5533=CARTESIAN_POINT('',(-35.5,6.,10.5));
#5534=CARTESIAN_POINT('Origin',(-38.5,6.,10.5));
#5535=CARTESIAN_POINT('',(-38.5,6.,10.5));
#5536=CARTESIAN_POINT('Ctrl Pts',(-40.,3.,8.9999460594774));
#5537=CARTESIAN_POINT('Ctrl Pts',(-40.2243994752564,3.,8.9999460594774));
#5538=CARTESIAN_POINT('Ctrl Pts',(-40.748964369935,3.,9.18265359172827));
#5539=CARTESIAN_POINT('Ctrl Pts',(-41.,3.,9.70082236224747));
#5540=CARTESIAN_POINT('Ctrl Pts',(-41.,3.,10.0000539405226));
#5541=CARTESIAN_POINT('Ctrl Pts',(-40.,3.,9.12962173819747));
#5542=CARTESIAN_POINT('Ctrl Pts',(-40.1952456557301,3.,9.12962173819747));
#5543=CARTESIAN_POINT('Ctrl Pts',(-40.6517723204846,3.00000194805793,9.2889410993108));
#5544=CARTESIAN_POINT('Ctrl Pts',(-40.8694701135514,3.00001193950618,9.74005544351161));
#5545=CARTESIAN_POINT('Ctrl Pts',(-40.8691003061004,3.,10.0000539405226));
#5546=CARTESIAN_POINT('Ctrl Pts',(-40.,3.10629979507244,9.38790558097329));
#5547=CARTESIAN_POINT('Ctrl Pts',(-40.1374296904127,3.10629979507244,9.38790558097329));
#5548=CARTESIAN_POINT('Ctrl Pts',(-40.4584142832221,3.10668417225225,9.50057156255087));
#5549=CARTESIAN_POINT('Ctrl Pts',(-40.6094990675877,3.10778026210491,9.8178335659769));
#5550=CARTESIAN_POINT('Ctrl Pts',(-40.608422913444,3.10842291344398,10.0000539405226));
#5551=CARTESIAN_POINT('Ctrl Pts',(-40.,3.36299448231111,9.49798749327012));
#5552=CARTESIAN_POINT('Ctrl Pts',(-40.1124007613164,3.36299448231111,9.49798749327012));
#5553=CARTESIAN_POINT('Ctrl Pts',(-40.3756839415139,3.36410637745888,9.59021900485822));
#5554=CARTESIAN_POINT('Ctrl Pts',(-40.5005882435953,3.36726822383222,9.85072051483293));
#5555=CARTESIAN_POINT('Ctrl Pts',(-40.5,3.36910030610043,10.0000539405226));
#5556=CARTESIAN_POINT('Ctrl Pts',(-40.,3.49265617299247,9.49989212477333));
#5557=CARTESIAN_POINT('Ctrl Pts',(-40.1121997376282,3.49265617299247,9.49989212477333));
#5558=CARTESIAN_POINT('Ctrl Pts',(-40.3744821849675,3.49399780076609,9.59126559838916));
#5559=CARTESIAN_POINT('Ctrl Pts',(-40.5,3.49780273209752,9.85040587519269));
#5560=CARTESIAN_POINT('Ctrl Pts',(-40.5,3.5,10.0000539405226));
#5561=CARTESIAN_POINT('',(-40.5,3.5,10.0000539405226));
#5562=CARTESIAN_POINT('Origin',(-40.,3.5,10.0000539405226));
#5563=CARTESIAN_POINT('',(-41.,3.,10.0000539405226));
#5564=CARTESIAN_POINT('Origin',(-40.,3.,10.0000539405226));
#5565=CARTESIAN_POINT('Origin',(-41.,3.5,10.0000539405226));
#5566=CARTESIAN_POINT('Origin',(-41.,3.5,10.5));
#5567=CARTESIAN_POINT('',(-40.5,3.5,12.));
#5568=CARTESIAN_POINT('',(-41.,3.,12.));
#5569=CARTESIAN_POINT('Origin',(-41.,3.5,12.));
#5570=CARTESIAN_POINT('',(-40.5,3.5,10.5));
#5571=CARTESIAN_POINT('',(-41.,3.,10.5));
#5572=CARTESIAN_POINT('Origin',(-40.,3.5,12.));
#5573=CARTESIAN_POINT('',(-40.,3.5,12.5));
#5574=CARTESIAN_POINT('',(-40.,3.,13.));
#5575=CARTESIAN_POINT('Origin',(-40.,3.5,13.));
#5576=CARTESIAN_POINT('Origin',(-40.,3.5,12.));
#5577=CARTESIAN_POINT('Origin',(-40.,3.,12.));
#5578=CARTESIAN_POINT('Origin',(-11.25,3.5,13.));
#5579=CARTESIAN_POINT('',(11.25,3.,13.));
#5580=CARTESIAN_POINT('',(-11.25,3.5,12.5));
#5581=CARTESIAN_POINT('Origin',(-40.,3.01473920928735,9.99292582901637));
#5582=CARTESIAN_POINT('',(-40.5,4.,10.0073985597899));
#5583=CARTESIAN_POINT('Origin',(-40.,4.,10.0073985597899));
#5584=CARTESIAN_POINT('',(-40.5,3.01473920928735,9.99292582901637));
#5585=CARTESIAN_POINT('Origin',(0.,3.,12.5));
#5586=CARTESIAN_POINT('',(-40.,5.5,12.5));
#5587=CARTESIAN_POINT('',(-10.125,5.5,12.5));
#5588=CARTESIAN_POINT('',(-40.,3.,12.5));
#5589=CARTESIAN_POINT('Origin',(-40.,3.,12.));
#5590=CARTESIAN_POINT('',(-40.5,5.5,12.));
#5591=CARTESIAN_POINT('Origin',(-40.,5.5,12.));
#5592=CARTESIAN_POINT('',(-40.5,3.,12.));
#5593=CARTESIAN_POINT('Origin',(-40.5,3.,12.5));
#5594=CARTESIAN_POINT('',(-40.5,5.5,4.5));
#5595=CARTESIAN_POINT('',(-40.5,5.5,9.375));
#5596=CARTESIAN_POINT('',(-40.5,4.,4.5));
#5597=CARTESIAN_POINT('',(-40.5,4.5,4.5));
#5598=CARTESIAN_POINT('',(-40.5,4.,11.));
#5599=CARTESIAN_POINT('Origin',(-30.375,5.5,4.5));
#5600=CARTESIAN_POINT('',(-40.,6.,4.5));
#5601=CARTESIAN_POINT('',(-40.,5.5,4.));
#5602=CARTESIAN_POINT('Origin',(-40.,5.5,4.5));
#5603=CARTESIAN_POINT('',(-39.,6.,4.5));
#5604=CARTESIAN_POINT('',(-30.375,6.,4.5));
#5605=CARTESIAN_POINT('',(-39.,5.5,4.));
#5606=CARTESIAN_POINT('Origin',(-39.,5.5,4.5));
#5607=CARTESIAN_POINT('',(-30.375,5.5,4.));
#5608=CARTESIAN_POINT('Origin',(-39.,6.,4.5));
#5609=CARTESIAN_POINT('',(-38.5,5.5,4.5));
#5610=CARTESIAN_POINT('Origin',(-39.,5.5,4.5));
#5611=CARTESIAN_POINT('',(-38.5,4.,4.5));
#5612=CARTESIAN_POINT('',(-38.5,6.,4.5));
#5613=CARTESIAN_POINT('',(-39.,4.,4.));
#5614=CARTESIAN_POINT('Origin',(-39.,4.,4.5));
#5615=CARTESIAN_POINT('',(-39.,6.,4.));
#5616=CARTESIAN_POINT('Origin',(-39.,5.5,4.5));
#5617=CARTESIAN_POINT('Origin',(-39.,5.5,4.5));
#5618=CARTESIAN_POINT('Origin',(-40.5,4.,4.5));
#5619=CARTESIAN_POINT('',(-40.,4.,4.));
#5620=CARTESIAN_POINT('',(-40.,3.5,4.5));
#5621=CARTESIAN_POINT('Origin',(-40.,4.,4.5));
#5622=CARTESIAN_POINT('',(-40.5,4.,4.));
#5623=CARTESIAN_POINT('',(-39.,3.5,4.5));
#5624=CARTESIAN_POINT('Origin',(-39.,4.,4.5));
#5625=CARTESIAN_POINT('',(-40.5,3.5,4.5));
#5626=CARTESIAN_POINT('Origin',(-39.,4.,4.5));
#5627=CARTESIAN_POINT('Origin',(-39.,4.,4.5));
#5628=CARTESIAN_POINT('Origin',(-40.,4.5,4.5));
#5629=CARTESIAN_POINT('Origin',(-40.,4.,4.5));
#5630=CARTESIAN_POINT('Origin',(-40.,5.5,4.5));
#5631=CARTESIAN_POINT('',(-40.,4.5,4.));
#5632=CARTESIAN_POINT('Origin',(-40.,4.,4.5));
#5633=CARTESIAN_POINT('Origin',(-40.,4.,4.5));
#5634=CARTESIAN_POINT('Origin',(-40.,5.5,4.5));
#5635=CARTESIAN_POINT('Origin',(-40.,5.5,4.5));
#5636=CARTESIAN_POINT('Origin',(-39.,4.,6.75));
#5637=CARTESIAN_POINT('',(-38.5,4.,6.75));
#5638=CARTESIAN_POINT('',(-39.,3.5,6.75));
#5639=CARTESIAN_POINT('Origin',(-40.5,3.5,9.5));
#5640=CARTESIAN_POINT('',(-40.,3.5,11.));
#5641=CARTESIAN_POINT('Origin',(-40.,4.,11.));
#5642=CARTESIAN_POINT('Origin',(-40.5,6.,4.));
#5643=CARTESIAN_POINT('Origin',(-39.,5.5,5.125));
#5644=CARTESIAN_POINT('',(-39.,6.,5.125));
#5645=CARTESIAN_POINT('',(-38.5,5.5,5.125));
#5646=CARTESIAN_POINT('Origin',(-38.5,6.,4.));
#5647=CARTESIAN_POINT('',(-38.5,3.,10.5));
#5648=CARTESIAN_POINT('Origin',(-35.5,6.,3.));
#5649=CARTESIAN_POINT('Ctrl Pts',(-44.5,3.,16.));
#5650=CARTESIAN_POINT('Ctrl Pts',(-44.5,3.,16.5));
#5651=CARTESIAN_POINT('Ctrl Pts',(-44.,3.,16.5));
#5652=CARTESIAN_POINT('Ctrl Pts',(-45.,3.,16.));
#5653=CARTESIAN_POINT('Ctrl Pts',(-45.,3.,17.));
#5654=CARTESIAN_POINT('Ctrl Pts',(-44.,3.,17.));
#5655=CARTESIAN_POINT('Ctrl Pts',(-45.,2.5,16.));
#5656=CARTESIAN_POINT('Ctrl Pts',(-45.,2.5,17.));
#5657=CARTESIAN_POINT('Ctrl Pts',(-44.,2.5,17.));
#5658=CARTESIAN_POINT('',(-44.,3.,16.5));
#5659=CARTESIAN_POINT('',(-44.,2.5,17.));
#5660=CARTESIAN_POINT('Origin',(-44.,2.5,16.5));
#5661=CARTESIAN_POINT('',(-44.5,3.,16.));
#5662=CARTESIAN_POINT('Origin',(-44.,3.,16.));
#5663=CARTESIAN_POINT('',(-45.,2.5,16.));
#5664=CARTESIAN_POINT('Origin',(-44.5,2.5,16.));
#5665=CARTESIAN_POINT('Origin',(-44.,2.5,16.));
#5666=CARTESIAN_POINT('Origin',(-44.,0.,16.));
#5667=CARTESIAN_POINT('',(-44.,0.,17.));
#5668=CARTESIAN_POINT('',(-45.,0.,16.));
#5669=CARTESIAN_POINT('Origin',(-44.,0.,16.));
#5670=CARTESIAN_POINT('',(-44.,0.,17.));
#5671=CARTESIAN_POINT('',(-45.,0.,16.));
#5672=CARTESIAN_POINT('Origin',(0.,0.,17.));
#5673=CARTESIAN_POINT('',(0.,0.,17.));
#5674=CARTESIAN_POINT('',(-11.25,2.5,17.));
#5675=CARTESIAN_POINT('Origin',(-11.25,2.5,16.5));
#5676=CARTESIAN_POINT('',(11.25,3.,16.5));
#5677=CARTESIAN_POINT('Origin',(-43.5,5.5,15.5));
#5678=CARTESIAN_POINT('',(-43.5,5.5,16.));
#5679=CARTESIAN_POINT('',(-43.5,6.,15.5));
#5680=CARTESIAN_POINT('Origin',(-43.5,5.5,15.5));
#5681=CARTESIAN_POINT('',(-44.,5.5,15.5));
#5682=CARTESIAN_POINT('Origin',(-43.5,5.5,15.5));
#5683=CARTESIAN_POINT('Origin',(-43.5,5.5,15.5));
#5684=CARTESIAN_POINT('Origin',(-43.5,3.,15.5));
#5685=CARTESIAN_POINT('',(-43.5,3.,16.));
#5686=CARTESIAN_POINT('',(-44.,3.,15.5));
#5687=CARTESIAN_POINT('Origin',(-43.5,3.,15.5));
#5688=CARTESIAN_POINT('',(-43.5,3.,16.));
#5689=CARTESIAN_POINT('',(-44.,3.,15.5));
#5690=CARTESIAN_POINT('Origin',(-11.,5.5,15.5));
#5691=CARTESIAN_POINT('',(-11.,5.5,16.));
#5692=CARTESIAN_POINT('',(11.,6.,15.5));
#5693=CARTESIAN_POINT('Origin',(0.,3.,16.));
#5694=CARTESIAN_POINT('',(11.25,3.,16.));
#5695=CARTESIAN_POINT('Origin',(-40.,5.5,12.));
#5696=CARTESIAN_POINT('',(-40.,6.,12.));
#5697=CARTESIAN_POINT('Origin',(-40.,5.5,12.));
#5698=CARTESIAN_POINT('Origin',(-40.,5.5,12.));
#5699=CARTESIAN_POINT('Origin',(-40.,5.5,9.375));
#5700=CARTESIAN_POINT('',(-40.,6.,9.375));
#5701=CARTESIAN_POINT('Origin',(-10.125,5.5,12.));
#5702=CARTESIAN_POINT('',(-10.125,6.,12.));
#5703=CARTESIAN_POINT('Origin',(-42.,3.,14.));
#5704=CARTESIAN_POINT('Origin',(40.5,4.75,-5.5));
#5705=CARTESIAN_POINT('',(40.5,5.25,-5.5));
#5706=CARTESIAN_POINT('Origin',(40.5,4.75,-5.5));
#5707=CARTESIAN_POINT('',(41.,4.75,-5.5));
#5708=CARTESIAN_POINT('Origin',(40.5,4.75,-5.5));
#5709=CARTESIAN_POINT('Origin',(39.,4.451999822434,-10.0140380929992));
#5710=CARTESIAN_POINT('',(39.,3.49265617299247,-9.49989212477333));
#5711=CARTESIAN_POINT('',(38.5,3.48531234598495,-9.99983819006926));
#5712=CARTESIAN_POINT('Origin',(39.,3.48531234598495,-9.99983819006926));
#5713=CARTESIAN_POINT('',(39.,3.5,-9.5));
#5714=CARTESIAN_POINT('',(39.,4.45934364944152,-9.51409202770322));
#5715=CARTESIAN_POINT('',(38.5,4.,-10.0073985597899));
#5716=CARTESIAN_POINT('Origin',(39.,4.,-10.0073985597899));
#5717=CARTESIAN_POINT('',(38.5,4.451999822434,-10.0140380929992));
#5718=CARTESIAN_POINT('Origin',(39.,3.5,-8.9999460594774));
#5719=CARTESIAN_POINT('',(39.,3.,-8.9999460594774));
#5720=CARTESIAN_POINT('',(38.5,3.,-9.86597146326184));
#5721=CARTESIAN_POINT('Ctrl Pts',(38.5,3.,-9.86597146326184));
#5722=CARTESIAN_POINT('Ctrl Pts',(38.5,3.,-9.73853275232405));
#5723=CARTESIAN_POINT('Ctrl Pts',(38.5447859999489,3.,-9.59231129605284));
#5724=CARTESIAN_POINT('Ctrl Pts',(38.6980436419056,3.,-9.3075576955794));
#5725=CARTESIAN_POINT('Ctrl Pts',(38.8614508889595,3.,-9.13849517051787));
#5726=CARTESIAN_POINT('Ctrl Pts',(39.,3.,-8.9999460594774));
#5727=CARTESIAN_POINT('Origin',(39.,3.5,-8.9999460594774));
#5728=CARTESIAN_POINT('Origin',(38.5,3.5,-8.9999460594774));
#5729=CARTESIAN_POINT('Origin',(31.5,3.5,-8.9999460594774));
#5730=CARTESIAN_POINT('',(40.,3.,-8.9999460594774));
#5731=CARTESIAN_POINT('',(31.5,3.,-8.9999460594774));
#5732=CARTESIAN_POINT('',(40.,3.49265617299247,-9.49989212477333));
#5733=CARTESIAN_POINT('Origin',(40.,3.5,-8.9999460594774));
#5734=CARTESIAN_POINT('',(31.5,3.49265617299247,-9.49989212477333));
#5735=CARTESIAN_POINT('Origin',(40.5,3.,-9.49265538073274));
#5736=CARTESIAN_POINT('',(40.,3.5,-9.5));
#5737=CARTESIAN_POINT('',(40.,3.02208303629488,-9.49297976372044));
#5738=CARTESIAN_POINT('',(40.5,3.5,-9.5));
#5739=CARTESIAN_POINT('Origin',(41.5,3.5,-13.5));
#5740=CARTESIAN_POINT('',(42.,3.5,-13.5));
#5741=CARTESIAN_POINT('',(41.5,3.5,-14.));
#5742=CARTESIAN_POINT('Origin',(41.5,3.5,-13.5));
#5743=CARTESIAN_POINT('',(41.5,3.,-13.5));
#5744=CARTESIAN_POINT('Origin',(41.5,3.5,-13.5));
#5745=CARTESIAN_POINT('Origin',(41.5,3.5,-13.5));
#5746=CARTESIAN_POINT('Origin',(41.5,3.5,-4.25));
#5747=CARTESIAN_POINT('',(42.,3.5,4.25));
#5748=CARTESIAN_POINT('',(41.5,3.,-4.25));
#5749=CARTESIAN_POINT('Ctrl Pts',(42.5,6.,-14.5));
#5750=CARTESIAN_POINT('Ctrl Pts',(42.2756005247436,6.,-14.3878002623718));
#5751=CARTESIAN_POINT('Ctrl Pts',(41.9029480301805,5.93445839663085,-14.2014740150902));
#5752=CARTESIAN_POINT('Ctrl Pts',(41.5684144942496,5.72414320656447,-14.0342072471248));
#5753=CARTESIAN_POINT('Ctrl Pts',(41.5,5.57479982508547,-14.));
#5754=CARTESIAN_POINT('Ctrl Pts',(41.5,5.5,-14.));
#5755=CARTESIAN_POINT('Ctrl Pts',(42.5,6.,-14.5));
#5756=CARTESIAN_POINT('Ctrl Pts',(42.294300481015,6.,-14.3691003061004));
#5757=CARTESIAN_POINT('Ctrl Pts',(41.9525945030932,5.9082591718628,-14.1523705901624));
#5758=CARTESIAN_POINT('Ctrl Pts',(41.6762359631085,5.67017420312791,-14.0121932853442));
#5759=CARTESIAN_POINT('Ctrl Pts',(41.6308996938996,5.55502383140855,-14.));
#5760=CARTESIAN_POINT('Ctrl Pts',(41.6308996938996,5.5,-14.));
#5761=CARTESIAN_POINT('Ctrl Pts',(42.5,6.,-14.5));
#5762=CARTESIAN_POINT('Ctrl Pts',(42.3317003935577,6.,-14.3317003935577));
#5763=CARTESIAN_POINT('Ctrl Pts',(42.052572999386,5.8825451274037,-14.052572999386));
#5764=CARTESIAN_POINT('Ctrl Pts',(41.8916558006209,5.61019574103334,-13.8916558006208));
#5765=CARTESIAN_POINT('Ctrl Pts',(41.8915621736087,5.53257582315055,-13.8915621736087));
#5766=CARTESIAN_POINT('Ctrl Pts',(41.8915621736087,5.5,-13.8915621736087));
#5767=CARTESIAN_POINT('Ctrl Pts',(42.5,6.,-14.5));
#5768=CARTESIAN_POINT('Ctrl Pts',(42.3691003061004,6.,-14.294300481015));
#5769=CARTESIAN_POINT('Ctrl Pts',(42.1523705901624,5.9082591718628,-13.9525945030932));
#5770=CARTESIAN_POINT('Ctrl Pts',(42.0121932853442,5.67017420312791,-13.6762359631085));
#5771=CARTESIAN_POINT('Ctrl Pts',(42.,5.55502383140855,-13.6308996938996));
#5772=CARTESIAN_POINT('Ctrl Pts',(42.,5.5,-13.6308996938996));
#5773=CARTESIAN_POINT('Ctrl Pts',(42.5,6.,-14.5));
#5774=CARTESIAN_POINT('Ctrl Pts',(42.3878002623718,6.,-14.2756005247436));
#5775=CARTESIAN_POINT('Ctrl Pts',(42.2014740150902,5.93445839663085,-13.9029480301804));
#5776=CARTESIAN_POINT('Ctrl Pts',(42.0342072471248,5.72414320656447,-13.5684144942496));
#5777=CARTESIAN_POINT('Ctrl Pts',(42.,5.57479982508547,-13.5));
#5778=CARTESIAN_POINT('Ctrl Pts',(42.,5.5,-13.5));
#5779=CARTESIAN_POINT('',(42.,5.5,-13.5));
#5780=CARTESIAN_POINT('',(41.5,5.5,-14.));
#5781=CARTESIAN_POINT('Origin',(41.5,5.5,-13.5));
#5782=CARTESIAN_POINT('',(42.5,6.,-14.5));
#5783=CARTESIAN_POINT('Origin',(42.5,5.5,-14.5));
#5784=CARTESIAN_POINT('Origin',(42.5,5.5,-14.5));
#5785=CARTESIAN_POINT('Origin',(41.5,3.,-13.5));
#5786=CARTESIAN_POINT('',(41.5,3.,-14.));
#5787=CARTESIAN_POINT('',(42.,3.,-13.5));
#5788=CARTESIAN_POINT('Origin',(42.,3.,0.));
#5789=CARTESIAN_POINT('',(42.,5.5,-4.));
#5790=CARTESIAN_POINT('Origin',(42.5,5.5,-4.));
#5791=CARTESIAN_POINT('',(42.5,6.,-4.));
#5792=CARTESIAN_POINT('Origin',(27.875,5.5,-2.5));
#5793=CARTESIAN_POINT('',(35.5,5.5,-3.));
#5794=CARTESIAN_POINT('',(40.,5.5,-3.));
#5795=CARTESIAN_POINT('',(27.875,5.5,-3.));
#5796=CARTESIAN_POINT('',(35.,6.,-2.5));
#5797=CARTESIAN_POINT('Origin',(35.,5.5,-2.5));
#5798=CARTESIAN_POINT('',(40.,6.,-2.5));
#5799=CARTESIAN_POINT('',(27.875,6.,-2.5));
#5800=CARTESIAN_POINT('Origin',(40.,5.5,-2.5));
#5801=CARTESIAN_POINT('Origin',(35.,5.5,-8.375));
#5802=CARTESIAN_POINT('',(35.5,5.5,-10.5));
#5803=CARTESIAN_POINT('',(35.5,5.5,-8.375));
#5804=CARTESIAN_POINT('',(35.,6.,-11.));
#5805=CARTESIAN_POINT('Origin',(35.,5.5,-11.));
#5806=CARTESIAN_POINT('',(35.,6.,-8.375));
#5807=CARTESIAN_POINT('Origin',(29.375,5.5,-11.));
#5808=CARTESIAN_POINT('',(39.,6.,-11.));
#5809=CARTESIAN_POINT('',(29.375,6.,-11.));
#5810=CARTESIAN_POINT('',(38.5,5.5,-10.5));
#5811=CARTESIAN_POINT('',(29.375,5.5,-10.5));
#5812=CARTESIAN_POINT('Origin',(39.,5.5,-11.));
#5813=CARTESIAN_POINT('Origin',(30.5,3.5,-10.));
#5814=CARTESIAN_POINT('',(35.5,3.5,-10.5));
#5815=CARTESIAN_POINT('',(38.5,3.5,-10.5));
#5816=CARTESIAN_POINT('',(30.5,3.5,-10.5));
#5817=CARTESIAN_POINT('',(36.,3.,-9.99999999999999));
#5818=CARTESIAN_POINT('Origin',(36.,3.5,-9.99999999999999));
#5819=CARTESIAN_POINT('',(38.5,3.,-9.99999999999999));
#5820=CARTESIAN_POINT('',(30.5,3.,-10.));
#5821=CARTESIAN_POINT('Origin',(38.5,3.5,-9.99999999999999));
#5822=CARTESIAN_POINT('Origin',(36.,3.5,-9.5));
#5823=CARTESIAN_POINT('',(36.,3.,-3.5));
#5824=CARTESIAN_POINT('',(36.,3.,-9.5));
#5825=CARTESIAN_POINT('',(35.5,3.5,-3.));
#5826=CARTESIAN_POINT('',(35.5,3.5,-9.5));
#5827=CARTESIAN_POINT('Origin',(36.,3.5,-3.5));
#5828=CARTESIAN_POINT('Origin',(40.,3.5,-2.5));
#5829=CARTESIAN_POINT('',(40.,3.5,-3.));
#5830=CARTESIAN_POINT('',(40.5,3.5,-2.5));
#5831=CARTESIAN_POINT('Origin',(40.,3.5,-2.5));
#5832=CARTESIAN_POINT('',(41.,3.,-2.5));
#5833=CARTESIAN_POINT('Origin',(41.,3.5,-2.5));
#5834=CARTESIAN_POINT('',(40.,3.,-3.5));
#5835=CARTESIAN_POINT('Origin',(40.,3.,-2.5));
#5836=CARTESIAN_POINT('Origin',(40.,3.5,-3.5));
#5837=CARTESIAN_POINT('Origin',(29.,3.5,-3.5));
#5838=CARTESIAN_POINT('',(29.,3.,-3.5));
#5839=CARTESIAN_POINT('',(29.,3.5,-3.));
#5840=CARTESIAN_POINT('Origin',(41.,3.5,-10.5));
#5841=CARTESIAN_POINT('',(41.,3.,10.5));
#5842=CARTESIAN_POINT('',(40.5,3.5,-10.5));
#5843=CARTESIAN_POINT('Origin',(40.,4.5,-2.5));
#5844=CARTESIAN_POINT('',(40.5,5.5,-2.5));
#5845=CARTESIAN_POINT('Origin',(40.,5.5,-2.5));
#5846=CARTESIAN_POINT('',(40.5,4.5,-2.5));
#5847=CARTESIAN_POINT('',(40.,4.5,-3.));
#5848=CARTESIAN_POINT('Origin',(40.,5.5,-2.5));
#5849=CARTESIAN_POINT('Origin',(40.,5.5,-2.5));
#5850=CARTESIAN_POINT('Origin',(35.5,6.,-10.5));
#5851=CARTESIAN_POINT('',(35.5,6.,-3.));
#5852=CARTESIAN_POINT('',(35.5,6.,-10.5));
#5853=CARTESIAN_POINT('Origin',(38.5,6.,-10.5));
#5854=CARTESIAN_POINT('',(38.5,6.,-10.5));
#5855=CARTESIAN_POINT('Origin',(40.,5.5,-9.375));
#5856=CARTESIAN_POINT('',(40.,6.,-9.375));
#5857=CARTESIAN_POINT('',(40.5,5.5,-9.375));
#5858=CARTESIAN_POINT('Origin',(40.5,3.,-12.5));
#5859=CARTESIAN_POINT('Ctrl Pts',(40.,3.,-8.9999460594774));
#5860=CARTESIAN_POINT('Ctrl Pts',(40.2243994752564,3.,-8.9999460594774));
#5861=CARTESIAN_POINT('Ctrl Pts',(40.748964369935,3.,-9.18265359172827));
#5862=CARTESIAN_POINT('Ctrl Pts',(41.,3.,-9.70082236224747));
#5863=CARTESIAN_POINT('Ctrl Pts',(41.,3.,-10.0000539405226));
#5864=CARTESIAN_POINT('Ctrl Pts',(40.,3.,-9.12962173819747));
#5865=CARTESIAN_POINT('Ctrl Pts',(40.1952456557301,3.,-9.12962173819747));
#5866=CARTESIAN_POINT('Ctrl Pts',(40.6517723204846,3.00000194805793,-9.2889410993108));
#5867=CARTESIAN_POINT('Ctrl Pts',(40.8694701135514,3.00001193950618,-9.74005544351161));
#5868=CARTESIAN_POINT('Ctrl Pts',(40.8691003061004,3.,-10.0000539405226));
#5869=CARTESIAN_POINT('Ctrl Pts',(40.,3.10629979507244,-9.38790558097329));
#5870=CARTESIAN_POINT('Ctrl Pts',(40.1374296904127,3.10629979507244,-9.38790558097329));
#5871=CARTESIAN_POINT('Ctrl Pts',(40.4584142832221,3.10668417225225,-9.50057156255087));
#5872=CARTESIAN_POINT('Ctrl Pts',(40.6094990675877,3.10778026210491,-9.8178335659769));
#5873=CARTESIAN_POINT('Ctrl Pts',(40.608422913444,3.10842291344398,-10.0000539405226));
#5874=CARTESIAN_POINT('Ctrl Pts',(40.,3.36299448231111,-9.49798749327012));
#5875=CARTESIAN_POINT('Ctrl Pts',(40.1124007613164,3.36299448231111,-9.49798749327012));
#5876=CARTESIAN_POINT('Ctrl Pts',(40.3756839415139,3.36410637745888,-9.59021900485822));
#5877=CARTESIAN_POINT('Ctrl Pts',(40.5005882435953,3.36726822383222,-9.85072051483293));
#5878=CARTESIAN_POINT('Ctrl Pts',(40.5,3.36910030610043,-10.0000539405226));
#5879=CARTESIAN_POINT('Ctrl Pts',(40.,3.49265617299247,-9.49989212477333));
#5880=CARTESIAN_POINT('Ctrl Pts',(40.1121997376282,3.49265617299247,-9.49989212477333));
#5881=CARTESIAN_POINT('Ctrl Pts',(40.3744821849675,3.49399780076609,-9.59126559838916));
#5882=CARTESIAN_POINT('Ctrl Pts',(40.5,3.49780273209752,-9.85040587519269));
#5883=CARTESIAN_POINT('Ctrl Pts',(40.5,3.5,-10.0000539405226));
#5884=CARTESIAN_POINT('',(40.5,3.5,-10.0000539405226));
#5885=CARTESIAN_POINT('Origin',(40.,3.5,-10.0000539405226));
#5886=CARTESIAN_POINT('',(41.,3.,-10.0000539405226));
#5887=CARTESIAN_POINT('Origin',(40.,3.,-10.0000539405226));
#5888=CARTESIAN_POINT('Origin',(41.,3.5,-10.0000539405226));
#5889=CARTESIAN_POINT('Origin',(41.,3.5,-10.5));
#5890=CARTESIAN_POINT('',(40.5,3.5,-12.));
#5891=CARTESIAN_POINT('',(41.,3.,-12.));
#5892=CARTESIAN_POINT('Origin',(41.,3.5,-12.));
#5893=CARTESIAN_POINT('',(40.5,3.5,-10.5));
#5894=CARTESIAN_POINT('',(41.,3.,-10.5));
#5895=CARTESIAN_POINT('Origin',(40.,3.5,-12.));
#5896=CARTESIAN_POINT('',(40.,3.5,-12.5));
#5897=CARTESIAN_POINT('',(40.,3.,-13.));
#5898=CARTESIAN_POINT('Origin',(40.,3.5,-13.));
#5899=CARTESIAN_POINT('Origin',(40.,3.5,-12.));
#5900=CARTESIAN_POINT('Origin',(40.,3.,-12.));
#5901=CARTESIAN_POINT('Origin',(40.,3.01473920928735,-9.99292582901637));
#5902=CARTESIAN_POINT('',(40.5,4.,-10.0073985597899));
#5903=CARTESIAN_POINT('Origin',(40.,4.,-10.0073985597899));
#5904=CARTESIAN_POINT('',(40.5,3.01473920928735,-9.99292582901637));
#5905=CARTESIAN_POINT('Origin',(40.,3.,-12.));
#5906=CARTESIAN_POINT('',(40.,5.5,-12.5));
#5907=CARTESIAN_POINT('',(40.,3.,-12.5));
#5908=CARTESIAN_POINT('',(40.5,5.5,-12.));
#5909=CARTESIAN_POINT('Origin',(40.,5.5,-12.));
#5910=CARTESIAN_POINT('',(40.5,3.,-12.));
#5911=CARTESIAN_POINT('Origin',(40.5,3.,-12.5));
#5912=CARTESIAN_POINT('',(40.5,5.5,-4.5));
#5913=CARTESIAN_POINT('',(40.5,5.5,-9.375));
#5914=CARTESIAN_POINT('',(40.5,4.,-4.5));
#5915=CARTESIAN_POINT('',(40.5,4.5,-4.5));
#5916=CARTESIAN_POINT('',(40.5,4.,-11.));
#5917=CARTESIAN_POINT('Origin',(30.375,5.5,-4.5));
#5918=CARTESIAN_POINT('',(40.,6.,-4.5));
#5919=CARTESIAN_POINT('',(40.,5.5,-4.));
#5920=CARTESIAN_POINT('Origin',(40.,5.5,-4.5));
#5921=CARTESIAN_POINT('',(39.,6.,-4.5));
#5922=CARTESIAN_POINT('',(30.375,6.,-4.5));
#5923=CARTESIAN_POINT('',(39.,5.5,-4.));
#5924=CARTESIAN_POINT('Origin',(39.,5.5,-4.5));
#5925=CARTESIAN_POINT('',(30.375,5.5,-4.));
#5926=CARTESIAN_POINT('Origin',(39.,6.,-4.5));
#5927=CARTESIAN_POINT('',(38.5,5.5,-4.5));
#5928=CARTESIAN_POINT('Origin',(39.,5.5,-4.5));
#5929=CARTESIAN_POINT('',(38.5,4.,-4.5));
#5930=CARTESIAN_POINT('',(38.5,6.,-4.5));
#5931=CARTESIAN_POINT('',(39.,4.,-4.));
#5932=CARTESIAN_POINT('Origin',(39.,4.,-4.5));
#5933=CARTESIAN_POINT('',(39.,6.,-4.));
#5934=CARTESIAN_POINT('Origin',(39.,5.5,-4.5));
#5935=CARTESIAN_POINT('Origin',(39.,5.5,-4.5));
#5936=CARTESIAN_POINT('Origin',(40.5,4.,-4.5));
#5937=CARTESIAN_POINT('',(40.,4.,-4.));
#5938=CARTESIAN_POINT('',(40.,3.5,-4.5));
#5939=CARTESIAN_POINT('Origin',(40.,4.,-4.5));
#5940=CARTESIAN_POINT('',(40.5,4.,-4.));
#5941=CARTESIAN_POINT('',(39.,3.5,-4.5));
#5942=CARTESIAN_POINT('Origin',(39.,4.,-4.5));
#5943=CARTESIAN_POINT('',(40.5,3.5,-4.5));
#5944=CARTESIAN_POINT('Origin',(39.,4.,-4.5));
#5945=CARTESIAN_POINT('Origin',(39.,4.,-4.5));
#5946=CARTESIAN_POINT('Origin',(40.,4.5,-4.5));
#5947=CARTESIAN_POINT('Origin',(40.,4.,-4.5));
#5948=CARTESIAN_POINT('Origin',(40.,5.5,-4.5));
#5949=CARTESIAN_POINT('',(40.,4.5,-4.));
#5950=CARTESIAN_POINT('Origin',(40.,4.,-4.5));
#5951=CARTESIAN_POINT('Origin',(40.,4.,-4.5));
#5952=CARTESIAN_POINT('Origin',(40.,5.5,-4.5));
#5953=CARTESIAN_POINT('Origin',(40.,5.5,-4.5));
#5954=CARTESIAN_POINT('Origin',(39.,4.,-6.75));
#5955=CARTESIAN_POINT('',(38.5,4.,-6.75));
#5956=CARTESIAN_POINT('',(39.,3.5,-6.75));
#5957=CARTESIAN_POINT('Origin',(40.5,3.5,-9.5));
#5958=CARTESIAN_POINT('',(40.,3.5,-11.));
#5959=CARTESIAN_POINT('Origin',(40.,4.,-11.));
#5960=CARTESIAN_POINT('Origin',(40.5,6.,-4.));
#5961=CARTESIAN_POINT('Origin',(39.,5.5,-5.125));
#5962=CARTESIAN_POINT('',(39.,6.,-5.125));
#5963=CARTESIAN_POINT('',(38.5,5.5,-5.125));
#5964=CARTESIAN_POINT('Origin',(38.5,6.,-4.));
#5965=CARTESIAN_POINT('',(38.5,3.,-10.5));
#5966=CARTESIAN_POINT('Origin',(35.5,6.,-3.));
#5967=CARTESIAN_POINT('Ctrl Pts',(44.5,3.,-16.));
#5968=CARTESIAN_POINT('Ctrl Pts',(44.5,3.,-16.5));
#5969=CARTESIAN_POINT('Ctrl Pts',(44.,3.,-16.5));
#5970=CARTESIAN_POINT('Ctrl Pts',(45.,3.,-16.));
#5971=CARTESIAN_POINT('Ctrl Pts',(45.,3.,-17.));
#5972=CARTESIAN_POINT('Ctrl Pts',(44.,3.,-17.));
#5973=CARTESIAN_POINT('Ctrl Pts',(45.,2.5,-16.));
#5974=CARTESIAN_POINT('Ctrl Pts',(45.,2.5,-17.));
#5975=CARTESIAN_POINT('Ctrl Pts',(44.,2.5,-17.));
#5976=CARTESIAN_POINT('',(44.,3.,-16.5));
#5977=CARTESIAN_POINT('',(44.,2.5,-17.));
#5978=CARTESIAN_POINT('Origin',(44.,2.5,-16.5));
#5979=CARTESIAN_POINT('',(44.5,3.,-16.));
#5980=CARTESIAN_POINT('Origin',(44.,3.,-16.));
#5981=CARTESIAN_POINT('',(45.,2.5,-16.));
#5982=CARTESIAN_POINT('Origin',(44.5,2.5,-16.));
#5983=CARTESIAN_POINT('Origin',(44.,2.5,-16.));
#5984=CARTESIAN_POINT('Origin',(44.,0.,-16.));
#5985=CARTESIAN_POINT('',(44.,0.,-17.));
#5986=CARTESIAN_POINT('',(45.,0.,-16.));
#5987=CARTESIAN_POINT('Origin',(44.,0.,-16.));
#5988=CARTESIAN_POINT('',(44.,0.,-17.));
#5989=CARTESIAN_POINT('',(45.,0.,-16.));
#5990=CARTESIAN_POINT('Origin',(44.5,2.5,-12.75));
#5991=CARTESIAN_POINT('',(44.5,3.,-12.75));
#5992=CARTESIAN_POINT('',(45.,2.5,-12.75));
#5993=CARTESIAN_POINT('Origin',(45.,0.,-17.));
#5994=CARTESIAN_POINT('',(45.,0.,-17.));
#5995=CARTESIAN_POINT('Origin',(43.5,5.5,-15.5));
#5996=CARTESIAN_POINT('',(43.5,5.5,-16.));
#5997=CARTESIAN_POINT('',(43.5,6.,-15.5));
#5998=CARTESIAN_POINT('Origin',(43.5,5.5,-15.5));
#5999=CARTESIAN_POINT('',(44.,5.5,-15.5));
#6000=CARTESIAN_POINT('Origin',(43.5,5.5,-15.5));
#6001=CARTESIAN_POINT('Origin',(43.5,5.5,-15.5));
#6002=CARTESIAN_POINT('Origin',(43.5,3.,-15.5));
#6003=CARTESIAN_POINT('',(43.5,3.,-16.));
#6004=CARTESIAN_POINT('',(44.,3.,-15.5));
#6005=CARTESIAN_POINT('Origin',(43.5,3.,-15.5));
#6006=CARTESIAN_POINT('',(43.5,3.,-16.));
#6007=CARTESIAN_POINT('',(44.,3.,-15.5));
#6008=CARTESIAN_POINT('Origin',(43.5,5.5,-12.));
#6009=CARTESIAN_POINT('',(44.,5.5,-12.));
#6010=CARTESIAN_POINT('',(43.5,6.,-12.));
#6011=CARTESIAN_POINT('Origin',(40.,5.5,-12.));
#6012=CARTESIAN_POINT('',(40.,6.,-12.));
#6013=CARTESIAN_POINT('Origin',(40.,5.5,-12.));
#6014=CARTESIAN_POINT('Origin',(40.,5.5,-12.));
#6015=CARTESIAN_POINT('Origin',(40.,5.5,-9.375));
#6016=CARTESIAN_POINT('',(40.,6.,-9.375));
#6017=CARTESIAN_POINT('Origin',(44.,3.,-16.));
#6018=CARTESIAN_POINT('',(44.,3.,12.25));
#6019=CARTESIAN_POINT('Origin',(-40.5,4.75,-5.5));
#6020=CARTESIAN_POINT('',(-40.5,5.25,-5.5));
#6021=CARTESIAN_POINT('Origin',(-40.5,4.75,-5.5));
#6022=CARTESIAN_POINT('',(-41.,4.75,-5.5));
#6023=CARTESIAN_POINT('Origin',(-40.5,4.75,-5.5));
#6024=CARTESIAN_POINT('Origin',(-39.,4.451999822434,-10.0140380929992));
#6025=CARTESIAN_POINT('',(-39.,3.49265617299247,-9.49989212477333));
#6026=CARTESIAN_POINT('',(-38.5,3.48531234598495,-9.99983819006926));
#6027=CARTESIAN_POINT('Origin',(-39.,3.48531234598495,-9.99983819006926));
#6028=CARTESIAN_POINT('',(-38.5,4.,-10.0073985597899));
#6029=CARTESIAN_POINT('',(-38.5,4.451999822434,-10.0140380929992));
#6030=CARTESIAN_POINT('',(-39.,3.5,-9.5));
#6031=CARTESIAN_POINT('Origin',(-39.,4.,-10.0073985597899));
#6032=CARTESIAN_POINT('',(-39.,4.45934364944152,-9.51409202770322));
#6033=CARTESIAN_POINT('Origin',(-39.,3.5,-8.9999460594774));
#6034=CARTESIAN_POINT('',(-39.,3.,-8.9999460594774));
#6035=CARTESIAN_POINT('',(-38.5,3.,-9.86597146326184));
#6036=CARTESIAN_POINT('Ctrl Pts',(-38.5,3.,-9.86597146326184));
#6037=CARTESIAN_POINT('Ctrl Pts',(-38.5,3.,-9.73853275232405));
#6038=CARTESIAN_POINT('Ctrl Pts',(-38.5447859999489,3.,-9.59231129605284));
#6039=CARTESIAN_POINT('Ctrl Pts',(-38.6980436419056,3.,-9.3075576955794));
#6040=CARTESIAN_POINT('Ctrl Pts',(-38.8614508889595,3.,-9.13849517051787));
#6041=CARTESIAN_POINT('Ctrl Pts',(-39.,3.,-8.9999460594774));
#6042=CARTESIAN_POINT('Origin',(-38.5,3.5,-8.9999460594774));
#6043=CARTESIAN_POINT('Origin',(-39.,3.5,-8.9999460594774));
#6044=CARTESIAN_POINT('Origin',(-31.5,3.5,-8.9999460594774));
#6045=CARTESIAN_POINT('',(-40.,3.49265617299247,-9.49989212477333));
#6046=CARTESIAN_POINT('',(-31.5,3.49265617299247,-9.49989212477333));
#6047=CARTESIAN_POINT('',(-40.,3.,-8.9999460594774));
#6048=CARTESIAN_POINT('Origin',(-40.,3.5,-8.9999460594774));
#6049=CARTESIAN_POINT('',(-31.5,3.,-8.9999460594774));
#6050=CARTESIAN_POINT('Origin',(-40.5,3.,-9.49265538073274));
#6051=CARTESIAN_POINT('',(-40.,3.5,-9.5));
#6052=CARTESIAN_POINT('',(-40.5,3.5,-9.5));
#6053=CARTESIAN_POINT('',(-40.,3.02208303629488,-9.49297976372044));
#6054=CARTESIAN_POINT('Origin',(-41.5,3.5,-13.5));
#6055=CARTESIAN_POINT('',(-42.,3.5,-13.5));
#6056=CARTESIAN_POINT('',(-41.5,3.5,-14.));
#6057=CARTESIAN_POINT('Origin',(-41.5,3.5,-13.5));
#6058=CARTESIAN_POINT('',(-41.5,3.,-13.5));
#6059=CARTESIAN_POINT('Origin',(-41.5,3.5,-13.5));
#6060=CARTESIAN_POINT('Origin',(-41.5,3.5,-13.5));
#6061=CARTESIAN_POINT('Origin',(-41.5,3.5,-4.25));
#6062=CARTESIAN_POINT('',(-41.5,3.,4.25));
#6063=CARTESIAN_POINT('',(-42.,3.5,-4.25));
#6064=CARTESIAN_POINT('Origin',(-32.25,3.5,-13.5));
#6065=CARTESIAN_POINT('',(32.25,3.5,-14.));
#6066=CARTESIAN_POINT('',(-32.25,3.,-13.5));
#6067=CARTESIAN_POINT('Ctrl Pts',(-42.5,6.,-14.5));
#6068=CARTESIAN_POINT('Ctrl Pts',(-42.2756005247436,6.,-14.3878002623718));
#6069=CARTESIAN_POINT('Ctrl Pts',(-41.9029480301805,5.93445839663085,-14.2014740150902));
#6070=CARTESIAN_POINT('Ctrl Pts',(-41.5684144942496,5.72414320656447,-14.0342072471248));
#6071=CARTESIAN_POINT('Ctrl Pts',(-41.5,5.57479982508547,-14.));
#6072=CARTESIAN_POINT('Ctrl Pts',(-41.5,5.5,-14.));
#6073=CARTESIAN_POINT('Ctrl Pts',(-42.5,6.,-14.5));
#6074=CARTESIAN_POINT('Ctrl Pts',(-42.294300481015,6.,-14.3691003061004));
#6075=CARTESIAN_POINT('Ctrl Pts',(-41.9525945030932,5.9082591718628,-14.1523705901624));
#6076=CARTESIAN_POINT('Ctrl Pts',(-41.6762359631085,5.67017420312791,-14.0121932853442));
#6077=CARTESIAN_POINT('Ctrl Pts',(-41.6308996938996,5.55502383140855,-14.));
#6078=CARTESIAN_POINT('Ctrl Pts',(-41.6308996938996,5.5,-14.));
#6079=CARTESIAN_POINT('Ctrl Pts',(-42.5,6.,-14.5));
#6080=CARTESIAN_POINT('Ctrl Pts',(-42.3317003935577,6.,-14.3317003935577));
#6081=CARTESIAN_POINT('Ctrl Pts',(-42.052572999386,5.8825451274037,-14.052572999386));
#6082=CARTESIAN_POINT('Ctrl Pts',(-41.8916558006209,5.61019574103334,-13.8916558006208));
#6083=CARTESIAN_POINT('Ctrl Pts',(-41.8915621736087,5.53257582315055,-13.8915621736087));
#6084=CARTESIAN_POINT('Ctrl Pts',(-41.8915621736087,5.5,-13.8915621736087));
#6085=CARTESIAN_POINT('Ctrl Pts',(-42.5,6.,-14.5));
#6086=CARTESIAN_POINT('Ctrl Pts',(-42.3691003061004,6.,-14.294300481015));
#6087=CARTESIAN_POINT('Ctrl Pts',(-42.1523705901624,5.9082591718628,-13.9525945030932));
#6088=CARTESIAN_POINT('Ctrl Pts',(-42.0121932853442,5.67017420312791,-13.6762359631085));
#6089=CARTESIAN_POINT('Ctrl Pts',(-42.,5.55502383140855,-13.6308996938996));
#6090=CARTESIAN_POINT('Ctrl Pts',(-42.,5.5,-13.6308996938996));
#6091=CARTESIAN_POINT('Ctrl Pts',(-42.5,6.,-14.5));
#6092=CARTESIAN_POINT('Ctrl Pts',(-42.3878002623718,6.,-14.2756005247436));
#6093=CARTESIAN_POINT('Ctrl Pts',(-42.2014740150902,5.93445839663085,-13.9029480301804));
#6094=CARTESIAN_POINT('Ctrl Pts',(-42.0342072471248,5.72414320656447,-13.5684144942496));
#6095=CARTESIAN_POINT('Ctrl Pts',(-42.,5.57479982508547,-13.5));
#6096=CARTESIAN_POINT('Ctrl Pts',(-42.,5.5,-13.5));
#6097=CARTESIAN_POINT('',(-42.,5.5,-13.5));
#6098=CARTESIAN_POINT('',(-41.5,5.5,-14.));
#6099=CARTESIAN_POINT('Origin',(-41.5,5.5,-13.5));
#6100=CARTESIAN_POINT('',(-42.5,6.,-14.5));
#6101=CARTESIAN_POINT('Origin',(-42.5,5.5,-14.5));
#6102=CARTESIAN_POINT('Origin',(-42.5,5.5,-14.5));
#6103=CARTESIAN_POINT('Origin',(-41.5,3.,-13.5));
#6104=CARTESIAN_POINT('',(-42.,3.,-13.5));
#6105=CARTESIAN_POINT('',(-41.5,3.,-14.));
#6106=CARTESIAN_POINT('Origin',(-42.,3.,0.));
#6107=CARTESIAN_POINT('',(-42.,5.5,-4.));
#6108=CARTESIAN_POINT('Origin',(-42.5,5.5,-4.));
#6109=CARTESIAN_POINT('',(-42.5,6.,-4.));
#6110=CARTESIAN_POINT('Origin',(-32.,5.5,-14.5));
#6111=CARTESIAN_POINT('',(32.,5.5,-14.));
#6112=CARTESIAN_POINT('',(32.,6.,-14.5));
#6113=CARTESIAN_POINT('Origin',(-27.875,5.5,-2.5));
#6114=CARTESIAN_POINT('',(-35.5,5.5,-3.));
#6115=CARTESIAN_POINT('',(-40.,5.5,-3.));
#6116=CARTESIAN_POINT('',(-27.875,5.5,-3.));
#6117=CARTESIAN_POINT('',(-40.,6.,-2.5));
#6118=CARTESIAN_POINT('Origin',(-40.,5.5,-2.5));
#6119=CARTESIAN_POINT('',(-35.,6.,-2.5));
#6120=CARTESIAN_POINT('',(-27.875,6.,-2.5));
#6121=CARTESIAN_POINT('Origin',(-35.,5.5,-2.5));
#6122=CARTESIAN_POINT('Origin',(-35.,5.5,-8.375));
#6123=CARTESIAN_POINT('',(-35.5,5.5,-10.5));
#6124=CARTESIAN_POINT('',(-35.5,5.5,-8.375));
#6125=CARTESIAN_POINT('',(-35.,6.,-11.));
#6126=CARTESIAN_POINT('',(-35.,6.,-8.375));
#6127=CARTESIAN_POINT('Origin',(-35.,5.5,-11.));
#6128=CARTESIAN_POINT('Origin',(-29.375,5.5,-11.));
#6129=CARTESIAN_POINT('',(-39.,6.,-11.));
#6130=CARTESIAN_POINT('',(-29.375,6.,-11.));
#6131=CARTESIAN_POINT('',(-38.5,5.5,-10.5));
#6132=CARTESIAN_POINT('Origin',(-39.,5.5,-11.));
#6133=CARTESIAN_POINT('',(-29.375,5.5,-10.5));
#6134=CARTESIAN_POINT('Origin',(-30.5,3.5,-10.));
#6135=CARTESIAN_POINT('',(-35.5,3.5,-10.5));
#6136=CARTESIAN_POINT('',(-38.5,3.5,-10.5));
#6137=CARTESIAN_POINT('',(-30.5,3.5,-10.5));
#6138=CARTESIAN_POINT('',(-38.5,3.,-9.99999999999999));
#6139=CARTESIAN_POINT('Origin',(-38.5,3.5,-9.99999999999999));
#6140=CARTESIAN_POINT('',(-36.,3.,-9.99999999999999));
#6141=CARTESIAN_POINT('',(-30.5,3.,-10.));
#6142=CARTESIAN_POINT('Origin',(-36.,3.5,-9.99999999999999));
#6143=CARTESIAN_POINT('Origin',(-36.,3.5,-9.5));
#6144=CARTESIAN_POINT('',(-36.,3.,-3.5));
#6145=CARTESIAN_POINT('',(-36.,3.,-9.5));
#6146=CARTESIAN_POINT('',(-35.5,3.5,-3.));
#6147=CARTESIAN_POINT('Origin',(-36.,3.5,-3.5));
#6148=CARTESIAN_POINT('',(-35.5,3.5,-9.5));
#6149=CARTESIAN_POINT('Origin',(-40.,3.5,-2.5));
#6150=CARTESIAN_POINT('',(-40.,3.5,-3.));
#6151=CARTESIAN_POINT('',(-40.5,3.5,-2.5));
#6152=CARTESIAN_POINT('Origin',(-40.,3.5,-2.5));
#6153=CARTESIAN_POINT('',(-40.,3.,-3.5));
#6154=CARTESIAN_POINT('Origin',(-40.,3.5,-3.5));
#6155=CARTESIAN_POINT('',(-41.,3.,-2.5));
#6156=CARTESIAN_POINT('Origin',(-40.,3.,-2.5));
#6157=CARTESIAN_POINT('Origin',(-41.,3.5,-2.5));
#6158=CARTESIAN_POINT('Origin',(-29.,3.5,-3.5));
#6159=CARTESIAN_POINT('',(-29.,3.,-3.5));
#6160=CARTESIAN_POINT('',(-29.,3.5,-3.));
#6161=CARTESIAN_POINT('Origin',(-41.,3.5,-10.5));
#6162=CARTESIAN_POINT('',(-40.5,3.5,10.5));
#6163=CARTESIAN_POINT('',(-41.,3.,-10.5));
#6164=CARTESIAN_POINT('Origin',(-40.,4.5,-2.5));
#6165=CARTESIAN_POINT('',(-40.5,5.5,-2.5));
#6166=CARTESIAN_POINT('Origin',(-40.,5.5,-2.5));
#6167=CARTESIAN_POINT('',(-40.,4.5,-3.));
#6168=CARTESIAN_POINT('',(-40.5,4.5,-2.5));
#6169=CARTESIAN_POINT('Origin',(-40.,5.5,-2.5));
#6170=CARTESIAN_POINT('Origin',(-40.,5.5,-2.5));
#6171=CARTESIAN_POINT('Origin',(-35.5,6.,-10.5));
#6172=CARTESIAN_POINT('',(-35.5,6.,-10.5));
#6173=CARTESIAN_POINT('',(-35.5,6.,-3.));
#6174=CARTESIAN_POINT('Origin',(-38.5,6.,-10.5));
#6175=CARTESIAN_POINT('',(-38.5,6.,-10.5));
#6176=CARTESIAN_POINT('Origin',(-20.25,6.,-6.25));
#6177=CARTESIAN_POINT('',(-39.,6.,-4.5));
#6178=CARTESIAN_POINT('',(-39.,6.,-5.125));
#6179=CARTESIAN_POINT('',(-40.,6.,9.375));
#6180=CARTESIAN_POINT('',(-40.,6.,-12.));
#6181=CARTESIAN_POINT('',(-10.125,6.,-12.));
#6182=CARTESIAN_POINT('',(-40.,6.,-4.5));
#6183=CARTESIAN_POINT('',(-40.,6.,-9.375));
#6184=CARTESIAN_POINT('',(-30.375,6.,-4.5));
#6185=CARTESIAN_POINT('Origin',(-40.,5.5,-9.375));
#6186=CARTESIAN_POINT('',(-40.5,5.5,9.375));
#6187=CARTESIAN_POINT('Origin',(-40.5,3.,-12.5));
#6188=CARTESIAN_POINT('Ctrl Pts',(-40.,3.,-8.9999460594774));
#6189=CARTESIAN_POINT('Ctrl Pts',(-40.2243994752564,3.,-8.9999460594774));
#6190=CARTESIAN_POINT('Ctrl Pts',(-40.748964369935,3.,-9.18265359172827));
#6191=CARTESIAN_POINT('Ctrl Pts',(-41.,3.,-9.70082236224747));
#6192=CARTESIAN_POINT('Ctrl Pts',(-41.,3.,-10.0000539405226));
#6193=CARTESIAN_POINT('Ctrl Pts',(-40.,3.,-9.12962173819747));
#6194=CARTESIAN_POINT('Ctrl Pts',(-40.1952456557301,3.,-9.12962173819747));
#6195=CARTESIAN_POINT('Ctrl Pts',(-40.6517723204846,3.00000194805793,-9.2889410993108));
#6196=CARTESIAN_POINT('Ctrl Pts',(-40.8694701135514,3.00001193950618,-9.74005544351161));
#6197=CARTESIAN_POINT('Ctrl Pts',(-40.8691003061004,3.,-10.0000539405226));
#6198=CARTESIAN_POINT('Ctrl Pts',(-40.,3.10629979507244,-9.38790558097329));
#6199=CARTESIAN_POINT('Ctrl Pts',(-40.1374296904127,3.10629979507244,-9.38790558097329));
#6200=CARTESIAN_POINT('Ctrl Pts',(-40.4584142832221,3.10668417225225,-9.50057156255087));
#6201=CARTESIAN_POINT('Ctrl Pts',(-40.6094990675877,3.10778026210491,-9.8178335659769));
#6202=CARTESIAN_POINT('Ctrl Pts',(-40.608422913444,3.10842291344398,-10.0000539405226));
#6203=CARTESIAN_POINT('Ctrl Pts',(-40.,3.36299448231111,-9.49798749327012));
#6204=CARTESIAN_POINT('Ctrl Pts',(-40.1124007613164,3.36299448231111,-9.49798749327012));
#6205=CARTESIAN_POINT('Ctrl Pts',(-40.3756839415139,3.36410637745888,-9.59021900485822));
#6206=CARTESIAN_POINT('Ctrl Pts',(-40.5005882435953,3.36726822383222,-9.85072051483293));
#6207=CARTESIAN_POINT('Ctrl Pts',(-40.5,3.36910030610043,-10.0000539405226));
#6208=CARTESIAN_POINT('Ctrl Pts',(-40.,3.49265617299247,-9.49989212477333));
#6209=CARTESIAN_POINT('Ctrl Pts',(-40.1121997376282,3.49265617299247,-9.49989212477333));
#6210=CARTESIAN_POINT('Ctrl Pts',(-40.3744821849675,3.49399780076609,-9.59126559838916));
#6211=CARTESIAN_POINT('Ctrl Pts',(-40.5,3.49780273209752,-9.85040587519269));
#6212=CARTESIAN_POINT('Ctrl Pts',(-40.5,3.5,-10.0000539405226));
#6213=CARTESIAN_POINT('',(-40.5,3.5,-10.0000539405226));
#6214=CARTESIAN_POINT('Origin',(-40.,3.5,-10.0000539405226));
#6215=CARTESIAN_POINT('',(-41.,3.,-10.0000539405226));
#6216=CARTESIAN_POINT('Origin',(-41.,3.5,-10.0000539405226));
#6217=CARTESIAN_POINT('Origin',(-40.,3.,-10.0000539405226));
#6218=CARTESIAN_POINT('Origin',(-41.,3.5,-10.5));
#6219=CARTESIAN_POINT('',(-40.5,3.5,-12.));
#6220=CARTESIAN_POINT('',(-41.,3.,-12.));
#6221=CARTESIAN_POINT('Origin',(-41.,3.5,-12.));
#6222=CARTESIAN_POINT('',(-41.,3.,-10.5));
#6223=CARTESIAN_POINT('',(-40.5,3.5,-10.5));
#6224=CARTESIAN_POINT('Origin',(-40.,3.5,-12.));
#6225=CARTESIAN_POINT('',(-40.,3.5,-12.5));
#6226=CARTESIAN_POINT('',(-40.,3.,-13.));
#6227=CARTESIAN_POINT('Origin',(-40.,3.5,-13.));
#6228=CARTESIAN_POINT('Origin',(-40.,3.,-12.));
#6229=CARTESIAN_POINT('Origin',(-40.,3.5,-12.));
#6230=CARTESIAN_POINT('Origin',(-11.25,3.5,-13.));
#6231=CARTESIAN_POINT('',(11.25,3.,-13.));
#6232=CARTESIAN_POINT('',(-11.25,3.5,-12.5));
#6233=CARTESIAN_POINT('Origin',(-40.,3.01473920928735,-9.99292582901637));
#6234=CARTESIAN_POINT('',(-40.5,4.,-10.0073985597899));
#6235=CARTESIAN_POINT('Origin',(-40.,4.,-10.0073985597899));
#6236=CARTESIAN_POINT('',(-40.5,3.01473920928735,-9.99292582901637));
#6237=CARTESIAN_POINT('Origin',(0.,3.,-12.5));
#6238=CARTESIAN_POINT('',(-40.,5.5,-12.5));
#6239=CARTESIAN_POINT('',(-40.,3.,-12.5));
#6240=CARTESIAN_POINT('',(-10.125,5.5,-12.5));
#6241=CARTESIAN_POINT('Origin',(-40.,3.,-12.));
#6242=CARTESIAN_POINT('',(-40.5,5.5,-12.));
#6243=CARTESIAN_POINT('',(-40.5,3.,-12.));
#6244=CARTESIAN_POINT('Origin',(-40.,5.5,-12.));
#6245=CARTESIAN_POINT('Origin',(-40.5,3.,-12.5));
#6246=CARTESIAN_POINT('',(-40.5,4.,-4.5));
#6247=CARTESIAN_POINT('',(-40.5,4.,-11.));
#6248=CARTESIAN_POINT('',(-40.5,5.5,-4.5));
#6249=CARTESIAN_POINT('',(-40.5,4.5,-4.5));
#6250=CARTESIAN_POINT('',(-40.5,5.5,-9.375));
#6251=CARTESIAN_POINT('Origin',(-30.375,5.5,-4.5));
#6252=CARTESIAN_POINT('',(-40.,5.5,-4.));
#6253=CARTESIAN_POINT('Origin',(-40.,5.5,-4.5));
#6254=CARTESIAN_POINT('',(-39.,5.5,-4.));
#6255=CARTESIAN_POINT('',(-30.375,5.5,-4.));
#6256=CARTESIAN_POINT('Origin',(-39.,5.5,-4.5));
#6257=CARTESIAN_POINT('Origin',(-39.,6.,-4.5));
#6258=CARTESIAN_POINT('',(-38.5,5.5,-4.5));
#6259=CARTESIAN_POINT('Origin',(-39.,5.5,-4.5));
#6260=CARTESIAN_POINT('',(-39.,4.,-4.));
#6261=CARTESIAN_POINT('',(-39.,6.,-4.));
#6262=CARTESIAN_POINT('',(-38.5,4.,-4.5));
#6263=CARTESIAN_POINT('Origin',(-39.,4.,-4.5));
#6264=CARTESIAN_POINT('',(-38.5,6.,-4.5));
#6265=CARTESIAN_POINT('Origin',(-39.,5.5,-4.5));
#6266=CARTESIAN_POINT('Origin',(-39.,5.5,-4.5));
#6267=CARTESIAN_POINT('Origin',(-40.5,4.,-4.5));
#6268=CARTESIAN_POINT('',(-40.,4.,-4.));
#6269=CARTESIAN_POINT('',(-40.,3.5,-4.5));
#6270=CARTESIAN_POINT('Origin',(-40.,4.,-4.5));
#6271=CARTESIAN_POINT('',(-39.,3.5,-4.5));
#6272=CARTESIAN_POINT('',(-40.5,3.5,-4.5));
#6273=CARTESIAN_POINT('Origin',(-39.,4.,-4.5));
#6274=CARTESIAN_POINT('',(-40.5,4.,-4.));
#6275=CARTESIAN_POINT('Origin',(-39.,4.,-4.5));
#6276=CARTESIAN_POINT('Origin',(-39.,4.,-4.5));
#6277=CARTESIAN_POINT('Origin',(-40.,4.5,-4.5));
#6278=CARTESIAN_POINT('Origin',(-40.,4.,-4.5));
#6279=CARTESIAN_POINT('',(-40.,4.5,-4.));
#6280=CARTESIAN_POINT('Origin',(-40.,5.5,-4.5));
#6281=CARTESIAN_POINT('Origin',(-40.,4.,-4.5));
#6282=CARTESIAN_POINT('Origin',(-40.,4.,-4.5));
#6283=CARTESIAN_POINT('Origin',(-40.,5.5,-4.5));
#6284=CARTESIAN_POINT('Origin',(-40.,5.5,-4.5));
#6285=CARTESIAN_POINT('Origin',(-39.,4.,-6.75));
#6286=CARTESIAN_POINT('',(-39.,3.5,-6.75));
#6287=CARTESIAN_POINT('',(-38.5,4.,-6.75));
#6288=CARTESIAN_POINT('Origin',(-40.5,3.5,-9.5));
#6289=CARTESIAN_POINT('',(-40.,3.5,-11.));
#6290=CARTESIAN_POINT('Origin',(-40.,4.,-11.));
#6291=CARTESIAN_POINT('Origin',(-40.5,6.,-4.));
#6292=CARTESIAN_POINT('Origin',(-39.,5.5,-5.125));
#6293=CARTESIAN_POINT('',(-38.5,5.5,-5.125));
#6294=CARTESIAN_POINT('Origin',(-38.5,6.,-4.));
#6295=CARTESIAN_POINT('',(-38.5,3.,-10.5));
#6296=CARTESIAN_POINT('Origin',(-35.5,6.,-3.));
#6297=CARTESIAN_POINT('Ctrl Pts',(-44.5,3.,-16.));
#6298=CARTESIAN_POINT('Ctrl Pts',(-44.5,3.,-16.5));
#6299=CARTESIAN_POINT('Ctrl Pts',(-44.,3.,-16.5));
#6300=CARTESIAN_POINT('Ctrl Pts',(-45.,3.,-16.));
#6301=CARTESIAN_POINT('Ctrl Pts',(-45.,3.,-17.));
#6302=CARTESIAN_POINT('Ctrl Pts',(-44.,3.,-17.));
#6303=CARTESIAN_POINT('Ctrl Pts',(-45.,2.5,-16.));
#6304=CARTESIAN_POINT('Ctrl Pts',(-45.,2.5,-17.));
#6305=CARTESIAN_POINT('Ctrl Pts',(-44.,2.5,-17.));
#6306=CARTESIAN_POINT('',(-44.,3.,-16.5));
#6307=CARTESIAN_POINT('',(-44.,2.5,-17.));
#6308=CARTESIAN_POINT('Origin',(-44.,2.5,-16.5));
#6309=CARTESIAN_POINT('',(-45.,2.5,-16.));
#6310=CARTESIAN_POINT('Origin',(-44.,2.5,-16.));
#6311=CARTESIAN_POINT('',(-44.5,3.,-16.));
#6312=CARTESIAN_POINT('Origin',(-44.5,2.5,-16.));
#6313=CARTESIAN_POINT('Origin',(-44.,3.,-16.));
#6314=CARTESIAN_POINT('Origin',(-44.,0.,-16.));
#6315=CARTESIAN_POINT('',(-44.,0.,-17.));
#6316=CARTESIAN_POINT('',(-45.,0.,-16.));
#6317=CARTESIAN_POINT('Origin',(-44.,0.,-16.));
#6318=CARTESIAN_POINT('',(-45.,0.,-16.));
#6319=CARTESIAN_POINT('',(-44.,0.,-17.));
#6320=CARTESIAN_POINT('Origin',(-22.5,0.,-8.5));
#6321=CARTESIAN_POINT('',(0.,0.,-17.));
#6322=CARTESIAN_POINT('',(-45.,0.,-17.));
#6323=CARTESIAN_POINT('Origin',(0.,0.,-17.));
#6324=CARTESIAN_POINT('',(-11.25,2.5,-17.));
#6325=CARTESIAN_POINT('Origin',(-11.25,2.5,-16.5));
#6326=CARTESIAN_POINT('',(11.25,3.,-16.5));
#6327=CARTESIAN_POINT('Origin',(-44.5,2.5,-12.75));
#6328=CARTESIAN_POINT('',(-45.,2.5,-12.75));
#6329=CARTESIAN_POINT('',(-44.5,3.,12.75));
#6330=CARTESIAN_POINT('Origin',(-45.,0.,-17.));
#6331=CARTESIAN_POINT('Origin',(-22.,6.,-8.));
#6332=CARTESIAN_POINT('',(-43.5,6.,-15.5));
#6333=CARTESIAN_POINT('',(11.,6.,-15.5));
#6334=CARTESIAN_POINT('',(-43.5,6.,12.));
#6335=CARTESIAN_POINT('Origin',(-43.5,5.5,-15.5));
#6336=CARTESIAN_POINT('',(-43.5,5.5,-16.));
#6337=CARTESIAN_POINT('Origin',(-43.5,5.5,-15.5));
#6338=CARTESIAN_POINT('',(-44.,5.5,-15.5));
#6339=CARTESIAN_POINT('Origin',(-43.5,5.5,-15.5));
#6340=CARTESIAN_POINT('Origin',(-43.5,5.5,-15.5));
#6341=CARTESIAN_POINT('Origin',(-43.5,3.,-15.5));
#6342=CARTESIAN_POINT('',(-43.5,3.,-16.));
#6343=CARTESIAN_POINT('',(-44.,3.,-15.5));
#6344=CARTESIAN_POINT('Origin',(-43.5,3.,-15.5));
#6345=CARTESIAN_POINT('',(-44.,3.,-15.5));
#6346=CARTESIAN_POINT('',(-43.5,3.,-16.));
#6347=CARTESIAN_POINT('Origin',(-43.5,5.5,-12.));
#6348=CARTESIAN_POINT('',(-44.,5.5,12.));
#6349=CARTESIAN_POINT('Origin',(-11.,5.5,-15.5));
#6350=CARTESIAN_POINT('',(-11.,5.5,-16.));
#6351=CARTESIAN_POINT('Origin',(0.,3.,-16.));
#6352=CARTESIAN_POINT('',(11.25,3.,-16.));
#6353=CARTESIAN_POINT('Origin',(-40.,5.5,-12.));
#6354=CARTESIAN_POINT('Origin',(-40.,5.5,-12.));
#6355=CARTESIAN_POINT('Origin',(-40.,5.5,-12.));
#6356=CARTESIAN_POINT('Origin',(-40.,5.5,-9.375));
#6357=CARTESIAN_POINT('Origin',(-10.125,5.5,-12.));
#6358=CARTESIAN_POINT('Origin',(-44.,3.,-16.));
#6359=CARTESIAN_POINT('',(-44.,3.,-12.25));
#6360=CARTESIAN_POINT('Origin',(-42.,3.,-14.));
#6361=CARTESIAN_POINT('Origin',(-22.5,3.,-8.5));
#6362=CARTESIAN_POINT('Origin',(-22.5,3.,-8.5));
#6363=UNCERTAINTY_MEASURE_WITH_UNIT(LENGTH_MEASURE(0.01),#6367,
'DISTANCE_ACCURACY_VALUE',
'Maximum model space distance between geometric entities at asserted c
onnectivities');
#6364=UNCERTAINTY_MEASURE_WITH_UNIT(LENGTH_MEASURE(0.01),#6367,
'DISTANCE_ACCURACY_VALUE',
'Maximum model space distance between geometric entities at asserted c
onnectivities');
#6365=(
GEOMETRIC_REPRESENTATION_CONTEXT(3)
GLOBAL_UNCERTAINTY_ASSIGNED_CONTEXT((#6363))
GLOBAL_UNIT_ASSIGNED_CONTEXT((#6367,#6369,#6370))
REPRESENTATION_CONTEXT('','3D')
);
#6366=(
GEOMETRIC_REPRESENTATION_CONTEXT(3)
GLOBAL_UNCERTAINTY_ASSIGNED_CONTEXT((#6364))
GLOBAL_UNIT_ASSIGNED_CONTEXT((#6367,#6369,#6370))
REPRESENTATION_CONTEXT('','3D')
);
#6367=(
LENGTH_UNIT()
NAMED_UNIT(*)
SI_UNIT(.MILLI.,.METRE.)
);
#6368=(
LENGTH_UNIT()
NAMED_UNIT(*)
SI_UNIT(.CENTI.,.METRE.)
);
#6369=(
NAMED_UNIT(*)
PLANE_ANGLE_UNIT()
SI_UNIT($,.RADIAN.)
);
#6370=(
NAMED_UNIT(*)
SI_UNIT($,.STERADIAN.)
SOLID_ANGLE_UNIT()
);
#6371=SHAPE_DEFINITION_REPRESENTATION(#6372,#6373);
#6372=PRODUCT_DEFINITION_SHAPE('',$,#6375);
#6373=SHAPE_REPRESENTATION('',(#3487),#6365);
#6374=PRODUCT_DEFINITION_CONTEXT('part definition',#6379,'design');
#6375=PRODUCT_DEFINITION('Collar lid v1','Collar lid v1',#6376,#6374);
#6376=PRODUCT_DEFINITION_FORMATION('',$,#6381);
#6377=PRODUCT_RELATED_PRODUCT_CATEGORY('Collar lid v1','Collar lid v1',
(#6381));
#6378=APPLICATION_PROTOCOL_DEFINITION('international standard',
'automotive_design',2009,#6379);
#6379=APPLICATION_CONTEXT(
'Core Data for Automotive Mechanical Design Process');
#6380=PRODUCT_CONTEXT('part definition',#6379,'mechanical');
#6381=PRODUCT('Collar lid v1','Collar lid v1',$,(#6380));
#6382=PRESENTATION_STYLE_ASSIGNMENT((#6383));
#6383=SURFACE_STYLE_USAGE(.BOTH.,#6386);
#6384=SURFACE_STYLE_RENDERING_WITH_PROPERTIES($,#6390,(#6385));
#6385=SURFACE_STYLE_TRANSPARENT(0.);
#6386=SURFACE_SIDE_STYLE('',(#6387,#6384));
#6387=SURFACE_STYLE_FILL_AREA(#6388);
#6388=FILL_AREA_STYLE('',(#6389));
#6389=FILL_AREA_STYLE_COLOUR('',#6390);
#6390=COLOUR_RGB('',0.749019607843137,0.749019607843137,0.749019607843137);
ENDSEC;
END-ISO-10303-21;
