ISO-10303-21;
HEADER;
/* Generated by software containing ST-Developer
 * from STEP Tools, Inc. (www.steptools.com) 
 */

FILE_DESCRIPTION(
/* description */ (''),
/* implementation_level */ '2;1');

FILE_NAME(
/* name */ 'DogCollarV1.stp',
/* time_stamp */ '2026-04-15T10:37:44+10:00',
/* author */ ('User'),
/* organization */ (''),
/* preprocessor_version */ 'ST-DEVELOPER v20.1',
/* originating_system */ 'Autodesk Inventor 2026',
/* authorisation */ '');

FILE_SCHEMA (('AUTOMOTIVE_DESIGN { 1 0 10303 214 3 1 1 }'));
ENDSEC;

DATA;
#10=MECHANICAL_DESIGN_GEOMETRIC_PRESENTATION_REPRESENTATION('',(#13),#4528);
#11=SHAPE_REPRESENTATION_RELATIONSHIP('SRR','None',#4535,#12);
#12=ADVANCED_BREP_SHAPE_REPRESENTATION('',(#14),#4527);
#13=STYLED_ITEM('',(#4544),#14);
#14=MANIFOLD_SOLID_BREP('Solid1',#2389);
#15=SPHERICAL_SURFACE('',#2523,1.);
#16=SPHERICAL_SURFACE('',#2529,1.);
#17=SPHERICAL_SURFACE('',#2551,0.5);
#18=SPHERICAL_SURFACE('',#2554,1.);
#19=SPHERICAL_SURFACE('',#2560,1.);
#20=SPHERICAL_SURFACE('',#2600,0.5);
#21=SPHERICAL_SURFACE('',#2605,1.);
#22=SPHERICAL_SURFACE('',#2611,1.);
#23=SPHERICAL_SURFACE('',#2642,0.5);
#24=SPHERICAL_SURFACE('',#2646,1.);
#25=SPHERICAL_SURFACE('',#2652,1.);
#26=SPHERICAL_SURFACE('',#2697,0.5);
#27=B_SPLINE_SURFACE_WITH_KNOTS('',3,3,((#3766,#3767,#3768,#3769,#3770,
#3771,#3772,#3773),(#3774,#3775,#3776,#3777,#3778,#3779,#3780,#3781),(#3782,
#3783,#3784,#3785,#3786,#3787,#3788,#3789),(#3790,#3791,#3792,#3793,#3794,
#3795,#3796,#3797),(#3798,#3799,#3800,#3801,#3802,#3803,#3804,#3805)),
 .UNSPECIFIED.,.F.,.F.,.F.,(4,1,4),(4,2,1,1,4),(0.,0.571428571428571,1.),
(-0.000776303738349398,0.,0.160846694573659,0.241270041860488,0.402116736434147),
 .UNSPECIFIED.);
#28=B_SPLINE_SURFACE_WITH_KNOTS('',3,3,((#3841,#3842,#3843,#3844,#3845,
#3846,#3847,#3848),(#3849,#3850,#3851,#3852,#3853,#3854,#3855,#3856),(#3857,
#3858,#3859,#3860,#3861,#3862,#3863,#3864),(#3865,#3866,#3867,#3868,#3869,
#3870,#3871,#3872),(#3873,#3874,#3875,#3876,#3877,#3878,#3879,#3880)),
 .UNSPECIFIED.,.F.,.F.,.F.,(4,1,4),(4,2,1,1,4),(0.,0.571428571428571,1.),
(-0.000739796088128396,0.,0.24130547602463,0.321740634699506,0.402175793374383),
 .UNSPECIFIED.);
#29=B_SPLINE_SURFACE_WITH_KNOTS('',3,3,((#3951,#3952,#3953,#3954,#3955,
#3956,#3957,#3958),(#3959,#3960,#3961,#3962,#3963,#3964,#3965,#3966),(#3967,
#3968,#3969,#3970,#3971,#3972,#3973,#3974),(#3975,#3976,#3977,#3978,#3979,
#3980,#3981,#3982),(#3983,#3984,#3985,#3986,#3987,#3988,#3989,#3990)),
 .UNSPECIFIED.,.F.,.F.,.F.,(4,1,4),(4,2,1,1,4),(0.,0.571428571428571,1.),
(-0.000739796088127845,0.,0.241305476024636,0.321740634699515,0.402175793374394),
 .UNSPECIFIED.);
#30=B_SPLINE_SURFACE_WITH_KNOTS('',3,3,((#4018,#4019,#4020,#4021,#4022,
#4023,#4024,#4025),(#4026,#4027,#4028,#4029,#4030,#4031,#4032,#4033),(#4034,
#4035,#4036,#4037,#4038,#4039,#4040,#4041),(#4042,#4043,#4044,#4045,#4046,
#4047,#4048,#4049),(#4050,#4051,#4052,#4053,#4054,#4055,#4056,#4057)),
 .UNSPECIFIED.,.F.,.F.,.F.,(4,1,4),(4,2,1,1,4),(0.,0.571428571428571,1.),
(-0.00077630373835048,0.,0.160846694573658,0.241270041860488,0.402116736434146),
 .UNSPECIFIED.);
#31=FACE_BOUND('',#304,.T.);
#32=FACE_BOUND('',#317,.T.);
#33=FACE_BOUND('',#318,.T.);
#34=FACE_BOUND('',#323,.T.);
#35=FACE_BOUND('',#324,.T.);
#36=FACE_BOUND('',#325,.T.);
#37=FACE_BOUND('',#433,.T.);
#38=FACE_BOUND('',#435,.T.);
#39=PLANE('',#2425);
#40=PLANE('',#2426);
#41=PLANE('',#2427);
#42=PLANE('',#2442);
#43=PLANE('',#2445);
#44=PLANE('',#2446);
#45=PLANE('',#2456);
#46=PLANE('',#2457);
#47=PLANE('',#2468);
#48=PLANE('',#2469);
#49=PLANE('',#2495);
#50=PLANE('',#2542);
#51=PLANE('',#2553);
#52=PLANE('',#2563);
#53=PLANE('',#2573);
#54=PLANE('',#2584);
#55=PLANE('',#2586);
#56=PLANE('',#2593);
#57=PLANE('',#2602);
#58=PLANE('',#2603);
#59=PLANE('',#2604);
#60=PLANE('',#2619);
#61=PLANE('',#2626);
#62=PLANE('',#2629);
#63=PLANE('',#2632);
#64=PLANE('',#2644);
#65=PLANE('',#2645);
#66=PLANE('',#2654);
#67=PLANE('',#2665);
#68=PLANE('',#2668);
#69=PLANE('',#2676);
#70=PLANE('',#2679);
#71=PLANE('',#2682);
#72=PLANE('',#2683);
#73=PLANE('',#2684);
#74=PLANE('',#2686);
#75=PLANE('',#2690);
#76=PLANE('',#2699);
#77=PLANE('',#2700);
#78=PLANE('',#2701);
#79=ELLIPSE('',#2424,1.41421356237309,1.);
#80=ELLIPSE('',#2448,1.41421356237309,1.);
#81=ELLIPSE('',#2451,0.707106781186546,0.5);
#82=ELLIPSE('',#2453,0.707106781186549,0.5);
#83=ELLIPSE('',#2494,1.41421356237309,1.);
#84=ELLIPSE('',#2541,1.41421356237309,1.);
#85=ELLIPSE('',#2544,1.4142135623731,1.);
#86=ELLIPSE('',#2545,1.41421356237309,1.);
#87=ELLIPSE('',#2547,1.41421356237309,1.);
#88=ELLIPSE('',#2549,1.41421356237309,1.);
#89=ELLIPSE('',#2550,1.4142135623731,1.);
#90=ELLIPSE('',#2565,1.41421356237309,1.);
#91=ELLIPSE('',#2571,0.707106781186546,0.5);
#92=ELLIPSE('',#2572,0.707106781186578,0.5);
#93=ELLIPSE('',#2588,1.4142135623731,1.);
#94=ELLIPSE('',#2591,1.41421356237309,1.);
#95=ELLIPSE('',#2595,1.4142135623731,1.);
#96=ELLIPSE('',#2597,1.41421356237309,1.);
#97=ELLIPSE('',#2616,0.707106781186551,0.5);
#98=ELLIPSE('',#2631,1.41421356237309,1.);
#99=ELLIPSE('',#2634,1.41421356237309,1.);
#100=ELLIPSE('',#2635,1.4142135623731,1.);
#101=ELLIPSE('',#2637,1.41421356237309,1.);
#102=ELLIPSE('',#2639,1.4142135623731,1.);
#103=ELLIPSE('',#2640,1.41421356237309,1.);
#104=ELLIPSE('',#2656,1.41421356237309,1.);
#105=ELLIPSE('',#2660,0.707106781186549,0.5);
#106=ELLIPSE('',#2688,1.4142135623731,1.);
#107=ELLIPSE('',#2693,1.4142135623731,1.);
#108=ELLIPSE('',#2695,1.41421356237309,1.);
#109=B_SPLINE_CURVE_WITH_KNOTS('',3,(#3473,#3474,#3475,#3476,#3477,#3478,
#3479,#3480,#3481,#3482,#3483,#3484),.UNSPECIFIED.,.F.,.F.,(4,2,2,2,2,4),
(0.,0.0382424275145531,0.0836504464587386,0.157077308433667,0.210983209282904,
0.211744895690344),.UNSPECIFIED.);
#110=B_SPLINE_CURVE_WITH_KNOTS('',3,(#3490,#3491,#3492,#3493,#3494,#3495),
 .UNSPECIFIED.,.F.,.F.,(4,2,4),(0.,0.10026121035994,0.119019620458794),
 .UNSPECIFIED.);
#111=B_SPLINE_CURVE_WITH_KNOTS('',3,(#3499,#3500,#3501,#3502,#3503,#3504),
 .UNSPECIFIED.,.F.,.F.,(4,2,4),(1.16632839229654,1.18508680239539,1.28534801275533),
 .UNSPECIFIED.);
#112=B_SPLINE_CURVE_WITH_KNOTS('',3,(#3510,#3511,#3512,#3513,#3514,#3515,
#3516,#3517,#3518,#3519,#3520,#3521),.UNSPECIFIED.,.F.,.F.,(4,2,2,2,2,4),
(-0.000777622638335294,0.,0.0550337362342813,0.12999685698331,0.176354916085028,
0.21539746310941),.UNSPECIFIED.);
#113=B_SPLINE_CURVE_WITH_KNOTS('',3,(#3577,#3578,#3579,#3580,#3581,#3582,
#3583,#3584,#3585,#3586,#3587,#3588),.UNSPECIFIED.,.F.,.F.,(4,2,2,2,2,4),
(0.,0.038242427514559,0.0836504464587609,0.157077308433722,0.21098320928289,
0.211744895690319),.UNSPECIFIED.);
#114=B_SPLINE_CURVE_WITH_KNOTS('',3,(#3594,#3595,#3596,#3597,#3598,#3599),
 .UNSPECIFIED.,.F.,.F.,(4,2,4),(0.,0.10026121035994,0.119019620458793),
 .UNSPECIFIED.);
#115=B_SPLINE_CURVE_WITH_KNOTS('',3,(#3603,#3604,#3605,#3606,#3607,#3608),
 .UNSPECIFIED.,.F.,.F.,(4,2,4),(1.16632839229654,1.18508680239539,1.28534801275533),
 .UNSPECIFIED.);
#116=B_SPLINE_CURVE_WITH_KNOTS('',3,(#3614,#3615,#3616,#3617,#3618,#3619,
#3620,#3621,#3622,#3623,#3624,#3625),.UNSPECIFIED.,.F.,.F.,(4,2,2,2,2,4),
(-0.000777622638345018,0.,0.055033736234872,0.129996856984562,0.17635491608669,
0.215397463111433),.UNSPECIFIED.);
#117=B_SPLINE_CURVE_WITH_KNOTS('',3,(#3689,#3690,#3691,#3692,#3693,#3694,
#3695,#3696,#3697,#3698,#3699,#3700),.UNSPECIFIED.,.F.,.F.,(4,2,2,2,2,4),
(-0.0826994560851588,-0.0559294250071873,-0.0303934150508917,-0.00745845452761254,
0.,0.00290689490324962),.UNSPECIFIED.);
#118=B_SPLINE_CURVE_WITH_KNOTS('',3,(#3702,#3703,#3704,#3705,#3706,#3707,
#3708,#3709,#3710,#3711,#3712,#3713),.UNSPECIFIED.,.F.,.F.,(4,2,2,2,2,4),
(-0.127958867467104,-0.126122972783538,-0.121412469834434,-0.106927538836539,
-0.0907998746182956,-0.073892845169429),.UNSPECIFIED.);
#119=B_SPLINE_CURVE_WITH_KNOTS('',3,(#3722,#3723,#3724,#3725,#3726,#3727,
#3728,#3729,#3730,#3731,#3732,#3733),.UNSPECIFIED.,.F.,.F.,(4,2,2,2,2,4),
(-0.0826851730392754,-0.0575192532241235,-0.0314392270346581,-0.00838858528960252,
0.,0.00290689490255806),.UNSPECIFIED.);
#120=B_SPLINE_CURVE_WITH_KNOTS('',3,(#3735,#3736,#3737,#3738,#3739,#3740,
#3741,#3742,#3743,#3744,#3745,#3746),.UNSPECIFIED.,.F.,.F.,(4,2,2,2,2,4),
(-0.127958867459479,-0.126122972808773,-0.12141246983815,-0.106927538836096,
-0.0907998746179521,-0.0738928451691608),.UNSPECIFIED.);
#121=B_SPLINE_CURVE_WITH_KNOTS('',3,(#3810,#3811,#3812,#3813,#3814,#3815,
#3816,#3817),.UNSPECIFIED.,.F.,.F.,(4,1,1,2,4),(-0.402116736434147,-0.241270041860488,
-0.160846694573659,0.,0.000776303738349398),.UNSPECIFIED.);
#122=B_SPLINE_CURVE_WITH_KNOTS('',3,(#3818,#3819,#3820,#3821,#3822,#3823,
#3824,#3825),.UNSPECIFIED.,.F.,.F.,(4,2,1,1,4),(-0.000776303738349398,0.,
0.160846694573659,0.241270041860488,0.402116736434147),.UNSPECIFIED.);
#123=B_SPLINE_CURVE_WITH_KNOTS('',3,(#3885,#3886,#3887,#3888,#3889,#3890,
#3891,#3892),.UNSPECIFIED.,.F.,.F.,(4,1,1,2,4),(-0.402175793374383,-0.321740634699506,
-0.24130547602463,0.,0.000739796088128396),.UNSPECIFIED.);
#124=B_SPLINE_CURVE_WITH_KNOTS('',3,(#3893,#3894,#3895,#3896,#3897,#3898,
#3899,#3900),.UNSPECIFIED.,.F.,.F.,(4,2,1,1,4),(-0.000739796088128396,0.,
0.24130547602463,0.321740634699506,0.402175793374383),.UNSPECIFIED.);
#125=B_SPLINE_CURVE_WITH_KNOTS('',3,(#3992,#3993,#3994,#3995,#3996,#3997,
#3998,#3999),.UNSPECIFIED.,.F.,.F.,(4,1,1,2,4),(-0.402175793374394,-0.321740634699515,
-0.241305476024636,0.,0.000739796088127845),.UNSPECIFIED.);
#126=B_SPLINE_CURVE_WITH_KNOTS('',3,(#4000,#4001,#4002,#4003,#4004,#4005,
#4006,#4007),.UNSPECIFIED.,.F.,.F.,(4,2,1,1,4),(-0.000739796088127845,0.,
0.241305476024636,0.321740634699515,0.402175793374394),.UNSPECIFIED.);
#127=B_SPLINE_CURVE_WITH_KNOTS('',3,(#4062,#4063,#4064,#4065,#4066,#4067,
#4068,#4069),.UNSPECIFIED.,.F.,.F.,(4,1,1,2,4),(-0.402116736434146,-0.241270041860488,
-0.160846694573658,0.,0.00077630373835048),.UNSPECIFIED.);
#128=B_SPLINE_CURVE_WITH_KNOTS('',3,(#4070,#4071,#4072,#4073,#4074,#4075,
#4076,#4077),.UNSPECIFIED.,.F.,.F.,(4,2,1,1,4),(-0.00077630373835048,0.,
0.160846694573658,0.241270041860488,0.402116736434146),.UNSPECIFIED.);
#129=B_SPLINE_CURVE_WITH_KNOTS('',3,(#4198,#4199,#4200,#4201,#4202,#4203,
#4204,#4205,#4206,#4207,#4208,#4209),.UNSPECIFIED.,.F.,.F.,(4,2,2,2,2,4),
(-0.127958867465339,-0.126122972782736,-0.121412469834608,-0.106927538836568,
-0.0907998746182997,-0.0738928451694175),.UNSPECIFIED.);
#130=B_SPLINE_CURVE_WITH_KNOTS('',3,(#4216,#4217,#4218,#4219,#4220,#4221,
#4222,#4223,#4224,#4225,#4226,#4227),.UNSPECIFIED.,.F.,.F.,(4,2,2,2,2,4),
(-0.0826796552614488,-0.0582818610623491,-0.0319431496344191,-0.0088274580916439,
0.,0.00290689490358589),.UNSPECIFIED.);
#131=B_SPLINE_CURVE_WITH_KNOTS('',3,(#4420,#4421,#4422,#4423,#4424,#4425,
#4426,#4427,#4428,#4429,#4430,#4431),.UNSPECIFIED.,.F.,.F.,(4,2,2,2,2,4),
(-0.128003183983906,-0.126165476713388,-0.120862304533859,-0.106289940088308,
-0.0898024318190902,-0.0738928116354106),.UNSPECIFIED.);
#132=B_SPLINE_CURVE_WITH_KNOTS('',3,(#4438,#4439,#4440,#4441,#4442,#4443,
#4444,#4445,#4446,#4447,#4448,#4449),.UNSPECIFIED.,.F.,.F.,(4,2,2,2,2,4),
(-0.0826994550322433,-0.0559294243080555,-0.0303934146892699,-0.00745845446230777,
0.,0.0029068948124208),.UNSPECIFIED.);
#133=TOROIDAL_SURFACE('',#2415,3.,2.);
#134=TOROIDAL_SURFACE('',#2419,3.,2.);
#135=TOROIDAL_SURFACE('',#2434,3.,2.);
#136=TOROIDAL_SURFACE('',#2438,3.,2.);
#137=TOROIDAL_SURFACE('',#2460,1.,0.5);
#138=TOROIDAL_SURFACE('',#2464,1.,0.5);
#139=TOROIDAL_SURFACE('',#2474,2.5,1.);
#140=TOROIDAL_SURFACE('',#2480,2.,1.);
#141=TOROIDAL_SURFACE('',#2485,2.5,1.);
#142=TOROIDAL_SURFACE('',#2491,2.,1.);
#143=TOROIDAL_SURFACE('',#2498,2.,1.);
#144=TOROIDAL_SURFACE('',#2503,2.5,1.);
#145=TOROIDAL_SURFACE('',#2512,2.5,1.);
#146=TOROIDAL_SURFACE('',#2518,2.,1.);
#147=TOROIDAL_SURFACE('',#2533,2.,0.5);
#148=TOROIDAL_SURFACE('',#2566,1.,0.5);
#149=TOROIDAL_SURFACE('',#2578,2.,0.5);
#150=TOROIDAL_SURFACE('',#2620,2.,0.5);
#151=TOROIDAL_SURFACE('',#2661,1.,0.5);
#152=TOROIDAL_SURFACE('',#2671,2.,0.5);
#153=FACE_OUTER_BOUND('',#297,.T.);
#154=FACE_OUTER_BOUND('',#298,.T.);
#155=FACE_OUTER_BOUND('',#299,.T.);
#156=FACE_OUTER_BOUND('',#300,.T.);
#157=FACE_OUTER_BOUND('',#301,.T.);
#158=FACE_OUTER_BOUND('',#302,.T.);
#159=FACE_OUTER_BOUND('',#303,.T.);
#160=FACE_OUTER_BOUND('',#305,.T.);
#161=FACE_OUTER_BOUND('',#306,.T.);
#162=FACE_OUTER_BOUND('',#307,.T.);
#163=FACE_OUTER_BOUND('',#308,.T.);
#164=FACE_OUTER_BOUND('',#309,.T.);
#165=FACE_OUTER_BOUND('',#310,.T.);
#166=FACE_OUTER_BOUND('',#311,.T.);
#167=FACE_OUTER_BOUND('',#312,.T.);
#168=FACE_OUTER_BOUND('',#313,.T.);
#169=FACE_OUTER_BOUND('',#314,.T.);
#170=FACE_OUTER_BOUND('',#315,.T.);
#171=FACE_OUTER_BOUND('',#316,.T.);
#172=FACE_OUTER_BOUND('',#319,.T.);
#173=FACE_OUTER_BOUND('',#320,.T.);
#174=FACE_OUTER_BOUND('',#321,.T.);
#175=FACE_OUTER_BOUND('',#322,.T.);
#176=FACE_OUTER_BOUND('',#326,.T.);
#177=FACE_OUTER_BOUND('',#327,.T.);
#178=FACE_OUTER_BOUND('',#328,.T.);
#179=FACE_OUTER_BOUND('',#329,.T.);
#180=FACE_OUTER_BOUND('',#330,.T.);
#181=FACE_OUTER_BOUND('',#331,.T.);
#182=FACE_OUTER_BOUND('',#332,.T.);
#183=FACE_OUTER_BOUND('',#333,.T.);
#184=FACE_OUTER_BOUND('',#334,.T.);
#185=FACE_OUTER_BOUND('',#335,.T.);
#186=FACE_OUTER_BOUND('',#336,.T.);
#187=FACE_OUTER_BOUND('',#337,.T.);
#188=FACE_OUTER_BOUND('',#338,.T.);
#189=FACE_OUTER_BOUND('',#339,.T.);
#190=FACE_OUTER_BOUND('',#340,.T.);
#191=FACE_OUTER_BOUND('',#341,.T.);
#192=FACE_OUTER_BOUND('',#342,.T.);
#193=FACE_OUTER_BOUND('',#343,.T.);
#194=FACE_OUTER_BOUND('',#344,.T.);
#195=FACE_OUTER_BOUND('',#345,.T.);
#196=FACE_OUTER_BOUND('',#346,.T.);
#197=FACE_OUTER_BOUND('',#347,.T.);
#198=FACE_OUTER_BOUND('',#348,.T.);
#199=FACE_OUTER_BOUND('',#349,.T.);
#200=FACE_OUTER_BOUND('',#350,.T.);
#201=FACE_OUTER_BOUND('',#351,.T.);
#202=FACE_OUTER_BOUND('',#352,.T.);
#203=FACE_OUTER_BOUND('',#353,.T.);
#204=FACE_OUTER_BOUND('',#354,.T.);
#205=FACE_OUTER_BOUND('',#355,.T.);
#206=FACE_OUTER_BOUND('',#356,.T.);
#207=FACE_OUTER_BOUND('',#357,.T.);
#208=FACE_OUTER_BOUND('',#358,.T.);
#209=FACE_OUTER_BOUND('',#359,.T.);
#210=FACE_OUTER_BOUND('',#360,.T.);
#211=FACE_OUTER_BOUND('',#361,.T.);
#212=FACE_OUTER_BOUND('',#362,.T.);
#213=FACE_OUTER_BOUND('',#363,.T.);
#214=FACE_OUTER_BOUND('',#364,.T.);
#215=FACE_OUTER_BOUND('',#365,.T.);
#216=FACE_OUTER_BOUND('',#366,.T.);
#217=FACE_OUTER_BOUND('',#367,.T.);
#218=FACE_OUTER_BOUND('',#368,.T.);
#219=FACE_OUTER_BOUND('',#369,.T.);
#220=FACE_OUTER_BOUND('',#370,.T.);
#221=FACE_OUTER_BOUND('',#371,.T.);
#222=FACE_OUTER_BOUND('',#372,.T.);
#223=FACE_OUTER_BOUND('',#373,.T.);
#224=FACE_OUTER_BOUND('',#374,.T.);
#225=FACE_OUTER_BOUND('',#375,.T.);
#226=FACE_OUTER_BOUND('',#376,.T.);
#227=FACE_OUTER_BOUND('',#377,.T.);
#228=FACE_OUTER_BOUND('',#378,.T.);
#229=FACE_OUTER_BOUND('',#379,.T.);
#230=FACE_OUTER_BOUND('',#380,.T.);
#231=FACE_OUTER_BOUND('',#381,.T.);
#232=FACE_OUTER_BOUND('',#382,.T.);
#233=FACE_OUTER_BOUND('',#383,.T.);
#234=FACE_OUTER_BOUND('',#384,.T.);
#235=FACE_OUTER_BOUND('',#385,.T.);
#236=FACE_OUTER_BOUND('',#386,.T.);
#237=FACE_OUTER_BOUND('',#387,.T.);
#238=FACE_OUTER_BOUND('',#388,.T.);
#239=FACE_OUTER_BOUND('',#389,.T.);
#240=FACE_OUTER_BOUND('',#390,.T.);
#241=FACE_OUTER_BOUND('',#391,.T.);
#242=FACE_OUTER_BOUND('',#392,.T.);
#243=FACE_OUTER_BOUND('',#393,.T.);
#244=FACE_OUTER_BOUND('',#394,.T.);
#245=FACE_OUTER_BOUND('',#395,.T.);
#246=FACE_OUTER_BOUND('',#396,.T.);
#247=FACE_OUTER_BOUND('',#397,.T.);
#248=FACE_OUTER_BOUND('',#398,.T.);
#249=FACE_OUTER_BOUND('',#399,.T.);
#250=FACE_OUTER_BOUND('',#400,.T.);
#251=FACE_OUTER_BOUND('',#401,.T.);
#252=FACE_OUTER_BOUND('',#402,.T.);
#253=FACE_OUTER_BOUND('',#403,.T.);
#254=FACE_OUTER_BOUND('',#404,.T.);
#255=FACE_OUTER_BOUND('',#405,.T.);
#256=FACE_OUTER_BOUND('',#406,.T.);
#257=FACE_OUTER_BOUND('',#407,.T.);
#258=FACE_OUTER_BOUND('',#408,.T.);
#259=FACE_OUTER_BOUND('',#409,.T.);
#260=FACE_OUTER_BOUND('',#410,.T.);
#261=FACE_OUTER_BOUND('',#411,.T.);
#262=FACE_OUTER_BOUND('',#412,.T.);
#263=FACE_OUTER_BOUND('',#413,.T.);
#264=FACE_OUTER_BOUND('',#414,.T.);
#265=FACE_OUTER_BOUND('',#415,.T.);
#266=FACE_OUTER_BOUND('',#416,.T.);
#267=FACE_OUTER_BOUND('',#417,.T.);
#268=FACE_OUTER_BOUND('',#418,.T.);
#269=FACE_OUTER_BOUND('',#419,.T.);
#270=FACE_OUTER_BOUND('',#420,.T.);
#271=FACE_OUTER_BOUND('',#421,.T.);
#272=FACE_OUTER_BOUND('',#422,.T.);
#273=FACE_OUTER_BOUND('',#423,.T.);
#274=FACE_OUTER_BOUND('',#424,.T.);
#275=FACE_OUTER_BOUND('',#425,.T.);
#276=FACE_OUTER_BOUND('',#426,.T.);
#277=FACE_OUTER_BOUND('',#427,.T.);
#278=FACE_OUTER_BOUND('',#428,.T.);
#279=FACE_OUTER_BOUND('',#429,.T.);
#280=FACE_OUTER_BOUND('',#430,.T.);
#281=FACE_OUTER_BOUND('',#431,.T.);
#282=FACE_OUTER_BOUND('',#432,.T.);
#283=FACE_OUTER_BOUND('',#434,.T.);
#284=FACE_OUTER_BOUND('',#436,.T.);
#285=FACE_OUTER_BOUND('',#437,.T.);
#286=FACE_OUTER_BOUND('',#438,.T.);
#287=FACE_OUTER_BOUND('',#439,.T.);
#288=FACE_OUTER_BOUND('',#440,.T.);
#289=FACE_OUTER_BOUND('',#441,.T.);
#290=FACE_OUTER_BOUND('',#442,.T.);
#291=FACE_OUTER_BOUND('',#443,.T.);
#292=FACE_OUTER_BOUND('',#444,.T.);
#293=FACE_OUTER_BOUND('',#445,.T.);
#294=FACE_OUTER_BOUND('',#446,.T.);
#295=FACE_OUTER_BOUND('',#447,.T.);
#296=FACE_OUTER_BOUND('',#448,.T.);
#297=EDGE_LOOP('',(#1477,#1478,#1479,#1480));
#298=EDGE_LOOP('',(#1481,#1482,#1483,#1484,#1485,#1486));
#299=EDGE_LOOP('',(#1487,#1488,#1489,#1490,#1491,#1492));
#300=EDGE_LOOP('',(#1493,#1494,#1495,#1496));
#301=EDGE_LOOP('',(#1497,#1498,#1499,#1500,#1501,#1502,#1503,#1504,#1505,
#1506,#1507,#1508));
#302=EDGE_LOOP('',(#1509,#1510,#1511,#1512));
#303=EDGE_LOOP('',(#1513,#1514,#1515,#1516,#1517,#1518,#1519,#1520));
#304=EDGE_LOOP('',(#1521));
#305=EDGE_LOOP('',(#1522,#1523,#1524,#1525));
#306=EDGE_LOOP('',(#1526,#1527,#1528,#1529,#1530,#1531));
#307=EDGE_LOOP('',(#1532,#1533,#1534,#1535,#1536,#1537));
#308=EDGE_LOOP('',(#1538,#1539,#1540,#1541,#1542,#1543,#1544,#1545));
#309=EDGE_LOOP('',(#1546,#1547,#1548,#1549,#1550,#1551,#1552,#1553));
#310=EDGE_LOOP('',(#1554,#1555,#1556,#1557));
#311=EDGE_LOOP('',(#1558,#1559,#1560,#1561));
#312=EDGE_LOOP('',(#1562,#1563,#1564,#1565));
#313=EDGE_LOOP('',(#1566,#1567,#1568,#1569));
#314=EDGE_LOOP('',(#1570,#1571,#1572,#1573));
#315=EDGE_LOOP('',(#1574,#1575,#1576,#1577));
#316=EDGE_LOOP('',(#1578,#1579,#1580,#1581,#1582,#1583));
#317=EDGE_LOOP('',(#1584));
#318=EDGE_LOOP('',(#1585));
#319=EDGE_LOOP('',(#1586,#1587,#1588,#1589,#1590));
#320=EDGE_LOOP('',(#1591,#1592,#1593,#1594,#1595));
#321=EDGE_LOOP('',(#1596,#1597,#1598,#1599));
#322=EDGE_LOOP('',(#1600,#1601,#1602,#1603));
#323=EDGE_LOOP('',(#1604));
#324=EDGE_LOOP('',(#1605));
#325=EDGE_LOOP('',(#1606));
#326=EDGE_LOOP('',(#1607,#1608,#1609));
#327=EDGE_LOOP('',(#1610,#1611,#1612,#1613));
#328=EDGE_LOOP('',(#1614,#1615,#1616,#1617));
#329=EDGE_LOOP('',(#1618,#1619,#1620,#1621));
#330=EDGE_LOOP('',(#1622,#1623,#1624,#1625,#1626));
#331=EDGE_LOOP('',(#1627,#1628,#1629));
#332=EDGE_LOOP('',(#1630,#1631,#1632,#1633));
#333=EDGE_LOOP('',(#1634,#1635,#1636,#1637));
#334=EDGE_LOOP('',(#1638,#1639,#1640,#1641));
#335=EDGE_LOOP('',(#1642,#1643,#1644,#1645));
#336=EDGE_LOOP('',(#1646,#1647,#1648,#1649,#1650,#1651,#1652,#1653,#1654,
#1655,#1656,#1657,#1658,#1659));
#337=EDGE_LOOP('',(#1660,#1661,#1662,#1663));
#338=EDGE_LOOP('',(#1664,#1665,#1666,#1667));
#339=EDGE_LOOP('',(#1668,#1669,#1670,#1671));
#340=EDGE_LOOP('',(#1672,#1673,#1674,#1675));
#341=EDGE_LOOP('',(#1676,#1677,#1678));
#342=EDGE_LOOP('',(#1679,#1680,#1681,#1682));
#343=EDGE_LOOP('',(#1683,#1684,#1685,#1686,#1687));
#344=EDGE_LOOP('',(#1688,#1689,#1690));
#345=EDGE_LOOP('',(#1691,#1692,#1693,#1694));
#346=EDGE_LOOP('',(#1695,#1696,#1697,#1698));
#347=EDGE_LOOP('',(#1699,#1700,#1701,#1702));
#348=EDGE_LOOP('',(#1703,#1704,#1705,#1706,#1707));
#349=EDGE_LOOP('',(#1708,#1709,#1710,#1711));
#350=EDGE_LOOP('',(#1712,#1713,#1714));
#351=EDGE_LOOP('',(#1715,#1716,#1717,#1718));
#352=EDGE_LOOP('',(#1719,#1720,#1721));
#353=EDGE_LOOP('',(#1722,#1723,#1724,#1725));
#354=EDGE_LOOP('',(#1726,#1727,#1728,#1729));
#355=EDGE_LOOP('',(#1730,#1731,#1732,#1733));
#356=EDGE_LOOP('',(#1734,#1735,#1736,#1737));
#357=EDGE_LOOP('',(#1738,#1739,#1740,#1741));
#358=EDGE_LOOP('',(#1742,#1743,#1744,#1745));
#359=EDGE_LOOP('',(#1746,#1747,#1748,#1749));
#360=EDGE_LOOP('',(#1750,#1751,#1752,#1753));
#361=EDGE_LOOP('',(#1754,#1755,#1756));
#362=EDGE_LOOP('',(#1757,#1758,#1759,#1760));
#363=EDGE_LOOP('',(#1761,#1762,#1763));
#364=EDGE_LOOP('',(#1764,#1765,#1766,#1767));
#365=EDGE_LOOP('',(#1768,#1769,#1770));
#366=EDGE_LOOP('',(#1771,#1772,#1773,#1774));
#367=EDGE_LOOP('',(#1775,#1776,#1777,#1778,#1779,#1780,#1781,#1782));
#368=EDGE_LOOP('',(#1783,#1784,#1785,#1786,#1787));
#369=EDGE_LOOP('',(#1788,#1789,#1790,#1791,#1792,#1793,#1794,#1795));
#370=EDGE_LOOP('',(#1796,#1797,#1798,#1799));
#371=EDGE_LOOP('',(#1800,#1801,#1802,#1803));
#372=EDGE_LOOP('',(#1804,#1805,#1806,#1807));
#373=EDGE_LOOP('',(#1808,#1809,#1810,#1811));
#374=EDGE_LOOP('',(#1812,#1813,#1814,#1815));
#375=EDGE_LOOP('',(#1816,#1817,#1818,#1819));
#376=EDGE_LOOP('',(#1820,#1821,#1822,#1823));
#377=EDGE_LOOP('',(#1824,#1825,#1826,#1827));
#378=EDGE_LOOP('',(#1828,#1829,#1830,#1831));
#379=EDGE_LOOP('',(#1832,#1833,#1834,#1835));
#380=EDGE_LOOP('',(#1836,#1837,#1838,#1839));
#381=EDGE_LOOP('',(#1840,#1841,#1842,#1843));
#382=EDGE_LOOP('',(#1844,#1845,#1846,#1847,#1848,#1849,#1850,#1851,#1852,
#1853,#1854,#1855,#1856,#1857));
#383=EDGE_LOOP('',(#1858,#1859,#1860,#1861));
#384=EDGE_LOOP('',(#1862,#1863,#1864,#1865));
#385=EDGE_LOOP('',(#1866,#1867,#1868,#1869));
#386=EDGE_LOOP('',(#1870,#1871,#1872,#1873,#1874,#1875,#1876,#1877));
#387=EDGE_LOOP('',(#1878,#1879,#1880));
#388=EDGE_LOOP('',(#1881,#1882,#1883,#1884));
#389=EDGE_LOOP('',(#1885,#1886,#1887,#1888));
#390=EDGE_LOOP('',(#1889,#1890,#1891,#1892));
#391=EDGE_LOOP('',(#1893,#1894,#1895));
#392=EDGE_LOOP('',(#1896,#1897,#1898,#1899));
#393=EDGE_LOOP('',(#1900,#1901,#1902));
#394=EDGE_LOOP('',(#1903,#1904,#1905,#1906,#1907,#1908));
#395=EDGE_LOOP('',(#1909,#1910,#1911,#1912,#1913,#1914,#1915,#1916));
#396=EDGE_LOOP('',(#1917,#1918,#1919,#1920));
#397=EDGE_LOOP('',(#1921,#1922,#1923,#1924));
#398=EDGE_LOOP('',(#1925,#1926,#1927,#1928));
#399=EDGE_LOOP('',(#1929,#1930,#1931,#1932));
#400=EDGE_LOOP('',(#1933,#1934,#1935,#1936));
#401=EDGE_LOOP('',(#1937,#1938,#1939,#1940));
#402=EDGE_LOOP('',(#1941,#1942,#1943,#1944,#1945,#1946,#1947,#1948));
#403=EDGE_LOOP('',(#1949,#1950,#1951,#1952));
#404=EDGE_LOOP('',(#1953,#1954,#1955,#1956));
#405=EDGE_LOOP('',(#1957,#1958,#1959,#1960));
#406=EDGE_LOOP('',(#1961,#1962,#1963,#1964));
#407=EDGE_LOOP('',(#1965,#1966,#1967,#1968));
#408=EDGE_LOOP('',(#1969,#1970,#1971,#1972));
#409=EDGE_LOOP('',(#1973,#1974,#1975));
#410=EDGE_LOOP('',(#1976,#1977,#1978,#1979));
#411=EDGE_LOOP('',(#1980,#1981,#1982,#1983));
#412=EDGE_LOOP('',(#1984,#1985,#1986));
#413=EDGE_LOOP('',(#1987,#1988,#1989,#1990));
#414=EDGE_LOOP('',(#1991,#1992,#1993));
#415=EDGE_LOOP('',(#1994,#1995,#1996,#1997));
#416=EDGE_LOOP('',(#1998,#1999,#2000,#2001,#2002,#2003,#2004,#2005));
#417=EDGE_LOOP('',(#2006,#2007,#2008,#2009,#2010,#2011));
#418=EDGE_LOOP('',(#2012,#2013,#2014,#2015,#2016,#2017,#2018,#2019));
#419=EDGE_LOOP('',(#2020,#2021,#2022,#2023,#2024));
#420=EDGE_LOOP('',(#2025,#2026,#2027,#2028,#2029,#2030,#2031,#2032));
#421=EDGE_LOOP('',(#2033,#2034,#2035,#2036));
#422=EDGE_LOOP('',(#2037,#2038,#2039,#2040));
#423=EDGE_LOOP('',(#2041,#2042,#2043,#2044));
#424=EDGE_LOOP('',(#2045,#2046,#2047,#2048));
#425=EDGE_LOOP('',(#2049,#2050,#2051,#2052));
#426=EDGE_LOOP('',(#2053,#2054,#2055,#2056));
#427=EDGE_LOOP('',(#2057,#2058,#2059,#2060));
#428=EDGE_LOOP('',(#2061,#2062,#2063,#2064));
#429=EDGE_LOOP('',(#2065,#2066,#2067,#2068));
#430=EDGE_LOOP('',(#2069,#2070,#2071,#2072,#2073));
#431=EDGE_LOOP('',(#2074,#2075,#2076,#2077,#2078,#2079,#2080,#2081));
#432=EDGE_LOOP('',(#2082,#2083,#2084,#2085,#2086,#2087,#2088,#2089));
#433=EDGE_LOOP('',(#2090,#2091,#2092,#2093,#2094,#2095,#2096,#2097));
#434=EDGE_LOOP('',(#2098,#2099,#2100,#2101,#2102,#2103,#2104,#2105));
#435=EDGE_LOOP('',(#2106,#2107,#2108,#2109,#2110,#2111,#2112,#2113));
#436=EDGE_LOOP('',(#2114,#2115,#2116,#2117));
#437=EDGE_LOOP('',(#2118,#2119,#2120,#2121));
#438=EDGE_LOOP('',(#2122,#2123,#2124,#2125));
#439=EDGE_LOOP('',(#2126,#2127,#2128,#2129));
#440=EDGE_LOOP('',(#2130,#2131,#2132,#2133,#2134,#2135,#2136,#2137,#2138,
#2139,#2140,#2141));
#441=EDGE_LOOP('',(#2142,#2143,#2144,#2145));
#442=EDGE_LOOP('',(#2146,#2147,#2148,#2149));
#443=EDGE_LOOP('',(#2150,#2151,#2152,#2153));
#444=EDGE_LOOP('',(#2154,#2155,#2156,#2157,#2158,#2159,#2160,#2161));
#445=EDGE_LOOP('',(#2162,#2163,#2164));
#446=EDGE_LOOP('',(#2165,#2166,#2167,#2168));
#447=EDGE_LOOP('',(#2169,#2170,#2171,#2172));
#448=EDGE_LOOP('',(#2173,#2174,#2175,#2176));
#449=LINE('',#3466,#625);
#450=LINE('',#3469,#626);
#451=LINE('',#3524,#627);
#452=LINE('',#3527,#628);
#453=LINE('',#3530,#629);
#454=LINE('',#3531,#630);
#455=LINE('',#3533,#631);
#456=LINE('',#3535,#632);
#457=LINE('',#3537,#633);
#458=LINE('',#3539,#634);
#459=LINE('',#3541,#635);
#460=LINE('',#3543,#636);
#461=LINE('',#3544,#637);
#462=LINE('',#3547,#638);
#463=LINE('',#3548,#639);
#464=LINE('',#3553,#640);
#465=LINE('',#3555,#641);
#466=LINE('',#3557,#642);
#467=LINE('',#3559,#643);
#468=LINE('',#3561,#644);
#469=LINE('',#3570,#645);
#470=LINE('',#3573,#646);
#471=LINE('',#3630,#647);
#472=LINE('',#3632,#648);
#473=LINE('',#3634,#649);
#474=LINE('',#3636,#650);
#475=LINE('',#3638,#651);
#476=LINE('',#3641,#652);
#477=LINE('',#3642,#653);
#478=LINE('',#3645,#654);
#479=LINE('',#3647,#655);
#480=LINE('',#3648,#656);
#481=LINE('',#3651,#657);
#482=LINE('',#3656,#658);
#483=LINE('',#3660,#659);
#484=LINE('',#3664,#660);
#485=LINE('',#3666,#661);
#486=LINE('',#3670,#662);
#487=LINE('',#3673,#663);
#488=LINE('',#3675,#664);
#489=LINE('',#3678,#665);
#490=LINE('',#3680,#666);
#491=LINE('',#3681,#667);
#492=LINE('',#3754,#668);
#493=LINE('',#3755,#669);
#494=LINE('',#3758,#670);
#495=LINE('',#3759,#671);
#496=LINE('',#3834,#672);
#497=LINE('',#3839,#673);
#498=LINE('',#3909,#674);
#499=LINE('',#3914,#675);
#500=LINE('',#3918,#676);
#501=LINE('',#3919,#677);
#502=LINE('',#3921,#678);
#503=LINE('',#3923,#679);
#504=LINE('',#3925,#680);
#505=LINE('',#3927,#681);
#506=LINE('',#3929,#682);
#507=LINE('',#3931,#683);
#508=LINE('',#3932,#684);
#509=LINE('',#3935,#685);
#510=LINE('',#3944,#686);
#511=LINE('',#4010,#687);
#512=LINE('',#4013,#688);
#513=LINE('',#4017,#689);
#514=LINE('',#4086,#690);
#515=LINE('',#4091,#691);
#516=LINE('',#4094,#692);
#517=LINE('',#4105,#693);
#518=LINE('',#4106,#694);
#519=LINE('',#4111,#695);
#520=LINE('',#4114,#696);
#521=LINE('',#4126,#697);
#522=LINE('',#4129,#698);
#523=LINE('',#4132,#699);
#524=LINE('',#4135,#700);
#525=LINE('',#4138,#701);
#526=LINE('',#4139,#702);
#527=LINE('',#4143,#703);
#528=LINE('',#4147,#704);
#529=LINE('',#4151,#705);
#530=LINE('',#4156,#706);
#531=LINE('',#4160,#707);
#532=LINE('',#4166,#708);
#533=LINE('',#4167,#709);
#534=LINE('',#4179,#710);
#535=LINE('',#4180,#711);
#536=LINE('',#4186,#712);
#537=LINE('',#4187,#713);
#538=LINE('',#4189,#714);
#539=LINE('',#4191,#715);
#540=LINE('',#4194,#716);
#541=LINE('',#4229,#717);
#542=LINE('',#4234,#718);
#543=LINE('',#4235,#719);
#544=LINE('',#4239,#720);
#545=LINE('',#4242,#721);
#546=LINE('',#4244,#722);
#547=LINE('',#4254,#723);
#548=LINE('',#4257,#724);
#549=LINE('',#4259,#725);
#550=LINE('',#4261,#726);
#551=LINE('',#4262,#727);
#552=LINE('',#4264,#728);
#553=LINE('',#4267,#729);
#554=LINE('',#4270,#730);
#555=LINE('',#4272,#731);
#556=LINE('',#4273,#732);
#557=LINE('',#4277,#733);
#558=LINE('',#4279,#734);
#559=LINE('',#4281,#735);
#560=LINE('',#4283,#736);
#561=LINE('',#4285,#737);
#562=LINE('',#4286,#738);
#563=LINE('',#4287,#739);
#564=LINE('',#4290,#740);
#565=LINE('',#4294,#741);
#566=LINE('',#4297,#742);
#567=LINE('',#4299,#743);
#568=LINE('',#4304,#744);
#569=LINE('',#4305,#745);
#570=LINE('',#4318,#746);
#571=LINE('',#4319,#747);
#572=LINE('',#4324,#748);
#573=LINE('',#4325,#749);
#574=LINE('',#4327,#750);
#575=LINE('',#4328,#751);
#576=LINE('',#4332,#752);
#577=LINE('',#4335,#753);
#578=LINE('',#4337,#754);
#579=LINE('',#4348,#755);
#580=LINE('',#4349,#756);
#581=LINE('',#4352,#757);
#582=LINE('',#4353,#758);
#583=LINE('',#4357,#759);
#584=LINE('',#4359,#760);
#585=LINE('',#4360,#761);
#586=LINE('',#4364,#762);
#587=LINE('',#4367,#763);
#588=LINE('',#4368,#764);
#589=LINE('',#4373,#765);
#590=LINE('',#4381,#766);
#591=LINE('',#4388,#767);
#592=LINE('',#4389,#768);
#593=LINE('',#4400,#769);
#594=LINE('',#4401,#770);
#595=LINE('',#4405,#771);
#596=LINE('',#4406,#772);
#597=LINE('',#4410,#773);
#598=LINE('',#4412,#774);
#599=LINE('',#4413,#775);
#600=LINE('',#4416,#776);
#601=LINE('',#4451,#777);
#602=LINE('',#4454,#778);
#603=LINE('',#4455,#779);
#604=LINE('',#4458,#780);
#605=LINE('',#4461,#781);
#606=LINE('',#4464,#782);
#607=LINE('',#4467,#783);
#608=LINE('',#4475,#784);
#609=LINE('',#4476,#785);
#610=LINE('',#4479,#786);
#611=LINE('',#4480,#787);
#612=LINE('',#4483,#788);
#613=LINE('',#4486,#789);
#614=LINE('',#4490,#790);
#615=LINE('',#4492,#791);
#616=LINE('',#4496,#792);
#617=LINE('',#4498,#793);
#618=LINE('',#4501,#794);
#619=LINE('',#4504,#795);
#620=LINE('',#4509,#796);
#621=LINE('',#4514,#797);
#622=LINE('',#4516,#798);
#623=LINE('',#4521,#799);
#624=LINE('',#4522,#800);
#625=VECTOR('',#2708,10.);
#626=VECTOR('',#2711,10.);
#627=VECTOR('',#2730,10.);
#628=VECTOR('',#2733,10.);
#629=VECTOR('',#2736,10.);
#630=VECTOR('',#2737,10.);
#631=VECTOR('',#2738,10.);
#632=VECTOR('',#2739,10.);
#633=VECTOR('',#2740,10.);
#634=VECTOR('',#2741,10.);
#635=VECTOR('',#2742,10.);
#636=VECTOR('',#2743,10.);
#637=VECTOR('',#2744,10.);
#638=VECTOR('',#2747,10.);
#639=VECTOR('',#2748,10.);
#640=VECTOR('',#2753,10.);
#641=VECTOR('',#2754,10.);
#642=VECTOR('',#2755,10.);
#643=VECTOR('',#2756,10.);
#644=VECTOR('',#2757,10.);
#645=VECTOR('',#2766,10.);
#646=VECTOR('',#2769,10.);
#647=VECTOR('',#2790,10.);
#648=VECTOR('',#2791,10.);
#649=VECTOR('',#2792,10.);
#650=VECTOR('',#2793,10.);
#651=VECTOR('',#2794,10.);
#652=VECTOR('',#2799,10.);
#653=VECTOR('',#2800,10.);
#654=VECTOR('',#2803,10.);
#655=VECTOR('',#2804,10.);
#656=VECTOR('',#2805,10.);
#657=VECTOR('',#2808,10.);
#658=VECTOR('',#2813,10.);
#659=VECTOR('',#2816,10.);
#660=VECTOR('',#2821,10.);
#661=VECTOR('',#2822,10.);
#662=VECTOR('',#2827,10.);
#663=VECTOR('',#2830,10.);
#664=VECTOR('',#2833,10.);
#665=VECTOR('',#2836,10.);
#666=VECTOR('',#2837,10.);
#667=VECTOR('',#2838,10.);
#668=VECTOR('',#2861,10.);
#669=VECTOR('',#2862,10.);
#670=VECTOR('',#2865,10.);
#671=VECTOR('',#2866,10.);
#672=VECTOR('',#2887,10.);
#673=VECTOR('',#2894,10.);
#674=VECTOR('',#2911,10.);
#675=VECTOR('',#2918,10.);
#676=VECTOR('',#2923,10.);
#677=VECTOR('',#2924,10.);
#678=VECTOR('',#2925,10.);
#679=VECTOR('',#2926,10.);
#680=VECTOR('',#2927,10.);
#681=VECTOR('',#2928,10.);
#682=VECTOR('',#2929,10.);
#683=VECTOR('',#2930,10.);
#684=VECTOR('',#2931,10.);
#685=VECTOR('',#2934,10.);
#686=VECTOR('',#2947,10.);
#687=VECTOR('',#2958,10.);
#688=VECTOR('',#2961,10.);
#689=VECTOR('',#2966,10.);
#690=VECTOR('',#2981,10.);
#691=VECTOR('',#2988,10.);
#692=VECTOR('',#2993,3.5);
#693=VECTOR('',#3006,10.);
#694=VECTOR('',#3007,10.);
#695=VECTOR('',#3014,10.);
#696=VECTOR('',#3017,10.);
#697=VECTOR('',#3030,10.);
#698=VECTOR('',#3033,10.);
#699=VECTOR('',#3036,10.);
#700=VECTOR('',#3039,10.);
#701=VECTOR('',#3042,10.);
#702=VECTOR('',#3043,10.);
#703=VECTOR('',#3046,10.);
#704=VECTOR('',#3049,10.);
#705=VECTOR('',#3054,10.);
#706=VECTOR('',#3059,10.);
#707=VECTOR('',#3062,10.);
#708=VECTOR('',#3071,10.);
#709=VECTOR('',#3072,10.);
#710=VECTOR('',#3085,10.);
#711=VECTOR('',#3086,10.);
#712=VECTOR('',#3095,10.);
#713=VECTOR('',#3096,10.);
#714=VECTOR('',#3099,10.);
#715=VECTOR('',#3100,10.);
#716=VECTOR('',#3103,10.);
#717=VECTOR('',#3114,10.);
#718=VECTOR('',#3121,10.);
#719=VECTOR('',#3122,10.);
#720=VECTOR('',#3127,10.);
#721=VECTOR('',#3130,10.);
#722=VECTOR('',#3131,10.);
#723=VECTOR('',#3144,10.);
#724=VECTOR('',#3147,10.);
#725=VECTOR('',#3150,10.);
#726=VECTOR('',#3153,10.);
#727=VECTOR('',#3154,10.);
#728=VECTOR('',#3157,10.);
#729=VECTOR('',#3160,10.);
#730=VECTOR('',#3163,10.);
#731=VECTOR('',#3166,10.);
#732=VECTOR('',#3167,10.);
#733=VECTOR('',#3172,10.);
#734=VECTOR('',#3175,10.);
#735=VECTOR('',#3178,10.);
#736=VECTOR('',#3179,10.);
#737=VECTOR('',#3180,10.);
#738=VECTOR('',#3181,10.);
#739=VECTOR('',#3182,10.);
#740=VECTOR('',#3185,10.);
#741=VECTOR('',#3190,10.);
#742=VECTOR('',#3195,10.);
#743=VECTOR('',#3198,10.);
#744=VECTOR('',#3205,10.);
#745=VECTOR('',#3206,10.);
#746=VECTOR('',#3223,10.);
#747=VECTOR('',#3224,10.);
#748=VECTOR('',#3233,10.);
#749=VECTOR('',#3234,10.);
#750=VECTOR('',#3237,10.);
#751=VECTOR('',#3238,10.);
#752=VECTOR('',#3243,10.);
#753=VECTOR('',#3246,10.);
#754=VECTOR('',#3249,10.);
#755=VECTOR('',#3262,10.);
#756=VECTOR('',#3263,10.);
#757=VECTOR('',#3266,10.);
#758=VECTOR('',#3267,10.);
#759=VECTOR('',#3272,10.);
#760=VECTOR('',#3275,10.);
#761=VECTOR('',#3276,10.);
#762=VECTOR('',#3281,10.);
#763=VECTOR('',#3284,10.);
#764=VECTOR('',#3285,10.);
#765=VECTOR('',#3290,10.);
#766=VECTOR('',#3301,10.);
#767=VECTOR('',#3312,10.);
#768=VECTOR('',#3313,10.);
#769=VECTOR('',#3328,10.);
#770=VECTOR('',#3329,10.);
#771=VECTOR('',#3336,10.);
#772=VECTOR('',#3337,10.);
#773=VECTOR('',#3342,10.);
#774=VECTOR('',#3345,10.);
#775=VECTOR('',#3346,10.);
#776=VECTOR('',#3349,10.);
#777=VECTOR('',#3362,10.);
#778=VECTOR('',#3365,10.);
#779=VECTOR('',#3366,10.);
#780=VECTOR('',#3369,10.);
#781=VECTOR('',#3374,10.);
#782=VECTOR('',#3377,10.);
#783=VECTOR('',#3380,10.);
#784=VECTOR('',#3391,10.);
#785=VECTOR('',#3392,10.);
#786=VECTOR('',#3395,10.);
#787=VECTOR('',#3396,10.);
#788=VECTOR('',#3399,10.);
#789=VECTOR('',#3404,10.);
#790=VECTOR('',#3409,10.);
#791=VECTOR('',#3412,10.);
#792=VECTOR('',#3419,10.);
#793=VECTOR('',#3422,10.);
#794=VECTOR('',#3425,10.);
#795=VECTOR('',#3430,10.);
#796=VECTOR('',#3437,10.);
#797=VECTOR('',#3444,10.);
#798=VECTOR('',#3447,10.);
#799=VECTOR('',#3454,10.);
#800=VECTOR('',#3455,10.);
#801=CIRCLE('',#2413,2.);
#802=CIRCLE('',#2414,2.);
#803=CIRCLE('',#2416,3.);
#804=CIRCLE('',#2417,3.);
#805=CIRCLE('',#2418,0.999999999999999);
#806=CIRCLE('',#2420,0.999999999999996);
#807=CIRCLE('',#2421,3.);
#808=CIRCLE('',#2422,3.);
#809=CIRCLE('',#2428,2.);
#810=CIRCLE('',#2429,2.);
#811=CIRCLE('',#2430,3.5);
#812=CIRCLE('',#2432,2.);
#813=CIRCLE('',#2433,2.);
#814=CIRCLE('',#2435,3.);
#815=CIRCLE('',#2436,3.);
#816=CIRCLE('',#2437,1.00000000000001);
#817=CIRCLE('',#2439,0.999999999999996);
#818=CIRCLE('',#2440,3.);
#819=CIRCLE('',#2441,3.);
#820=CIRCLE('',#2443,2.);
#821=CIRCLE('',#2444,2.);
#822=CIRCLE('',#2450,0.5);
#823=CIRCLE('',#2455,0.5);
#824=CIRCLE('',#2458,0.5);
#825=CIRCLE('',#2459,0.5);
#826=CIRCLE('',#2461,0.5);
#827=CIRCLE('',#2462,1.5);
#828=CIRCLE('',#2463,0.500000000000007);
#829=CIRCLE('',#2465,0.500000000000007);
#830=CIRCLE('',#2466,1.5);
#831=CIRCLE('',#2467,0.5);
#832=CIRCLE('',#2470,0.5);
#833=CIRCLE('',#2471,0.5);
#834=CIRCLE('',#2472,3.5);
#835=CIRCLE('',#2473,0.999999999999999);
#836=CIRCLE('',#2475,0.999999999999996);
#837=CIRCLE('',#2476,2.5);
#838=CIRCLE('',#2477,1.5);
#839=CIRCLE('',#2479,0.999999999999996);
#840=CIRCLE('',#2481,1.);
#841=CIRCLE('',#2483,1.5);
#842=CIRCLE('',#2484,1.);
#843=CIRCLE('',#2486,1.);
#844=CIRCLE('',#2487,1.5);
#845=CIRCLE('',#2488,2.5);
#846=CIRCLE('',#2490,1.);
#847=CIRCLE('',#2492,1.);
#848=CIRCLE('',#2497,1.);
#849=CIRCLE('',#2499,0.999999999999996);
#850=CIRCLE('',#2500,1.);
#851=CIRCLE('',#2502,0.999999999999988);
#852=CIRCLE('',#2504,0.999999999999994);
#853=CIRCLE('',#2505,2.5);
#854=CIRCLE('',#2506,1.5);
#855=CIRCLE('',#2508,1.);
#856=CIRCLE('',#2510,1.5);
#857=CIRCLE('',#2511,0.999999999999998);
#858=CIRCLE('',#2513,0.999999999999996);
#859=CIRCLE('',#2514,2.5);
#860=CIRCLE('',#2515,1.5);
#861=CIRCLE('',#2517,0.999999999999996);
#862=CIRCLE('',#2519,1.);
#863=CIRCLE('',#2521,1.5);
#864=CIRCLE('',#2524,0.999999999999996);
#865=CIRCLE('',#2525,1.);
#866=CIRCLE('',#2526,1.);
#867=CIRCLE('',#2528,0.999999999999996);
#868=CIRCLE('',#2530,1.);
#869=CIRCLE('',#2532,1.5);
#870=CIRCLE('',#2534,0.5);
#871=CIRCLE('',#2535,2.);
#872=CIRCLE('',#2536,0.499999999999998);
#873=CIRCLE('',#2537,1.5);
#874=CIRCLE('',#2539,1.5);
#875=CIRCLE('',#2552,0.5);
#876=CIRCLE('',#2555,0.999999999999996);
#877=CIRCLE('',#2556,1.);
#878=CIRCLE('',#2557,1.);
#879=CIRCLE('',#2559,0.999999999999996);
#880=CIRCLE('',#2561,1.);
#881=CIRCLE('',#2562,1.);
#882=CIRCLE('',#2567,0.500000000000007);
#883=CIRCLE('',#2568,1.5);
#884=CIRCLE('',#2569,0.5);
#885=CIRCLE('',#2575,1.5);
#886=CIRCLE('',#2577,0.499999999999998);
#887=CIRCLE('',#2579,0.5);
#888=CIRCLE('',#2580,1.5);
#889=CIRCLE('',#2581,2.);
#890=CIRCLE('',#2583,1.5);
#891=CIRCLE('',#2601,0.5);
#892=CIRCLE('',#2606,0.999999999999996);
#893=CIRCLE('',#2607,1.);
#894=CIRCLE('',#2608,1.);
#895=CIRCLE('',#2610,0.999999999999996);
#896=CIRCLE('',#2612,1.);
#897=CIRCLE('',#2613,1.);
#898=CIRCLE('',#2618,1.5);
#899=CIRCLE('',#2621,0.5);
#900=CIRCLE('',#2622,1.5);
#901=CIRCLE('',#2623,0.499999999999998);
#902=CIRCLE('',#2624,2.);
#903=CIRCLE('',#2628,1.5);
#904=CIRCLE('',#2643,0.5);
#905=CIRCLE('',#2647,0.999999999999996);
#906=CIRCLE('',#2648,1.);
#907=CIRCLE('',#2649,1.);
#908=CIRCLE('',#2651,0.999999999999996);
#909=CIRCLE('',#2653,1.);
#910=CIRCLE('',#2659,0.5);
#911=CIRCLE('',#2662,1.5);
#912=CIRCLE('',#2663,0.500000000000007);
#913=CIRCLE('',#2667,1.5);
#914=CIRCLE('',#2670,0.499999999999998);
#915=CIRCLE('',#2672,0.5);
#916=CIRCLE('',#2673,2.);
#917=CIRCLE('',#2674,1.5);
#918=CIRCLE('',#2678,1.5);
#919=CIRCLE('',#2681,1.5);
#920=CIRCLE('',#2698,0.5);
#921=VERTEX_POINT('',#3462);
#922=VERTEX_POINT('',#3463);
#923=VERTEX_POINT('',#3465);
#924=VERTEX_POINT('',#3467);
#925=VERTEX_POINT('',#3471);
#926=VERTEX_POINT('',#3472);
#927=VERTEX_POINT('',#3485);
#928=VERTEX_POINT('',#3488);
#929=VERTEX_POINT('',#3497);
#930=VERTEX_POINT('',#3498);
#931=VERTEX_POINT('',#3506);
#932=VERTEX_POINT('',#3508);
#933=VERTEX_POINT('',#3523);
#934=VERTEX_POINT('',#3525);
#935=VERTEX_POINT('',#3529);
#936=VERTEX_POINT('',#3532);
#937=VERTEX_POINT('',#3534);
#938=VERTEX_POINT('',#3536);
#939=VERTEX_POINT('',#3538);
#940=VERTEX_POINT('',#3540);
#941=VERTEX_POINT('',#3542);
#942=VERTEX_POINT('',#3546);
#943=VERTEX_POINT('',#3550);
#944=VERTEX_POINT('',#3552);
#945=VERTEX_POINT('',#3554);
#946=VERTEX_POINT('',#3556);
#947=VERTEX_POINT('',#3558);
#948=VERTEX_POINT('',#3560);
#949=VERTEX_POINT('',#3563);
#950=VERTEX_POINT('',#3566);
#951=VERTEX_POINT('',#3567);
#952=VERTEX_POINT('',#3569);
#953=VERTEX_POINT('',#3571);
#954=VERTEX_POINT('',#3575);
#955=VERTEX_POINT('',#3576);
#956=VERTEX_POINT('',#3589);
#957=VERTEX_POINT('',#3592);
#958=VERTEX_POINT('',#3601);
#959=VERTEX_POINT('',#3602);
#960=VERTEX_POINT('',#3610);
#961=VERTEX_POINT('',#3612);
#962=VERTEX_POINT('',#3627);
#963=VERTEX_POINT('',#3629);
#964=VERTEX_POINT('',#3631);
#965=VERTEX_POINT('',#3633);
#966=VERTEX_POINT('',#3635);
#967=VERTEX_POINT('',#3637);
#968=VERTEX_POINT('',#3644);
#969=VERTEX_POINT('',#3646);
#970=VERTEX_POINT('',#3650);
#971=VERTEX_POINT('',#3654);
#972=VERTEX_POINT('',#3655);
#973=VERTEX_POINT('',#3657);
#974=VERTEX_POINT('',#3659);
#975=VERTEX_POINT('',#3663);
#976=VERTEX_POINT('',#3665);
#977=VERTEX_POINT('',#3669);
#978=VERTEX_POINT('',#3671);
#979=VERTEX_POINT('',#3677);
#980=VERTEX_POINT('',#3679);
#981=VERTEX_POINT('',#3682);
#982=VERTEX_POINT('',#3684);
#983=VERTEX_POINT('',#3687);
#984=VERTEX_POINT('',#3688);
#985=VERTEX_POINT('',#3701);
#986=VERTEX_POINT('',#3714);
#987=VERTEX_POINT('',#3716);
#988=VERTEX_POINT('',#3720);
#989=VERTEX_POINT('',#3721);
#990=VERTEX_POINT('',#3734);
#991=VERTEX_POINT('',#3747);
#992=VERTEX_POINT('',#3749);
#993=VERTEX_POINT('',#3753);
#994=VERTEX_POINT('',#3757);
#995=VERTEX_POINT('',#3760);
#996=VERTEX_POINT('',#3762);
#997=VERTEX_POINT('',#3764);
#998=VERTEX_POINT('',#3806);
#999=VERTEX_POINT('',#3807);
#1000=VERTEX_POINT('',#3809);
#1001=VERTEX_POINT('',#3827);
#1002=VERTEX_POINT('',#3832);
#1003=VERTEX_POINT('',#3838);
#1004=VERTEX_POINT('',#3881);
#1005=VERTEX_POINT('',#3882);
#1006=VERTEX_POINT('',#3884);
#1007=VERTEX_POINT('',#3902);
#1008=VERTEX_POINT('',#3907);
#1009=VERTEX_POINT('',#3913);
#1010=VERTEX_POINT('',#3917);
#1011=VERTEX_POINT('',#3920);
#1012=VERTEX_POINT('',#3922);
#1013=VERTEX_POINT('',#3924);
#1014=VERTEX_POINT('',#3926);
#1015=VERTEX_POINT('',#3928);
#1016=VERTEX_POINT('',#3930);
#1017=VERTEX_POINT('',#3934);
#1018=VERTEX_POINT('',#3938);
#1019=VERTEX_POINT('',#3942);
#1020=VERTEX_POINT('',#3946);
#1021=VERTEX_POINT('',#3947);
#1022=VERTEX_POINT('',#3991);
#1023=VERTEX_POINT('',#4009);
#1024=VERTEX_POINT('',#4011);
#1025=VERTEX_POINT('',#4015);
#1026=VERTEX_POINT('',#4058);
#1027=VERTEX_POINT('',#4059);
#1028=VERTEX_POINT('',#4061);
#1029=VERTEX_POINT('',#4079);
#1030=VERTEX_POINT('',#4084);
#1031=VERTEX_POINT('',#4090);
#1032=VERTEX_POINT('',#4096);
#1033=VERTEX_POINT('',#4097);
#1034=VERTEX_POINT('',#4099);
#1035=VERTEX_POINT('',#4103);
#1036=VERTEX_POINT('',#4110);
#1037=VERTEX_POINT('',#4112);
#1038=VERTEX_POINT('',#4116);
#1039=VERTEX_POINT('',#4117);
#1040=VERTEX_POINT('',#4119);
#1041=VERTEX_POINT('',#4121);
#1042=VERTEX_POINT('',#4125);
#1043=VERTEX_POINT('',#4127);
#1044=VERTEX_POINT('',#4131);
#1045=VERTEX_POINT('',#4133);
#1046=VERTEX_POINT('',#4137);
#1047=VERTEX_POINT('',#4141);
#1048=VERTEX_POINT('',#4142);
#1049=VERTEX_POINT('',#4144);
#1050=VERTEX_POINT('',#4146);
#1051=VERTEX_POINT('',#4150);
#1052=VERTEX_POINT('',#4154);
#1053=VERTEX_POINT('',#4155);
#1054=VERTEX_POINT('',#4157);
#1055=VERTEX_POINT('',#4159);
#1056=VERTEX_POINT('',#4163);
#1057=VERTEX_POINT('',#4169);
#1058=VERTEX_POINT('',#4170);
#1059=VERTEX_POINT('',#4172);
#1060=VERTEX_POINT('',#4176);
#1061=VERTEX_POINT('',#4177);
#1062=VERTEX_POINT('',#4182);
#1063=VERTEX_POINT('',#4190);
#1064=VERTEX_POINT('',#4192);
#1065=VERTEX_POINT('',#4196);
#1066=VERTEX_POINT('',#4197);
#1067=VERTEX_POINT('',#4210);
#1068=VERTEX_POINT('',#4212);
#1069=VERTEX_POINT('',#4214);
#1070=VERTEX_POINT('',#4233);
#1071=VERTEX_POINT('',#4237);
#1072=VERTEX_POINT('',#4241);
#1073=VERTEX_POINT('',#4243);
#1074=VERTEX_POINT('',#4247);
#1075=VERTEX_POINT('',#4248);
#1076=VERTEX_POINT('',#4253);
#1077=VERTEX_POINT('',#4255);
#1078=VERTEX_POINT('',#4266);
#1079=VERTEX_POINT('',#4268);
#1080=VERTEX_POINT('',#4275);
#1081=VERTEX_POINT('',#4282);
#1082=VERTEX_POINT('',#4284);
#1083=VERTEX_POINT('',#4289);
#1084=VERTEX_POINT('',#4293);
#1085=VERTEX_POINT('',#4301);
#1086=VERTEX_POINT('',#4309);
#1087=VERTEX_POINT('',#4310);
#1088=VERTEX_POINT('',#4315);
#1089=VERTEX_POINT('',#4316);
#1090=VERTEX_POINT('',#4331);
#1091=VERTEX_POINT('',#4333);
#1092=VERTEX_POINT('',#4339);
#1093=VERTEX_POINT('',#4340);
#1094=VERTEX_POINT('',#4342);
#1095=VERTEX_POINT('',#4344);
#1096=VERTEX_POINT('',#4351);
#1097=VERTEX_POINT('',#4355);
#1098=VERTEX_POINT('',#4362);
#1099=VERTEX_POINT('',#4366);
#1100=VERTEX_POINT('',#4370);
#1101=VERTEX_POINT('',#4372);
#1102=VERTEX_POINT('',#4378);
#1103=VERTEX_POINT('',#4380);
#1104=VERTEX_POINT('',#4385);
#1105=VERTEX_POINT('',#4392);
#1106=VERTEX_POINT('',#4393);
#1107=VERTEX_POINT('',#4398);
#1108=VERTEX_POINT('',#4408);
#1109=VERTEX_POINT('',#4415);
#1110=VERTEX_POINT('',#4417);
#1111=VERTEX_POINT('',#4419);
#1112=VERTEX_POINT('',#4434);
#1113=VERTEX_POINT('',#4436);
#1114=VERTEX_POINT('',#4453);
#1115=VERTEX_POINT('',#4457);
#1116=VERTEX_POINT('',#4463);
#1117=VERTEX_POINT('',#4465);
#1118=VERTEX_POINT('',#4469);
#1119=VERTEX_POINT('',#4470);
#1120=VERTEX_POINT('',#4478);
#1121=VERTEX_POINT('',#4482);
#1122=VERTEX_POINT('',#4488);
#1123=VERTEX_POINT('',#4500);
#1124=VERTEX_POINT('',#4508);
#1125=VERTEX_POINT('',#4512);
#1126=VERTEX_POINT('',#4518);
#1127=EDGE_CURVE('',#921,#922,#801,.T.);
#1128=EDGE_CURVE('',#922,#923,#449,.T.);
#1129=EDGE_CURVE('',#923,#924,#802,.T.);
#1130=EDGE_CURVE('',#924,#921,#450,.T.);
#1131=EDGE_CURVE('',#925,#926,#109,.T.);
#1132=EDGE_CURVE('',#926,#927,#803,.T.);
#1133=EDGE_CURVE('',#927,#922,#804,.T.);
#1134=EDGE_CURVE('',#928,#921,#805,.T.);
#1135=EDGE_CURVE('',#928,#925,#110,.T.);
#1136=EDGE_CURVE('',#929,#930,#111,.T.);
#1137=EDGE_CURVE('',#924,#930,#806,.T.);
#1138=EDGE_CURVE('',#923,#931,#807,.T.);
#1139=EDGE_CURVE('',#931,#932,#808,.T.);
#1140=EDGE_CURVE('',#932,#929,#112,.T.);
#1141=EDGE_CURVE('',#925,#933,#451,.T.);
#1142=EDGE_CURVE('',#933,#934,#79,.T.);
#1143=EDGE_CURVE('',#934,#926,#452,.T.);
#1144=EDGE_CURVE('',#934,#935,#453,.T.);
#1145=EDGE_CURVE('',#935,#932,#454,.T.);
#1146=EDGE_CURVE('',#931,#936,#455,.T.);
#1147=EDGE_CURVE('',#936,#937,#456,.T.);
#1148=EDGE_CURVE('',#937,#938,#457,.T.);
#1149=EDGE_CURVE('',#939,#938,#458,.T.);
#1150=EDGE_CURVE('',#940,#939,#459,.T.);
#1151=EDGE_CURVE('',#941,#940,#460,.T.);
#1152=EDGE_CURVE('',#927,#941,#461,.T.);
#1153=EDGE_CURVE('',#942,#928,#462,.T.);
#1154=EDGE_CURVE('',#942,#933,#463,.T.);
#1155=EDGE_CURVE('',#943,#924,#809,.T.);
#1156=EDGE_CURVE('',#944,#943,#464,.T.);
#1157=EDGE_CURVE('',#944,#945,#465,.T.);
#1158=EDGE_CURVE('',#946,#945,#466,.T.);
#1159=EDGE_CURVE('',#947,#946,#467,.T.);
#1160=EDGE_CURVE('',#948,#947,#468,.T.);
#1161=EDGE_CURVE('',#921,#948,#810,.T.);
#1162=EDGE_CURVE('',#949,#949,#811,.T.);
#1163=EDGE_CURVE('',#950,#951,#812,.T.);
#1164=EDGE_CURVE('',#951,#952,#469,.T.);
#1165=EDGE_CURVE('',#952,#953,#813,.T.);
#1166=EDGE_CURVE('',#953,#950,#470,.T.);
#1167=EDGE_CURVE('',#954,#955,#113,.T.);
#1168=EDGE_CURVE('',#955,#956,#814,.T.);
#1169=EDGE_CURVE('',#956,#953,#815,.T.);
#1170=EDGE_CURVE('',#952,#957,#816,.T.);
#1171=EDGE_CURVE('',#957,#954,#114,.T.);
#1172=EDGE_CURVE('',#958,#959,#115,.T.);
#1173=EDGE_CURVE('',#951,#959,#817,.T.);
#1174=EDGE_CURVE('',#950,#960,#818,.T.);
#1175=EDGE_CURVE('',#960,#961,#819,.T.);
#1176=EDGE_CURVE('',#961,#958,#116,.T.);
#1177=EDGE_CURVE('',#962,#951,#820,.T.);
#1178=EDGE_CURVE('',#963,#962,#471,.T.);
#1179=EDGE_CURVE('',#963,#964,#472,.T.);
#1180=EDGE_CURVE('',#964,#965,#473,.T.);
#1181=EDGE_CURVE('',#966,#965,#474,.T.);
#1182=EDGE_CURVE('',#967,#966,#475,.T.);
#1183=EDGE_CURVE('',#952,#967,#821,.T.);
#1184=EDGE_CURVE('',#960,#927,#476,.T.);
#1185=EDGE_CURVE('',#956,#931,#477,.T.);
#1186=EDGE_CURVE('',#958,#968,#478,.T.);
#1187=EDGE_CURVE('',#969,#968,#479,.T.);
#1188=EDGE_CURVE('',#969,#959,#480,.T.);
#1189=EDGE_CURVE('',#970,#961,#481,.T.);
#1190=EDGE_CURVE('',#968,#970,#80,.T.);
#1191=EDGE_CURVE('',#971,#972,#482,.T.);
#1192=EDGE_CURVE('',#973,#972,#822,.T.);
#1193=EDGE_CURVE('',#973,#974,#483,.T.);
#1194=EDGE_CURVE('',#974,#971,#81,.T.);
#1195=EDGE_CURVE('',#975,#971,#484,.T.);
#1196=EDGE_CURVE('',#974,#976,#485,.T.);
#1197=EDGE_CURVE('',#976,#975,#82,.T.);
#1198=EDGE_CURVE('',#976,#977,#486,.T.);
#1199=EDGE_CURVE('',#978,#977,#823,.T.);
#1200=EDGE_CURVE('',#978,#975,#487,.T.);
#1201=EDGE_CURVE('',#973,#977,#488,.T.);
#1202=EDGE_CURVE('',#979,#972,#489,.T.);
#1203=EDGE_CURVE('',#980,#979,#490,.T.);
#1204=EDGE_CURVE('',#980,#978,#491,.T.);
#1205=EDGE_CURVE('',#981,#981,#824,.T.);
#1206=EDGE_CURVE('',#982,#982,#825,.T.);
#1207=EDGE_CURVE('',#983,#984,#117,.T.);
#1208=EDGE_CURVE('',#985,#983,#118,.T.);
#1209=EDGE_CURVE('',#986,#985,#826,.T.);
#1210=EDGE_CURVE('',#986,#987,#827,.T.);
#1211=EDGE_CURVE('',#987,#984,#828,.T.);
#1212=EDGE_CURVE('',#988,#989,#119,.T.);
#1213=EDGE_CURVE('',#990,#988,#120,.T.);
#1214=EDGE_CURVE('',#991,#990,#829,.T.);
#1215=EDGE_CURVE('',#992,#991,#830,.T.);
#1216=EDGE_CURVE('',#992,#989,#831,.T.);
#1217=EDGE_CURVE('',#993,#980,#492,.T.);
#1218=EDGE_CURVE('',#993,#975,#493,.T.);
#1219=EDGE_CURVE('',#994,#993,#494,.T.);
#1220=EDGE_CURVE('',#994,#971,#495,.T.);
#1221=EDGE_CURVE('',#995,#995,#832,.T.);
#1222=EDGE_CURVE('',#996,#996,#833,.T.);
#1223=EDGE_CURVE('',#997,#997,#834,.T.);
#1224=EDGE_CURVE('',#998,#999,#835,.T.);
#1225=EDGE_CURVE('',#999,#1000,#121,.T.);
#1226=EDGE_CURVE('',#1000,#998,#122,.T.);
#1227=EDGE_CURVE('',#944,#1001,#836,.T.);
#1228=EDGE_CURVE('',#1001,#999,#837,.T.);
#1229=EDGE_CURVE('',#998,#944,#838,.T.);
#1230=EDGE_CURVE('',#943,#1002,#839,.T.);
#1231=EDGE_CURVE('',#1002,#1001,#496,.T.);
#1232=EDGE_CURVE('',#930,#1002,#840,.T.);
#1233=EDGE_CURVE('',#1003,#1000,#497,.T.);
#1234=EDGE_CURVE('',#945,#1003,#841,.T.);
#1235=EDGE_CURVE('',#1004,#1005,#842,.T.);
#1236=EDGE_CURVE('',#1005,#1006,#123,.T.);
#1237=EDGE_CURVE('',#1006,#1004,#124,.T.);
#1238=EDGE_CURVE('',#1007,#947,#843,.T.);
#1239=EDGE_CURVE('',#947,#1005,#844,.T.);
#1240=EDGE_CURVE('',#1004,#1007,#845,.T.);
#1241=EDGE_CURVE('',#1008,#948,#846,.T.);
#1242=EDGE_CURVE('',#1007,#1008,#498,.T.);
#1243=EDGE_CURVE('',#1008,#928,#847,.T.);
#1244=EDGE_CURVE('',#1008,#1009,#499,.T.);
#1245=EDGE_CURVE('',#1009,#942,#83,.T.);
#1246=EDGE_CURVE('',#1002,#1010,#500,.T.);
#1247=EDGE_CURVE('',#1009,#1010,#501,.T.);
#1248=EDGE_CURVE('',#1011,#1004,#502,.T.);
#1249=EDGE_CURVE('',#1012,#1011,#503,.T.);
#1250=EDGE_CURVE('',#1013,#1012,#504,.T.);
#1251=EDGE_CURVE('',#1014,#1013,#505,.T.);
#1252=EDGE_CURVE('',#1014,#1015,#506,.T.);
#1253=EDGE_CURVE('',#1015,#1016,#507,.T.);
#1254=EDGE_CURVE('',#1016,#999,#508,.T.);
#1255=EDGE_CURVE('',#1006,#1017,#509,.T.);
#1256=EDGE_CURVE('',#1011,#1017,#848,.T.);
#1257=EDGE_CURVE('',#967,#1018,#849,.T.);
#1258=EDGE_CURVE('',#1018,#957,#850,.T.);
#1259=EDGE_CURVE('',#966,#1019,#851,.T.);
#1260=EDGE_CURVE('',#1019,#1018,#510,.T.);
#1261=EDGE_CURVE('',#1020,#1021,#852,.T.);
#1262=EDGE_CURVE('',#1021,#1019,#853,.T.);
#1263=EDGE_CURVE('',#966,#1020,#854,.T.);
#1264=EDGE_CURVE('',#1020,#1022,#125,.T.);
#1265=EDGE_CURVE('',#1022,#1021,#126,.T.);
#1266=EDGE_CURVE('',#1022,#1023,#511,.T.);
#1267=EDGE_CURVE('',#1024,#1023,#855,.T.);
#1268=EDGE_CURVE('',#1024,#1021,#512,.T.);
#1269=EDGE_CURVE('',#965,#1025,#856,.T.);
#1270=EDGE_CURVE('',#1025,#1022,#513,.T.);
#1271=EDGE_CURVE('',#1026,#1027,#857,.T.);
#1272=EDGE_CURVE('',#1027,#1028,#127,.T.);
#1273=EDGE_CURVE('',#1028,#1026,#128,.T.);
#1274=EDGE_CURVE('',#963,#1029,#858,.T.);
#1275=EDGE_CURVE('',#1029,#1027,#859,.T.);
#1276=EDGE_CURVE('',#1026,#963,#860,.T.);
#1277=EDGE_CURVE('',#962,#1030,#861,.T.);
#1278=EDGE_CURVE('',#1030,#1029,#514,.T.);
#1279=EDGE_CURVE('',#959,#1030,#862,.T.);
#1280=EDGE_CURVE('',#1031,#1028,#515,.T.);
#1281=EDGE_CURVE('',#964,#1031,#863,.T.);
#1282=EDGE_CURVE('',#949,#997,#516,.T.);
#1283=EDGE_CURVE('',#1032,#1033,#864,.T.);
#1284=EDGE_CURVE('',#1033,#1034,#865,.T.);
#1285=EDGE_CURVE('',#1034,#1032,#866,.T.);
#1286=EDGE_CURVE('',#1035,#1023,#867,.T.);
#1287=EDGE_CURVE('',#1023,#1033,#517,.T.);
#1288=EDGE_CURVE('',#1032,#1035,#518,.T.);
#1289=EDGE_CURVE('',#1035,#1024,#868,.T.);
#1290=EDGE_CURVE('',#986,#1036,#519,.T.);
#1291=EDGE_CURVE('',#1036,#1037,#869,.F.);
#1292=EDGE_CURVE('',#1037,#987,#520,.T.);
#1293=EDGE_CURVE('',#1038,#1039,#870,.T.);
#1294=EDGE_CURVE('',#1039,#1040,#871,.T.);
#1295=EDGE_CURVE('',#1041,#1040,#872,.T.);
#1296=EDGE_CURVE('',#1041,#1038,#873,.T.);
#1297=EDGE_CURVE('',#1041,#1042,#521,.T.);
#1298=EDGE_CURVE('',#1043,#1042,#874,.T.);
#1299=EDGE_CURVE('',#1043,#1038,#522,.T.);
#1300=EDGE_CURVE('',#954,#1044,#523,.T.);
#1301=EDGE_CURVE('',#1044,#1045,#84,.T.);
#1302=EDGE_CURVE('',#1045,#955,#524,.T.);
#1303=EDGE_CURVE('',#1046,#957,#525,.T.);
#1304=EDGE_CURVE('',#1046,#1044,#526,.T.);
#1305=EDGE_CURVE('',#1047,#1048,#527,.T.);
#1306=EDGE_CURVE('',#1049,#1048,#85,.T.);
#1307=EDGE_CURVE('',#1049,#1050,#528,.T.);
#1308=EDGE_CURVE('',#1050,#1047,#86,.T.);
#1309=EDGE_CURVE('',#1018,#1051,#529,.T.);
#1310=EDGE_CURVE('',#1051,#1046,#87,.T.);
#1311=EDGE_CURVE('',#1052,#1053,#530,.T.);
#1312=EDGE_CURVE('',#1053,#1054,#88,.T.);
#1313=EDGE_CURVE('',#1054,#1055,#531,.T.);
#1314=EDGE_CURVE('',#1052,#1055,#89,.T.);
#1315=EDGE_CURVE('',#982,#1056,#875,.T.);
#1316=EDGE_CURVE('',#1055,#1049,#532,.T.);
#1317=EDGE_CURVE('',#1054,#1050,#533,.T.);
#1318=EDGE_CURVE('',#1057,#1058,#876,.T.);
#1319=EDGE_CURVE('',#1059,#1057,#877,.T.);
#1320=EDGE_CURVE('',#1058,#1059,#878,.T.);
#1321=EDGE_CURVE('',#1060,#1061,#879,.T.);
#1322=EDGE_CURVE('',#1057,#1060,#534,.T.);
#1323=EDGE_CURVE('',#1061,#1058,#535,.T.);
#1324=EDGE_CURVE('',#1062,#1061,#880,.T.);
#1325=EDGE_CURVE('',#1060,#1062,#881,.T.);
#1326=EDGE_CURVE('',#1060,#1035,#536,.T.);
#1327=EDGE_CURVE('',#1057,#1032,#537,.T.);
#1328=EDGE_CURVE('',#1034,#1047,#538,.T.);
#1329=EDGE_CURVE('',#1063,#1050,#539,.T.);
#1330=EDGE_CURVE('',#1063,#1064,#90,.T.);
#1331=EDGE_CURVE('',#1059,#1064,#540,.T.);
#1332=EDGE_CURVE('',#1065,#1066,#129,.T.);
#1333=EDGE_CURVE('',#1067,#1065,#882,.T.);
#1334=EDGE_CURVE('',#1068,#1067,#883,.T.);
#1335=EDGE_CURVE('',#1068,#1069,#884,.T.);
#1336=EDGE_CURVE('',#1066,#1069,#130,.T.);
#1337=EDGE_CURVE('',#1067,#987,#541,.T.);
#1338=EDGE_CURVE('',#1066,#980,#91,.T.);
#1339=EDGE_CURVE('',#979,#983,#92,.T.);
#1340=EDGE_CURVE('',#1037,#1070,#542,.T.);
#1341=EDGE_CURVE('',#1070,#1067,#543,.T.);
#1342=EDGE_CURVE('',#1071,#1070,#885,.F.);
#1343=EDGE_CURVE('',#1068,#1071,#544,.T.);
#1344=EDGE_CURVE('',#1041,#1072,#545,.T.);
#1345=EDGE_CURVE('',#1040,#1073,#546,.T.);
#1346=EDGE_CURVE('',#1072,#1073,#886,.T.);
#1347=EDGE_CURVE('',#1074,#1075,#887,.T.);
#1348=EDGE_CURVE('',#1072,#1074,#888,.T.);
#1349=EDGE_CURVE('',#1075,#1073,#889,.T.);
#1350=EDGE_CURVE('',#1076,#1074,#547,.T.);
#1351=EDGE_CURVE('',#1076,#1077,#890,.T.);
#1352=EDGE_CURVE('',#1072,#1077,#548,.T.);
#1353=EDGE_CURVE('',#1042,#1077,#549,.T.);
#1354=EDGE_CURVE('',#968,#1044,#550,.T.);
#1355=EDGE_CURVE('',#970,#1045,#551,.T.);
#1356=EDGE_CURVE('',#1046,#969,#552,.T.);
#1357=EDGE_CURVE('',#1078,#1048,#553,.T.);
#1358=EDGE_CURVE('',#1079,#1078,#93,.T.);
#1359=EDGE_CURVE('',#1049,#1079,#554,.T.);
#1360=EDGE_CURVE('',#1064,#1078,#555,.T.);
#1361=EDGE_CURVE('',#1079,#1063,#556,.T.);
#1362=EDGE_CURVE('',#1080,#969,#94,.T.);
#1363=EDGE_CURVE('',#1030,#1080,#557,.T.);
#1364=EDGE_CURVE('',#1080,#1051,#558,.T.);
#1365=EDGE_CURVE('',#1053,#1024,#559,.T.);
#1366=EDGE_CURVE('',#1052,#1081,#560,.T.);
#1367=EDGE_CURVE('',#1081,#1082,#561,.T.);
#1368=EDGE_CURVE('',#1082,#1062,#562,.T.);
#1369=EDGE_CURVE('',#1062,#1027,#563,.T.);
#1370=EDGE_CURVE('',#1083,#1055,#564,.T.);
#1371=EDGE_CURVE('',#1081,#1083,#95,.T.);
#1372=EDGE_CURVE('',#1084,#1083,#565,.T.);
#1373=EDGE_CURVE('',#1082,#1084,#96,.T.);
#1374=EDGE_CURVE('',#1028,#1061,#566,.T.);
#1375=EDGE_CURVE('',#1054,#1084,#567,.T.);
#1376=EDGE_CURVE('',#981,#1085,#891,.T.);
#1377=EDGE_CURVE('',#1084,#1063,#568,.T.);
#1378=EDGE_CURVE('',#1083,#1079,#569,.T.);
#1379=EDGE_CURVE('',#1086,#1087,#892,.T.);
#1380=EDGE_CURVE('',#936,#1086,#893,.T.);
#1381=EDGE_CURVE('',#1087,#936,#894,.T.);
#1382=EDGE_CURVE('',#1088,#1089,#895,.T.);
#1383=EDGE_CURVE('',#1086,#1088,#570,.T.);
#1384=EDGE_CURVE('',#1089,#1087,#571,.T.);
#1385=EDGE_CURVE('',#1016,#1089,#896,.T.);
#1386=EDGE_CURVE('',#1088,#1016,#897,.T.);
#1387=EDGE_CURVE('',#1034,#956,#572,.T.);
#1388=EDGE_CURVE('',#1033,#1087,#573,.T.);
#1389=EDGE_CURVE('',#992,#986,#574,.T.);
#1390=EDGE_CURVE('',#979,#994,#575,.T.);
#1391=EDGE_CURVE('',#988,#994,#97,.T.);
#1392=EDGE_CURVE('',#1090,#991,#576,.T.);
#1393=EDGE_CURVE('',#1091,#1090,#898,.F.);
#1394=EDGE_CURVE('',#992,#1091,#577,.T.);
#1395=EDGE_CURVE('',#1091,#1036,#578,.T.);
#1396=EDGE_CURVE('',#1092,#1093,#899,.T.);
#1397=EDGE_CURVE('',#1094,#1092,#900,.T.);
#1398=EDGE_CURVE('',#1094,#1095,#901,.T.);
#1399=EDGE_CURVE('',#1093,#1095,#902,.T.);
#1400=EDGE_CURVE('',#1038,#1092,#579,.T.);
#1401=EDGE_CURVE('',#1039,#1093,#580,.T.);
#1402=EDGE_CURVE('',#1096,#1043,#581,.T.);
#1403=EDGE_CURVE('',#1096,#1092,#582,.T.);
#1404=EDGE_CURVE('',#1096,#1097,#903,.T.);
#1405=EDGE_CURVE('',#1094,#1097,#583,.T.);
#1406=EDGE_CURVE('',#1025,#1003,#584,.T.);
#1407=EDGE_CURVE('',#1000,#1089,#585,.T.);
#1408=EDGE_CURVE('',#1098,#935,#98,.T.);
#1409=EDGE_CURVE('',#929,#1098,#586,.T.);
#1410=EDGE_CURVE('',#1099,#1098,#587,.T.);
#1411=EDGE_CURVE('',#1099,#930,#588,.T.);
#1412=EDGE_CURVE('',#1100,#937,#99,.T.);
#1413=EDGE_CURVE('',#1101,#1100,#589,.T.);
#1414=EDGE_CURVE('',#1101,#938,#100,.T.);
#1415=EDGE_CURVE('',#1010,#1099,#101,.T.);
#1416=EDGE_CURVE('',#1014,#1102,#102,.T.);
#1417=EDGE_CURVE('',#1103,#1102,#590,.T.);
#1418=EDGE_CURVE('',#1015,#1103,#103,.T.);
#1419=EDGE_CURVE('',#996,#1104,#904,.T.);
#1420=EDGE_CURVE('',#1103,#1100,#591,.T.);
#1421=EDGE_CURVE('',#1102,#1101,#592,.T.);
#1422=EDGE_CURVE('',#1105,#1106,#905,.T.);
#1423=EDGE_CURVE('',#1106,#941,#906,.T.);
#1424=EDGE_CURVE('',#941,#1105,#907,.T.);
#1425=EDGE_CURVE('',#1107,#1017,#908,.T.);
#1426=EDGE_CURVE('',#1017,#1106,#593,.T.);
#1427=EDGE_CURVE('',#1105,#1107,#594,.T.);
#1428=EDGE_CURVE('',#1107,#1011,#909,.T.);
#1429=EDGE_CURVE('',#1105,#1086,#595,.T.);
#1430=EDGE_CURVE('',#1107,#1088,#596,.T.);
#1431=EDGE_CURVE('',#1108,#940,#104,.T.);
#1432=EDGE_CURVE('',#1108,#1100,#597,.T.);
#1433=EDGE_CURVE('',#1106,#1058,#598,.T.);
#1434=EDGE_CURVE('',#1059,#960,#599,.T.);
#1435=EDGE_CURVE('',#1068,#1109,#600,.T.);
#1436=EDGE_CURVE('',#1109,#1110,#910,.T.);
#1437=EDGE_CURVE('',#1110,#1111,#131,.T.);
#1438=EDGE_CURVE('',#993,#1111,#105,.T.);
#1439=EDGE_CURVE('',#1109,#1112,#911,.T.);
#1440=EDGE_CURVE('',#1112,#1113,#912,.T.);
#1441=EDGE_CURVE('',#1111,#1113,#132,.T.);
#1442=EDGE_CURVE('',#1112,#991,#601,.T.);
#1443=EDGE_CURVE('',#1114,#1112,#602,.T.);
#1444=EDGE_CURVE('',#1090,#1114,#603,.T.);
#1445=EDGE_CURVE('',#1109,#1115,#604,.T.);
#1446=EDGE_CURVE('',#1115,#1114,#913,.F.);
#1447=EDGE_CURVE('',#1071,#1115,#605,.T.);
#1448=EDGE_CURVE('',#1094,#1116,#606,.T.);
#1449=EDGE_CURVE('',#1116,#1117,#914,.T.);
#1450=EDGE_CURVE('',#1095,#1117,#607,.T.);
#1451=EDGE_CURVE('',#1118,#1119,#915,.T.);
#1452=EDGE_CURVE('',#1119,#1117,#916,.T.);
#1453=EDGE_CURVE('',#1116,#1118,#917,.T.);
#1454=EDGE_CURVE('',#1119,#1075,#608,.T.);
#1455=EDGE_CURVE('',#1118,#1074,#609,.T.);
#1456=EDGE_CURVE('',#1120,#1118,#610,.T.);
#1457=EDGE_CURVE('',#1076,#1120,#611,.T.);
#1458=EDGE_CURVE('',#1116,#1121,#612,.T.);
#1459=EDGE_CURVE('',#1120,#1121,#918,.T.);
#1460=EDGE_CURVE('',#1097,#1121,#613,.T.);
#1461=EDGE_CURVE('',#946,#1122,#919,.T.);
#1462=EDGE_CURVE('',#1122,#1006,#614,.T.);
#1463=EDGE_CURVE('',#1122,#1031,#615,.T.);
#1464=EDGE_CURVE('',#933,#1098,#616,.T.);
#1465=EDGE_CURVE('',#1099,#942,#617,.T.);
#1466=EDGE_CURVE('',#1101,#1123,#618,.T.);
#1467=EDGE_CURVE('',#1123,#939,#106,.T.);
#1468=EDGE_CURVE('',#1123,#1108,#619,.T.);
#1469=EDGE_CURVE('',#1124,#1102,#620,.T.);
#1470=EDGE_CURVE('',#1013,#1124,#107,.T.);
#1471=EDGE_CURVE('',#1012,#1125,#108,.T.);
#1472=EDGE_CURVE('',#1125,#1124,#621,.T.);
#1473=EDGE_CURVE('',#1103,#1125,#622,.T.);
#1474=EDGE_CURVE('',#995,#1126,#920,.T.);
#1475=EDGE_CURVE('',#1124,#1123,#623,.T.);
#1476=EDGE_CURVE('',#1125,#1108,#624,.T.);
#1477=ORIENTED_EDGE('',*,*,#1127,.T.);
#1478=ORIENTED_EDGE('',*,*,#1128,.T.);
#1479=ORIENTED_EDGE('',*,*,#1129,.T.);
#1480=ORIENTED_EDGE('',*,*,#1130,.T.);
#1481=ORIENTED_EDGE('',*,*,#1131,.T.);
#1482=ORIENTED_EDGE('',*,*,#1132,.T.);
#1483=ORIENTED_EDGE('',*,*,#1133,.T.);
#1484=ORIENTED_EDGE('',*,*,#1127,.F.);
#1485=ORIENTED_EDGE('',*,*,#1134,.F.);
#1486=ORIENTED_EDGE('',*,*,#1135,.T.);
#1487=ORIENTED_EDGE('',*,*,#1136,.T.);
#1488=ORIENTED_EDGE('',*,*,#1137,.F.);
#1489=ORIENTED_EDGE('',*,*,#1129,.F.);
#1490=ORIENTED_EDGE('',*,*,#1138,.T.);
#1491=ORIENTED_EDGE('',*,*,#1139,.T.);
#1492=ORIENTED_EDGE('',*,*,#1140,.T.);
#1493=ORIENTED_EDGE('',*,*,#1131,.F.);
#1494=ORIENTED_EDGE('',*,*,#1141,.T.);
#1495=ORIENTED_EDGE('',*,*,#1142,.T.);
#1496=ORIENTED_EDGE('',*,*,#1143,.T.);
#1497=ORIENTED_EDGE('',*,*,#1132,.F.);
#1498=ORIENTED_EDGE('',*,*,#1143,.F.);
#1499=ORIENTED_EDGE('',*,*,#1144,.T.);
#1500=ORIENTED_EDGE('',*,*,#1145,.T.);
#1501=ORIENTED_EDGE('',*,*,#1139,.F.);
#1502=ORIENTED_EDGE('',*,*,#1146,.T.);
#1503=ORIENTED_EDGE('',*,*,#1147,.T.);
#1504=ORIENTED_EDGE('',*,*,#1148,.T.);
#1505=ORIENTED_EDGE('',*,*,#1149,.F.);
#1506=ORIENTED_EDGE('',*,*,#1150,.F.);
#1507=ORIENTED_EDGE('',*,*,#1151,.F.);
#1508=ORIENTED_EDGE('',*,*,#1152,.F.);
#1509=ORIENTED_EDGE('',*,*,#1135,.F.);
#1510=ORIENTED_EDGE('',*,*,#1153,.F.);
#1511=ORIENTED_EDGE('',*,*,#1154,.T.);
#1512=ORIENTED_EDGE('',*,*,#1141,.F.);
#1513=ORIENTED_EDGE('',*,*,#1130,.F.);
#1514=ORIENTED_EDGE('',*,*,#1155,.F.);
#1515=ORIENTED_EDGE('',*,*,#1156,.F.);
#1516=ORIENTED_EDGE('',*,*,#1157,.T.);
#1517=ORIENTED_EDGE('',*,*,#1158,.F.);
#1518=ORIENTED_EDGE('',*,*,#1159,.F.);
#1519=ORIENTED_EDGE('',*,*,#1160,.F.);
#1520=ORIENTED_EDGE('',*,*,#1161,.F.);
#1521=ORIENTED_EDGE('',*,*,#1162,.T.);
#1522=ORIENTED_EDGE('',*,*,#1163,.T.);
#1523=ORIENTED_EDGE('',*,*,#1164,.T.);
#1524=ORIENTED_EDGE('',*,*,#1165,.T.);
#1525=ORIENTED_EDGE('',*,*,#1166,.T.);
#1526=ORIENTED_EDGE('',*,*,#1167,.T.);
#1527=ORIENTED_EDGE('',*,*,#1168,.T.);
#1528=ORIENTED_EDGE('',*,*,#1169,.T.);
#1529=ORIENTED_EDGE('',*,*,#1165,.F.);
#1530=ORIENTED_EDGE('',*,*,#1170,.T.);
#1531=ORIENTED_EDGE('',*,*,#1171,.T.);
#1532=ORIENTED_EDGE('',*,*,#1172,.T.);
#1533=ORIENTED_EDGE('',*,*,#1173,.F.);
#1534=ORIENTED_EDGE('',*,*,#1163,.F.);
#1535=ORIENTED_EDGE('',*,*,#1174,.T.);
#1536=ORIENTED_EDGE('',*,*,#1175,.T.);
#1537=ORIENTED_EDGE('',*,*,#1176,.T.);
#1538=ORIENTED_EDGE('',*,*,#1164,.F.);
#1539=ORIENTED_EDGE('',*,*,#1177,.F.);
#1540=ORIENTED_EDGE('',*,*,#1178,.F.);
#1541=ORIENTED_EDGE('',*,*,#1179,.T.);
#1542=ORIENTED_EDGE('',*,*,#1180,.T.);
#1543=ORIENTED_EDGE('',*,*,#1181,.F.);
#1544=ORIENTED_EDGE('',*,*,#1182,.F.);
#1545=ORIENTED_EDGE('',*,*,#1183,.F.);
#1546=ORIENTED_EDGE('',*,*,#1133,.F.);
#1547=ORIENTED_EDGE('',*,*,#1184,.F.);
#1548=ORIENTED_EDGE('',*,*,#1174,.F.);
#1549=ORIENTED_EDGE('',*,*,#1166,.F.);
#1550=ORIENTED_EDGE('',*,*,#1169,.F.);
#1551=ORIENTED_EDGE('',*,*,#1185,.T.);
#1552=ORIENTED_EDGE('',*,*,#1138,.F.);
#1553=ORIENTED_EDGE('',*,*,#1128,.F.);
#1554=ORIENTED_EDGE('',*,*,#1172,.F.);
#1555=ORIENTED_EDGE('',*,*,#1186,.T.);
#1556=ORIENTED_EDGE('',*,*,#1187,.F.);
#1557=ORIENTED_EDGE('',*,*,#1188,.T.);
#1558=ORIENTED_EDGE('',*,*,#1176,.F.);
#1559=ORIENTED_EDGE('',*,*,#1189,.F.);
#1560=ORIENTED_EDGE('',*,*,#1190,.F.);
#1561=ORIENTED_EDGE('',*,*,#1186,.F.);
#1562=ORIENTED_EDGE('',*,*,#1191,.T.);
#1563=ORIENTED_EDGE('',*,*,#1192,.F.);
#1564=ORIENTED_EDGE('',*,*,#1193,.T.);
#1565=ORIENTED_EDGE('',*,*,#1194,.T.);
#1566=ORIENTED_EDGE('',*,*,#1195,.T.);
#1567=ORIENTED_EDGE('',*,*,#1194,.F.);
#1568=ORIENTED_EDGE('',*,*,#1196,.T.);
#1569=ORIENTED_EDGE('',*,*,#1197,.T.);
#1570=ORIENTED_EDGE('',*,*,#1198,.T.);
#1571=ORIENTED_EDGE('',*,*,#1199,.F.);
#1572=ORIENTED_EDGE('',*,*,#1200,.T.);
#1573=ORIENTED_EDGE('',*,*,#1197,.F.);
#1574=ORIENTED_EDGE('',*,*,#1198,.F.);
#1575=ORIENTED_EDGE('',*,*,#1196,.F.);
#1576=ORIENTED_EDGE('',*,*,#1193,.F.);
#1577=ORIENTED_EDGE('',*,*,#1201,.T.);
#1578=ORIENTED_EDGE('',*,*,#1199,.T.);
#1579=ORIENTED_EDGE('',*,*,#1201,.F.);
#1580=ORIENTED_EDGE('',*,*,#1192,.T.);
#1581=ORIENTED_EDGE('',*,*,#1202,.F.);
#1582=ORIENTED_EDGE('',*,*,#1203,.F.);
#1583=ORIENTED_EDGE('',*,*,#1204,.T.);
#1584=ORIENTED_EDGE('',*,*,#1205,.F.);
#1585=ORIENTED_EDGE('',*,*,#1206,.T.);
#1586=ORIENTED_EDGE('',*,*,#1207,.F.);
#1587=ORIENTED_EDGE('',*,*,#1208,.F.);
#1588=ORIENTED_EDGE('',*,*,#1209,.F.);
#1589=ORIENTED_EDGE('',*,*,#1210,.T.);
#1590=ORIENTED_EDGE('',*,*,#1211,.T.);
#1591=ORIENTED_EDGE('',*,*,#1212,.F.);
#1592=ORIENTED_EDGE('',*,*,#1213,.F.);
#1593=ORIENTED_EDGE('',*,*,#1214,.F.);
#1594=ORIENTED_EDGE('',*,*,#1215,.F.);
#1595=ORIENTED_EDGE('',*,*,#1216,.T.);
#1596=ORIENTED_EDGE('',*,*,#1200,.F.);
#1597=ORIENTED_EDGE('',*,*,#1204,.F.);
#1598=ORIENTED_EDGE('',*,*,#1217,.F.);
#1599=ORIENTED_EDGE('',*,*,#1218,.T.);
#1600=ORIENTED_EDGE('',*,*,#1195,.F.);
#1601=ORIENTED_EDGE('',*,*,#1218,.F.);
#1602=ORIENTED_EDGE('',*,*,#1219,.F.);
#1603=ORIENTED_EDGE('',*,*,#1220,.T.);
#1604=ORIENTED_EDGE('',*,*,#1221,.T.);
#1605=ORIENTED_EDGE('',*,*,#1222,.F.);
#1606=ORIENTED_EDGE('',*,*,#1223,.T.);
#1607=ORIENTED_EDGE('',*,*,#1224,.T.);
#1608=ORIENTED_EDGE('',*,*,#1225,.T.);
#1609=ORIENTED_EDGE('',*,*,#1226,.T.);
#1610=ORIENTED_EDGE('',*,*,#1227,.T.);
#1611=ORIENTED_EDGE('',*,*,#1228,.T.);
#1612=ORIENTED_EDGE('',*,*,#1224,.F.);
#1613=ORIENTED_EDGE('',*,*,#1229,.T.);
#1614=ORIENTED_EDGE('',*,*,#1230,.T.);
#1615=ORIENTED_EDGE('',*,*,#1231,.T.);
#1616=ORIENTED_EDGE('',*,*,#1227,.F.);
#1617=ORIENTED_EDGE('',*,*,#1156,.T.);
#1618=ORIENTED_EDGE('',*,*,#1137,.T.);
#1619=ORIENTED_EDGE('',*,*,#1232,.T.);
#1620=ORIENTED_EDGE('',*,*,#1230,.F.);
#1621=ORIENTED_EDGE('',*,*,#1155,.T.);
#1622=ORIENTED_EDGE('',*,*,#1229,.F.);
#1623=ORIENTED_EDGE('',*,*,#1226,.F.);
#1624=ORIENTED_EDGE('',*,*,#1233,.F.);
#1625=ORIENTED_EDGE('',*,*,#1234,.F.);
#1626=ORIENTED_EDGE('',*,*,#1157,.F.);
#1627=ORIENTED_EDGE('',*,*,#1235,.T.);
#1628=ORIENTED_EDGE('',*,*,#1236,.T.);
#1629=ORIENTED_EDGE('',*,*,#1237,.T.);
#1630=ORIENTED_EDGE('',*,*,#1238,.T.);
#1631=ORIENTED_EDGE('',*,*,#1239,.T.);
#1632=ORIENTED_EDGE('',*,*,#1235,.F.);
#1633=ORIENTED_EDGE('',*,*,#1240,.T.);
#1634=ORIENTED_EDGE('',*,*,#1241,.T.);
#1635=ORIENTED_EDGE('',*,*,#1160,.T.);
#1636=ORIENTED_EDGE('',*,*,#1238,.F.);
#1637=ORIENTED_EDGE('',*,*,#1242,.T.);
#1638=ORIENTED_EDGE('',*,*,#1134,.T.);
#1639=ORIENTED_EDGE('',*,*,#1161,.T.);
#1640=ORIENTED_EDGE('',*,*,#1241,.F.);
#1641=ORIENTED_EDGE('',*,*,#1243,.T.);
#1642=ORIENTED_EDGE('',*,*,#1243,.F.);
#1643=ORIENTED_EDGE('',*,*,#1244,.T.);
#1644=ORIENTED_EDGE('',*,*,#1245,.T.);
#1645=ORIENTED_EDGE('',*,*,#1153,.T.);
#1646=ORIENTED_EDGE('',*,*,#1231,.F.);
#1647=ORIENTED_EDGE('',*,*,#1246,.T.);
#1648=ORIENTED_EDGE('',*,*,#1247,.F.);
#1649=ORIENTED_EDGE('',*,*,#1244,.F.);
#1650=ORIENTED_EDGE('',*,*,#1242,.F.);
#1651=ORIENTED_EDGE('',*,*,#1240,.F.);
#1652=ORIENTED_EDGE('',*,*,#1248,.F.);
#1653=ORIENTED_EDGE('',*,*,#1249,.F.);
#1654=ORIENTED_EDGE('',*,*,#1250,.F.);
#1655=ORIENTED_EDGE('',*,*,#1251,.F.);
#1656=ORIENTED_EDGE('',*,*,#1252,.T.);
#1657=ORIENTED_EDGE('',*,*,#1253,.T.);
#1658=ORIENTED_EDGE('',*,*,#1254,.T.);
#1659=ORIENTED_EDGE('',*,*,#1228,.F.);
#1660=ORIENTED_EDGE('',*,*,#1237,.F.);
#1661=ORIENTED_EDGE('',*,*,#1255,.T.);
#1662=ORIENTED_EDGE('',*,*,#1256,.F.);
#1663=ORIENTED_EDGE('',*,*,#1248,.T.);
#1664=ORIENTED_EDGE('',*,*,#1257,.T.);
#1665=ORIENTED_EDGE('',*,*,#1258,.T.);
#1666=ORIENTED_EDGE('',*,*,#1170,.F.);
#1667=ORIENTED_EDGE('',*,*,#1183,.T.);
#1668=ORIENTED_EDGE('',*,*,#1259,.T.);
#1669=ORIENTED_EDGE('',*,*,#1260,.T.);
#1670=ORIENTED_EDGE('',*,*,#1257,.F.);
#1671=ORIENTED_EDGE('',*,*,#1182,.T.);
#1672=ORIENTED_EDGE('',*,*,#1261,.T.);
#1673=ORIENTED_EDGE('',*,*,#1262,.T.);
#1674=ORIENTED_EDGE('',*,*,#1259,.F.);
#1675=ORIENTED_EDGE('',*,*,#1263,.T.);
#1676=ORIENTED_EDGE('',*,*,#1261,.F.);
#1677=ORIENTED_EDGE('',*,*,#1264,.T.);
#1678=ORIENTED_EDGE('',*,*,#1265,.T.);
#1679=ORIENTED_EDGE('',*,*,#1265,.F.);
#1680=ORIENTED_EDGE('',*,*,#1266,.T.);
#1681=ORIENTED_EDGE('',*,*,#1267,.F.);
#1682=ORIENTED_EDGE('',*,*,#1268,.T.);
#1683=ORIENTED_EDGE('',*,*,#1264,.F.);
#1684=ORIENTED_EDGE('',*,*,#1263,.F.);
#1685=ORIENTED_EDGE('',*,*,#1181,.T.);
#1686=ORIENTED_EDGE('',*,*,#1269,.T.);
#1687=ORIENTED_EDGE('',*,*,#1270,.T.);
#1688=ORIENTED_EDGE('',*,*,#1271,.T.);
#1689=ORIENTED_EDGE('',*,*,#1272,.T.);
#1690=ORIENTED_EDGE('',*,*,#1273,.T.);
#1691=ORIENTED_EDGE('',*,*,#1274,.T.);
#1692=ORIENTED_EDGE('',*,*,#1275,.T.);
#1693=ORIENTED_EDGE('',*,*,#1271,.F.);
#1694=ORIENTED_EDGE('',*,*,#1276,.T.);
#1695=ORIENTED_EDGE('',*,*,#1277,.T.);
#1696=ORIENTED_EDGE('',*,*,#1278,.T.);
#1697=ORIENTED_EDGE('',*,*,#1274,.F.);
#1698=ORIENTED_EDGE('',*,*,#1178,.T.);
#1699=ORIENTED_EDGE('',*,*,#1173,.T.);
#1700=ORIENTED_EDGE('',*,*,#1279,.T.);
#1701=ORIENTED_EDGE('',*,*,#1277,.F.);
#1702=ORIENTED_EDGE('',*,*,#1177,.T.);
#1703=ORIENTED_EDGE('',*,*,#1276,.F.);
#1704=ORIENTED_EDGE('',*,*,#1273,.F.);
#1705=ORIENTED_EDGE('',*,*,#1280,.F.);
#1706=ORIENTED_EDGE('',*,*,#1281,.F.);
#1707=ORIENTED_EDGE('',*,*,#1179,.F.);
#1708=ORIENTED_EDGE('',*,*,#1162,.F.);
#1709=ORIENTED_EDGE('',*,*,#1282,.T.);
#1710=ORIENTED_EDGE('',*,*,#1223,.F.);
#1711=ORIENTED_EDGE('',*,*,#1282,.F.);
#1712=ORIENTED_EDGE('',*,*,#1283,.T.);
#1713=ORIENTED_EDGE('',*,*,#1284,.T.);
#1714=ORIENTED_EDGE('',*,*,#1285,.T.);
#1715=ORIENTED_EDGE('',*,*,#1286,.T.);
#1716=ORIENTED_EDGE('',*,*,#1287,.T.);
#1717=ORIENTED_EDGE('',*,*,#1283,.F.);
#1718=ORIENTED_EDGE('',*,*,#1288,.T.);
#1719=ORIENTED_EDGE('',*,*,#1286,.F.);
#1720=ORIENTED_EDGE('',*,*,#1289,.T.);
#1721=ORIENTED_EDGE('',*,*,#1267,.T.);
#1722=ORIENTED_EDGE('',*,*,#1210,.F.);
#1723=ORIENTED_EDGE('',*,*,#1290,.T.);
#1724=ORIENTED_EDGE('',*,*,#1291,.T.);
#1725=ORIENTED_EDGE('',*,*,#1292,.T.);
#1726=ORIENTED_EDGE('',*,*,#1293,.T.);
#1727=ORIENTED_EDGE('',*,*,#1294,.T.);
#1728=ORIENTED_EDGE('',*,*,#1295,.F.);
#1729=ORIENTED_EDGE('',*,*,#1296,.T.);
#1730=ORIENTED_EDGE('',*,*,#1296,.F.);
#1731=ORIENTED_EDGE('',*,*,#1297,.T.);
#1732=ORIENTED_EDGE('',*,*,#1298,.F.);
#1733=ORIENTED_EDGE('',*,*,#1299,.T.);
#1734=ORIENTED_EDGE('',*,*,#1167,.F.);
#1735=ORIENTED_EDGE('',*,*,#1300,.T.);
#1736=ORIENTED_EDGE('',*,*,#1301,.T.);
#1737=ORIENTED_EDGE('',*,*,#1302,.T.);
#1738=ORIENTED_EDGE('',*,*,#1171,.F.);
#1739=ORIENTED_EDGE('',*,*,#1303,.F.);
#1740=ORIENTED_EDGE('',*,*,#1304,.T.);
#1741=ORIENTED_EDGE('',*,*,#1300,.F.);
#1742=ORIENTED_EDGE('',*,*,#1305,.T.);
#1743=ORIENTED_EDGE('',*,*,#1306,.F.);
#1744=ORIENTED_EDGE('',*,*,#1307,.T.);
#1745=ORIENTED_EDGE('',*,*,#1308,.T.);
#1746=ORIENTED_EDGE('',*,*,#1258,.F.);
#1747=ORIENTED_EDGE('',*,*,#1309,.T.);
#1748=ORIENTED_EDGE('',*,*,#1310,.T.);
#1749=ORIENTED_EDGE('',*,*,#1303,.T.);
#1750=ORIENTED_EDGE('',*,*,#1311,.T.);
#1751=ORIENTED_EDGE('',*,*,#1312,.T.);
#1752=ORIENTED_EDGE('',*,*,#1313,.T.);
#1753=ORIENTED_EDGE('',*,*,#1314,.F.);
#1754=ORIENTED_EDGE('',*,*,#1206,.F.);
#1755=ORIENTED_EDGE('',*,*,#1315,.T.);
#1756=ORIENTED_EDGE('',*,*,#1315,.F.);
#1757=ORIENTED_EDGE('',*,*,#1307,.F.);
#1758=ORIENTED_EDGE('',*,*,#1316,.F.);
#1759=ORIENTED_EDGE('',*,*,#1313,.F.);
#1760=ORIENTED_EDGE('',*,*,#1317,.T.);
#1761=ORIENTED_EDGE('',*,*,#1318,.F.);
#1762=ORIENTED_EDGE('',*,*,#1319,.F.);
#1763=ORIENTED_EDGE('',*,*,#1320,.F.);
#1764=ORIENTED_EDGE('',*,*,#1321,.F.);
#1765=ORIENTED_EDGE('',*,*,#1322,.F.);
#1766=ORIENTED_EDGE('',*,*,#1318,.T.);
#1767=ORIENTED_EDGE('',*,*,#1323,.F.);
#1768=ORIENTED_EDGE('',*,*,#1321,.T.);
#1769=ORIENTED_EDGE('',*,*,#1324,.F.);
#1770=ORIENTED_EDGE('',*,*,#1325,.F.);
#1771=ORIENTED_EDGE('',*,*,#1322,.T.);
#1772=ORIENTED_EDGE('',*,*,#1326,.T.);
#1773=ORIENTED_EDGE('',*,*,#1288,.F.);
#1774=ORIENTED_EDGE('',*,*,#1327,.F.);
#1775=ORIENTED_EDGE('',*,*,#1319,.T.);
#1776=ORIENTED_EDGE('',*,*,#1327,.T.);
#1777=ORIENTED_EDGE('',*,*,#1285,.F.);
#1778=ORIENTED_EDGE('',*,*,#1328,.T.);
#1779=ORIENTED_EDGE('',*,*,#1308,.F.);
#1780=ORIENTED_EDGE('',*,*,#1329,.F.);
#1781=ORIENTED_EDGE('',*,*,#1330,.T.);
#1782=ORIENTED_EDGE('',*,*,#1331,.F.);
#1783=ORIENTED_EDGE('',*,*,#1332,.F.);
#1784=ORIENTED_EDGE('',*,*,#1333,.F.);
#1785=ORIENTED_EDGE('',*,*,#1334,.F.);
#1786=ORIENTED_EDGE('',*,*,#1335,.T.);
#1787=ORIENTED_EDGE('',*,*,#1336,.F.);
#1788=ORIENTED_EDGE('',*,*,#1211,.F.);
#1789=ORIENTED_EDGE('',*,*,#1337,.F.);
#1790=ORIENTED_EDGE('',*,*,#1333,.T.);
#1791=ORIENTED_EDGE('',*,*,#1332,.T.);
#1792=ORIENTED_EDGE('',*,*,#1338,.T.);
#1793=ORIENTED_EDGE('',*,*,#1203,.T.);
#1794=ORIENTED_EDGE('',*,*,#1339,.T.);
#1795=ORIENTED_EDGE('',*,*,#1207,.T.);
#1796=ORIENTED_EDGE('',*,*,#1337,.T.);
#1797=ORIENTED_EDGE('',*,*,#1292,.F.);
#1798=ORIENTED_EDGE('',*,*,#1340,.T.);
#1799=ORIENTED_EDGE('',*,*,#1341,.T.);
#1800=ORIENTED_EDGE('',*,*,#1334,.T.);
#1801=ORIENTED_EDGE('',*,*,#1341,.F.);
#1802=ORIENTED_EDGE('',*,*,#1342,.F.);
#1803=ORIENTED_EDGE('',*,*,#1343,.F.);
#1804=ORIENTED_EDGE('',*,*,#1344,.F.);
#1805=ORIENTED_EDGE('',*,*,#1295,.T.);
#1806=ORIENTED_EDGE('',*,*,#1345,.T.);
#1807=ORIENTED_EDGE('',*,*,#1346,.F.);
#1808=ORIENTED_EDGE('',*,*,#1347,.F.);
#1809=ORIENTED_EDGE('',*,*,#1348,.F.);
#1810=ORIENTED_EDGE('',*,*,#1346,.T.);
#1811=ORIENTED_EDGE('',*,*,#1349,.F.);
#1812=ORIENTED_EDGE('',*,*,#1348,.T.);
#1813=ORIENTED_EDGE('',*,*,#1350,.F.);
#1814=ORIENTED_EDGE('',*,*,#1351,.T.);
#1815=ORIENTED_EDGE('',*,*,#1352,.F.);
#1816=ORIENTED_EDGE('',*,*,#1344,.T.);
#1817=ORIENTED_EDGE('',*,*,#1352,.T.);
#1818=ORIENTED_EDGE('',*,*,#1353,.F.);
#1819=ORIENTED_EDGE('',*,*,#1297,.F.);
#1820=ORIENTED_EDGE('',*,*,#1354,.F.);
#1821=ORIENTED_EDGE('',*,*,#1190,.T.);
#1822=ORIENTED_EDGE('',*,*,#1355,.T.);
#1823=ORIENTED_EDGE('',*,*,#1301,.F.);
#1824=ORIENTED_EDGE('',*,*,#1354,.T.);
#1825=ORIENTED_EDGE('',*,*,#1304,.F.);
#1826=ORIENTED_EDGE('',*,*,#1356,.T.);
#1827=ORIENTED_EDGE('',*,*,#1187,.T.);
#1828=ORIENTED_EDGE('',*,*,#1357,.F.);
#1829=ORIENTED_EDGE('',*,*,#1358,.F.);
#1830=ORIENTED_EDGE('',*,*,#1359,.F.);
#1831=ORIENTED_EDGE('',*,*,#1306,.T.);
#1832=ORIENTED_EDGE('',*,*,#1360,.F.);
#1833=ORIENTED_EDGE('',*,*,#1330,.F.);
#1834=ORIENTED_EDGE('',*,*,#1361,.F.);
#1835=ORIENTED_EDGE('',*,*,#1358,.T.);
#1836=ORIENTED_EDGE('',*,*,#1279,.F.);
#1837=ORIENTED_EDGE('',*,*,#1188,.F.);
#1838=ORIENTED_EDGE('',*,*,#1362,.F.);
#1839=ORIENTED_EDGE('',*,*,#1363,.F.);
#1840=ORIENTED_EDGE('',*,*,#1364,.F.);
#1841=ORIENTED_EDGE('',*,*,#1362,.T.);
#1842=ORIENTED_EDGE('',*,*,#1356,.F.);
#1843=ORIENTED_EDGE('',*,*,#1310,.F.);
#1844=ORIENTED_EDGE('',*,*,#1262,.F.);
#1845=ORIENTED_EDGE('',*,*,#1268,.F.);
#1846=ORIENTED_EDGE('',*,*,#1365,.F.);
#1847=ORIENTED_EDGE('',*,*,#1311,.F.);
#1848=ORIENTED_EDGE('',*,*,#1366,.T.);
#1849=ORIENTED_EDGE('',*,*,#1367,.T.);
#1850=ORIENTED_EDGE('',*,*,#1368,.T.);
#1851=ORIENTED_EDGE('',*,*,#1369,.T.);
#1852=ORIENTED_EDGE('',*,*,#1275,.F.);
#1853=ORIENTED_EDGE('',*,*,#1278,.F.);
#1854=ORIENTED_EDGE('',*,*,#1363,.T.);
#1855=ORIENTED_EDGE('',*,*,#1364,.T.);
#1856=ORIENTED_EDGE('',*,*,#1309,.F.);
#1857=ORIENTED_EDGE('',*,*,#1260,.F.);
#1858=ORIENTED_EDGE('',*,*,#1370,.F.);
#1859=ORIENTED_EDGE('',*,*,#1371,.F.);
#1860=ORIENTED_EDGE('',*,*,#1366,.F.);
#1861=ORIENTED_EDGE('',*,*,#1314,.T.);
#1862=ORIENTED_EDGE('',*,*,#1367,.F.);
#1863=ORIENTED_EDGE('',*,*,#1371,.T.);
#1864=ORIENTED_EDGE('',*,*,#1372,.F.);
#1865=ORIENTED_EDGE('',*,*,#1373,.F.);
#1866=ORIENTED_EDGE('',*,*,#1272,.F.);
#1867=ORIENTED_EDGE('',*,*,#1369,.F.);
#1868=ORIENTED_EDGE('',*,*,#1324,.T.);
#1869=ORIENTED_EDGE('',*,*,#1374,.F.);
#1870=ORIENTED_EDGE('',*,*,#1325,.T.);
#1871=ORIENTED_EDGE('',*,*,#1368,.F.);
#1872=ORIENTED_EDGE('',*,*,#1373,.T.);
#1873=ORIENTED_EDGE('',*,*,#1375,.F.);
#1874=ORIENTED_EDGE('',*,*,#1312,.F.);
#1875=ORIENTED_EDGE('',*,*,#1365,.T.);
#1876=ORIENTED_EDGE('',*,*,#1289,.F.);
#1877=ORIENTED_EDGE('',*,*,#1326,.F.);
#1878=ORIENTED_EDGE('',*,*,#1205,.T.);
#1879=ORIENTED_EDGE('',*,*,#1376,.T.);
#1880=ORIENTED_EDGE('',*,*,#1376,.F.);
#1881=ORIENTED_EDGE('',*,*,#1361,.T.);
#1882=ORIENTED_EDGE('',*,*,#1377,.F.);
#1883=ORIENTED_EDGE('',*,*,#1372,.T.);
#1884=ORIENTED_EDGE('',*,*,#1378,.T.);
#1885=ORIENTED_EDGE('',*,*,#1329,.T.);
#1886=ORIENTED_EDGE('',*,*,#1317,.F.);
#1887=ORIENTED_EDGE('',*,*,#1375,.T.);
#1888=ORIENTED_EDGE('',*,*,#1377,.T.);
#1889=ORIENTED_EDGE('',*,*,#1359,.T.);
#1890=ORIENTED_EDGE('',*,*,#1378,.F.);
#1891=ORIENTED_EDGE('',*,*,#1370,.T.);
#1892=ORIENTED_EDGE('',*,*,#1316,.T.);
#1893=ORIENTED_EDGE('',*,*,#1379,.F.);
#1894=ORIENTED_EDGE('',*,*,#1380,.F.);
#1895=ORIENTED_EDGE('',*,*,#1381,.F.);
#1896=ORIENTED_EDGE('',*,*,#1382,.F.);
#1897=ORIENTED_EDGE('',*,*,#1383,.F.);
#1898=ORIENTED_EDGE('',*,*,#1379,.T.);
#1899=ORIENTED_EDGE('',*,*,#1384,.F.);
#1900=ORIENTED_EDGE('',*,*,#1382,.T.);
#1901=ORIENTED_EDGE('',*,*,#1385,.F.);
#1902=ORIENTED_EDGE('',*,*,#1386,.F.);
#1903=ORIENTED_EDGE('',*,*,#1381,.T.);
#1904=ORIENTED_EDGE('',*,*,#1146,.F.);
#1905=ORIENTED_EDGE('',*,*,#1185,.F.);
#1906=ORIENTED_EDGE('',*,*,#1387,.F.);
#1907=ORIENTED_EDGE('',*,*,#1284,.F.);
#1908=ORIENTED_EDGE('',*,*,#1388,.T.);
#1909=ORIENTED_EDGE('',*,*,#1216,.F.);
#1910=ORIENTED_EDGE('',*,*,#1389,.T.);
#1911=ORIENTED_EDGE('',*,*,#1209,.T.);
#1912=ORIENTED_EDGE('',*,*,#1208,.T.);
#1913=ORIENTED_EDGE('',*,*,#1339,.F.);
#1914=ORIENTED_EDGE('',*,*,#1390,.T.);
#1915=ORIENTED_EDGE('',*,*,#1391,.F.);
#1916=ORIENTED_EDGE('',*,*,#1212,.T.);
#1917=ORIENTED_EDGE('',*,*,#1215,.T.);
#1918=ORIENTED_EDGE('',*,*,#1392,.F.);
#1919=ORIENTED_EDGE('',*,*,#1393,.F.);
#1920=ORIENTED_EDGE('',*,*,#1394,.F.);
#1921=ORIENTED_EDGE('',*,*,#1389,.F.);
#1922=ORIENTED_EDGE('',*,*,#1394,.T.);
#1923=ORIENTED_EDGE('',*,*,#1395,.T.);
#1924=ORIENTED_EDGE('',*,*,#1290,.F.);
#1925=ORIENTED_EDGE('',*,*,#1396,.F.);
#1926=ORIENTED_EDGE('',*,*,#1397,.F.);
#1927=ORIENTED_EDGE('',*,*,#1398,.T.);
#1928=ORIENTED_EDGE('',*,*,#1399,.F.);
#1929=ORIENTED_EDGE('',*,*,#1400,.T.);
#1930=ORIENTED_EDGE('',*,*,#1396,.T.);
#1931=ORIENTED_EDGE('',*,*,#1401,.F.);
#1932=ORIENTED_EDGE('',*,*,#1293,.F.);
#1933=ORIENTED_EDGE('',*,*,#1400,.F.);
#1934=ORIENTED_EDGE('',*,*,#1299,.F.);
#1935=ORIENTED_EDGE('',*,*,#1402,.F.);
#1936=ORIENTED_EDGE('',*,*,#1403,.T.);
#1937=ORIENTED_EDGE('',*,*,#1397,.T.);
#1938=ORIENTED_EDGE('',*,*,#1403,.F.);
#1939=ORIENTED_EDGE('',*,*,#1404,.T.);
#1940=ORIENTED_EDGE('',*,*,#1405,.F.);
#1941=ORIENTED_EDGE('',*,*,#1384,.T.);
#1942=ORIENTED_EDGE('',*,*,#1388,.F.);
#1943=ORIENTED_EDGE('',*,*,#1287,.F.);
#1944=ORIENTED_EDGE('',*,*,#1266,.F.);
#1945=ORIENTED_EDGE('',*,*,#1270,.F.);
#1946=ORIENTED_EDGE('',*,*,#1406,.T.);
#1947=ORIENTED_EDGE('',*,*,#1233,.T.);
#1948=ORIENTED_EDGE('',*,*,#1407,.T.);
#1949=ORIENTED_EDGE('',*,*,#1140,.F.);
#1950=ORIENTED_EDGE('',*,*,#1145,.F.);
#1951=ORIENTED_EDGE('',*,*,#1408,.F.);
#1952=ORIENTED_EDGE('',*,*,#1409,.F.);
#1953=ORIENTED_EDGE('',*,*,#1136,.F.);
#1954=ORIENTED_EDGE('',*,*,#1409,.T.);
#1955=ORIENTED_EDGE('',*,*,#1410,.F.);
#1956=ORIENTED_EDGE('',*,*,#1411,.T.);
#1957=ORIENTED_EDGE('',*,*,#1148,.F.);
#1958=ORIENTED_EDGE('',*,*,#1412,.F.);
#1959=ORIENTED_EDGE('',*,*,#1413,.F.);
#1960=ORIENTED_EDGE('',*,*,#1414,.T.);
#1961=ORIENTED_EDGE('',*,*,#1232,.F.);
#1962=ORIENTED_EDGE('',*,*,#1411,.F.);
#1963=ORIENTED_EDGE('',*,*,#1415,.F.);
#1964=ORIENTED_EDGE('',*,*,#1246,.F.);
#1965=ORIENTED_EDGE('',*,*,#1252,.F.);
#1966=ORIENTED_EDGE('',*,*,#1416,.T.);
#1967=ORIENTED_EDGE('',*,*,#1417,.F.);
#1968=ORIENTED_EDGE('',*,*,#1418,.F.);
#1969=ORIENTED_EDGE('',*,*,#1225,.F.);
#1970=ORIENTED_EDGE('',*,*,#1254,.F.);
#1971=ORIENTED_EDGE('',*,*,#1385,.T.);
#1972=ORIENTED_EDGE('',*,*,#1407,.F.);
#1973=ORIENTED_EDGE('',*,*,#1222,.T.);
#1974=ORIENTED_EDGE('',*,*,#1419,.T.);
#1975=ORIENTED_EDGE('',*,*,#1419,.F.);
#1976=ORIENTED_EDGE('',*,*,#1413,.T.);
#1977=ORIENTED_EDGE('',*,*,#1420,.F.);
#1978=ORIENTED_EDGE('',*,*,#1417,.T.);
#1979=ORIENTED_EDGE('',*,*,#1421,.T.);
#1980=ORIENTED_EDGE('',*,*,#1191,.F.);
#1981=ORIENTED_EDGE('',*,*,#1220,.F.);
#1982=ORIENTED_EDGE('',*,*,#1390,.F.);
#1983=ORIENTED_EDGE('',*,*,#1202,.T.);
#1984=ORIENTED_EDGE('',*,*,#1422,.T.);
#1985=ORIENTED_EDGE('',*,*,#1423,.T.);
#1986=ORIENTED_EDGE('',*,*,#1424,.T.);
#1987=ORIENTED_EDGE('',*,*,#1425,.T.);
#1988=ORIENTED_EDGE('',*,*,#1426,.T.);
#1989=ORIENTED_EDGE('',*,*,#1422,.F.);
#1990=ORIENTED_EDGE('',*,*,#1427,.T.);
#1991=ORIENTED_EDGE('',*,*,#1425,.F.);
#1992=ORIENTED_EDGE('',*,*,#1428,.T.);
#1993=ORIENTED_EDGE('',*,*,#1256,.T.);
#1994=ORIENTED_EDGE('',*,*,#1427,.F.);
#1995=ORIENTED_EDGE('',*,*,#1429,.T.);
#1996=ORIENTED_EDGE('',*,*,#1383,.T.);
#1997=ORIENTED_EDGE('',*,*,#1430,.F.);
#1998=ORIENTED_EDGE('',*,*,#1424,.F.);
#1999=ORIENTED_EDGE('',*,*,#1151,.T.);
#2000=ORIENTED_EDGE('',*,*,#1431,.F.);
#2001=ORIENTED_EDGE('',*,*,#1432,.T.);
#2002=ORIENTED_EDGE('',*,*,#1412,.T.);
#2003=ORIENTED_EDGE('',*,*,#1147,.F.);
#2004=ORIENTED_EDGE('',*,*,#1380,.T.);
#2005=ORIENTED_EDGE('',*,*,#1429,.F.);
#2006=ORIENTED_EDGE('',*,*,#1423,.F.);
#2007=ORIENTED_EDGE('',*,*,#1433,.T.);
#2008=ORIENTED_EDGE('',*,*,#1320,.T.);
#2009=ORIENTED_EDGE('',*,*,#1434,.T.);
#2010=ORIENTED_EDGE('',*,*,#1184,.T.);
#2011=ORIENTED_EDGE('',*,*,#1152,.T.);
#2012=ORIENTED_EDGE('',*,*,#1435,.T.);
#2013=ORIENTED_EDGE('',*,*,#1436,.T.);
#2014=ORIENTED_EDGE('',*,*,#1437,.T.);
#2015=ORIENTED_EDGE('',*,*,#1438,.F.);
#2016=ORIENTED_EDGE('',*,*,#1217,.T.);
#2017=ORIENTED_EDGE('',*,*,#1338,.F.);
#2018=ORIENTED_EDGE('',*,*,#1336,.T.);
#2019=ORIENTED_EDGE('',*,*,#1335,.F.);
#2020=ORIENTED_EDGE('',*,*,#1437,.F.);
#2021=ORIENTED_EDGE('',*,*,#1436,.F.);
#2022=ORIENTED_EDGE('',*,*,#1439,.T.);
#2023=ORIENTED_EDGE('',*,*,#1440,.T.);
#2024=ORIENTED_EDGE('',*,*,#1441,.F.);
#2025=ORIENTED_EDGE('',*,*,#1440,.F.);
#2026=ORIENTED_EDGE('',*,*,#1442,.T.);
#2027=ORIENTED_EDGE('',*,*,#1214,.T.);
#2028=ORIENTED_EDGE('',*,*,#1213,.T.);
#2029=ORIENTED_EDGE('',*,*,#1391,.T.);
#2030=ORIENTED_EDGE('',*,*,#1219,.T.);
#2031=ORIENTED_EDGE('',*,*,#1438,.T.);
#2032=ORIENTED_EDGE('',*,*,#1441,.T.);
#2033=ORIENTED_EDGE('',*,*,#1442,.F.);
#2034=ORIENTED_EDGE('',*,*,#1443,.F.);
#2035=ORIENTED_EDGE('',*,*,#1444,.F.);
#2036=ORIENTED_EDGE('',*,*,#1392,.T.);
#2037=ORIENTED_EDGE('',*,*,#1439,.F.);
#2038=ORIENTED_EDGE('',*,*,#1445,.T.);
#2039=ORIENTED_EDGE('',*,*,#1446,.T.);
#2040=ORIENTED_EDGE('',*,*,#1443,.T.);
#2041=ORIENTED_EDGE('',*,*,#1435,.F.);
#2042=ORIENTED_EDGE('',*,*,#1343,.T.);
#2043=ORIENTED_EDGE('',*,*,#1447,.T.);
#2044=ORIENTED_EDGE('',*,*,#1445,.F.);
#2045=ORIENTED_EDGE('',*,*,#1448,.T.);
#2046=ORIENTED_EDGE('',*,*,#1449,.T.);
#2047=ORIENTED_EDGE('',*,*,#1450,.F.);
#2048=ORIENTED_EDGE('',*,*,#1398,.F.);
#2049=ORIENTED_EDGE('',*,*,#1451,.T.);
#2050=ORIENTED_EDGE('',*,*,#1452,.T.);
#2051=ORIENTED_EDGE('',*,*,#1449,.F.);
#2052=ORIENTED_EDGE('',*,*,#1453,.T.);
#2053=ORIENTED_EDGE('',*,*,#1454,.F.);
#2054=ORIENTED_EDGE('',*,*,#1451,.F.);
#2055=ORIENTED_EDGE('',*,*,#1455,.T.);
#2056=ORIENTED_EDGE('',*,*,#1347,.T.);
#2057=ORIENTED_EDGE('',*,*,#1455,.F.);
#2058=ORIENTED_EDGE('',*,*,#1456,.F.);
#2059=ORIENTED_EDGE('',*,*,#1457,.F.);
#2060=ORIENTED_EDGE('',*,*,#1350,.T.);
#2061=ORIENTED_EDGE('',*,*,#1453,.F.);
#2062=ORIENTED_EDGE('',*,*,#1458,.T.);
#2063=ORIENTED_EDGE('',*,*,#1459,.F.);
#2064=ORIENTED_EDGE('',*,*,#1456,.T.);
#2065=ORIENTED_EDGE('',*,*,#1448,.F.);
#2066=ORIENTED_EDGE('',*,*,#1405,.T.);
#2067=ORIENTED_EDGE('',*,*,#1460,.T.);
#2068=ORIENTED_EDGE('',*,*,#1458,.F.);
#2069=ORIENTED_EDGE('',*,*,#1239,.F.);
#2070=ORIENTED_EDGE('',*,*,#1159,.T.);
#2071=ORIENTED_EDGE('',*,*,#1461,.T.);
#2072=ORIENTED_EDGE('',*,*,#1462,.T.);
#2073=ORIENTED_EDGE('',*,*,#1236,.F.);
#2074=ORIENTED_EDGE('',*,*,#1426,.F.);
#2075=ORIENTED_EDGE('',*,*,#1255,.F.);
#2076=ORIENTED_EDGE('',*,*,#1462,.F.);
#2077=ORIENTED_EDGE('',*,*,#1463,.T.);
#2078=ORIENTED_EDGE('',*,*,#1280,.T.);
#2079=ORIENTED_EDGE('',*,*,#1374,.T.);
#2080=ORIENTED_EDGE('',*,*,#1323,.T.);
#2081=ORIENTED_EDGE('',*,*,#1433,.F.);
#2082=ORIENTED_EDGE('',*,*,#1406,.F.);
#2083=ORIENTED_EDGE('',*,*,#1269,.F.);
#2084=ORIENTED_EDGE('',*,*,#1180,.F.);
#2085=ORIENTED_EDGE('',*,*,#1281,.T.);
#2086=ORIENTED_EDGE('',*,*,#1463,.F.);
#2087=ORIENTED_EDGE('',*,*,#1461,.F.);
#2088=ORIENTED_EDGE('',*,*,#1158,.T.);
#2089=ORIENTED_EDGE('',*,*,#1234,.T.);
#2090=ORIENTED_EDGE('',*,*,#1401,.T.);
#2091=ORIENTED_EDGE('',*,*,#1399,.T.);
#2092=ORIENTED_EDGE('',*,*,#1450,.T.);
#2093=ORIENTED_EDGE('',*,*,#1452,.F.);
#2094=ORIENTED_EDGE('',*,*,#1454,.T.);
#2095=ORIENTED_EDGE('',*,*,#1349,.T.);
#2096=ORIENTED_EDGE('',*,*,#1345,.F.);
#2097=ORIENTED_EDGE('',*,*,#1294,.F.);
#2098=ORIENTED_EDGE('',*,*,#1402,.T.);
#2099=ORIENTED_EDGE('',*,*,#1298,.T.);
#2100=ORIENTED_EDGE('',*,*,#1353,.T.);
#2101=ORIENTED_EDGE('',*,*,#1351,.F.);
#2102=ORIENTED_EDGE('',*,*,#1457,.T.);
#2103=ORIENTED_EDGE('',*,*,#1459,.T.);
#2104=ORIENTED_EDGE('',*,*,#1460,.F.);
#2105=ORIENTED_EDGE('',*,*,#1404,.F.);
#2106=ORIENTED_EDGE('',*,*,#1395,.F.);
#2107=ORIENTED_EDGE('',*,*,#1393,.T.);
#2108=ORIENTED_EDGE('',*,*,#1444,.T.);
#2109=ORIENTED_EDGE('',*,*,#1446,.F.);
#2110=ORIENTED_EDGE('',*,*,#1447,.F.);
#2111=ORIENTED_EDGE('',*,*,#1342,.T.);
#2112=ORIENTED_EDGE('',*,*,#1340,.F.);
#2113=ORIENTED_EDGE('',*,*,#1291,.F.);
#2114=ORIENTED_EDGE('',*,*,#1464,.T.);
#2115=ORIENTED_EDGE('',*,*,#1408,.T.);
#2116=ORIENTED_EDGE('',*,*,#1144,.F.);
#2117=ORIENTED_EDGE('',*,*,#1142,.F.);
#2118=ORIENTED_EDGE('',*,*,#1464,.F.);
#2119=ORIENTED_EDGE('',*,*,#1154,.F.);
#2120=ORIENTED_EDGE('',*,*,#1465,.F.);
#2121=ORIENTED_EDGE('',*,*,#1410,.T.);
#2122=ORIENTED_EDGE('',*,*,#1149,.T.);
#2123=ORIENTED_EDGE('',*,*,#1414,.F.);
#2124=ORIENTED_EDGE('',*,*,#1466,.T.);
#2125=ORIENTED_EDGE('',*,*,#1467,.T.);
#2126=ORIENTED_EDGE('',*,*,#1150,.T.);
#2127=ORIENTED_EDGE('',*,*,#1467,.F.);
#2128=ORIENTED_EDGE('',*,*,#1468,.T.);
#2129=ORIENTED_EDGE('',*,*,#1431,.T.);
#2130=ORIENTED_EDGE('',*,*,#1168,.F.);
#2131=ORIENTED_EDGE('',*,*,#1302,.F.);
#2132=ORIENTED_EDGE('',*,*,#1355,.F.);
#2133=ORIENTED_EDGE('',*,*,#1189,.T.);
#2134=ORIENTED_EDGE('',*,*,#1175,.F.);
#2135=ORIENTED_EDGE('',*,*,#1434,.F.);
#2136=ORIENTED_EDGE('',*,*,#1331,.T.);
#2137=ORIENTED_EDGE('',*,*,#1360,.T.);
#2138=ORIENTED_EDGE('',*,*,#1357,.T.);
#2139=ORIENTED_EDGE('',*,*,#1305,.F.);
#2140=ORIENTED_EDGE('',*,*,#1328,.F.);
#2141=ORIENTED_EDGE('',*,*,#1387,.T.);
#2142=ORIENTED_EDGE('',*,*,#1247,.T.);
#2143=ORIENTED_EDGE('',*,*,#1415,.T.);
#2144=ORIENTED_EDGE('',*,*,#1465,.T.);
#2145=ORIENTED_EDGE('',*,*,#1245,.F.);
#2146=ORIENTED_EDGE('',*,*,#1469,.T.);
#2147=ORIENTED_EDGE('',*,*,#1416,.F.);
#2148=ORIENTED_EDGE('',*,*,#1251,.T.);
#2149=ORIENTED_EDGE('',*,*,#1470,.T.);
#2150=ORIENTED_EDGE('',*,*,#1250,.T.);
#2151=ORIENTED_EDGE('',*,*,#1471,.T.);
#2152=ORIENTED_EDGE('',*,*,#1472,.T.);
#2153=ORIENTED_EDGE('',*,*,#1470,.F.);
#2154=ORIENTED_EDGE('',*,*,#1428,.F.);
#2155=ORIENTED_EDGE('',*,*,#1430,.T.);
#2156=ORIENTED_EDGE('',*,*,#1386,.T.);
#2157=ORIENTED_EDGE('',*,*,#1253,.F.);
#2158=ORIENTED_EDGE('',*,*,#1418,.T.);
#2159=ORIENTED_EDGE('',*,*,#1473,.T.);
#2160=ORIENTED_EDGE('',*,*,#1471,.F.);
#2161=ORIENTED_EDGE('',*,*,#1249,.T.);
#2162=ORIENTED_EDGE('',*,*,#1221,.F.);
#2163=ORIENTED_EDGE('',*,*,#1474,.T.);
#2164=ORIENTED_EDGE('',*,*,#1474,.F.);
#2165=ORIENTED_EDGE('',*,*,#1468,.F.);
#2166=ORIENTED_EDGE('',*,*,#1475,.F.);
#2167=ORIENTED_EDGE('',*,*,#1472,.F.);
#2168=ORIENTED_EDGE('',*,*,#1476,.T.);
#2169=ORIENTED_EDGE('',*,*,#1432,.F.);
#2170=ORIENTED_EDGE('',*,*,#1476,.F.);
#2171=ORIENTED_EDGE('',*,*,#1473,.F.);
#2172=ORIENTED_EDGE('',*,*,#1420,.T.);
#2173=ORIENTED_EDGE('',*,*,#1466,.F.);
#2174=ORIENTED_EDGE('',*,*,#1421,.F.);
#2175=ORIENTED_EDGE('',*,*,#1469,.F.);
#2176=ORIENTED_EDGE('',*,*,#1475,.T.);
#2177=CYLINDRICAL_SURFACE('',#2412,2.);
#2178=CYLINDRICAL_SURFACE('',#2423,1.);
#2179=CYLINDRICAL_SURFACE('',#2431,2.);
#2180=CYLINDRICAL_SURFACE('',#2447,1.);
#2181=CYLINDRICAL_SURFACE('',#2449,0.5);
#2182=CYLINDRICAL_SURFACE('',#2452,0.5);
#2183=CYLINDRICAL_SURFACE('',#2454,0.5);
#2184=CYLINDRICAL_SURFACE('',#2478,1.);
#2185=CYLINDRICAL_SURFACE('',#2482,1.5);
#2186=CYLINDRICAL_SURFACE('',#2489,1.);
#2187=CYLINDRICAL_SURFACE('',#2493,1.);
#2188=CYLINDRICAL_SURFACE('',#2496,1.);
#2189=CYLINDRICAL_SURFACE('',#2501,1.);
#2190=CYLINDRICAL_SURFACE('',#2507,1.);
#2191=CYLINDRICAL_SURFACE('',#2509,1.5);
#2192=CYLINDRICAL_SURFACE('',#2516,1.);
#2193=CYLINDRICAL_SURFACE('',#2520,1.5);
#2194=CYLINDRICAL_SURFACE('',#2522,3.5);
#2195=CYLINDRICAL_SURFACE('',#2527,1.);
#2196=CYLINDRICAL_SURFACE('',#2531,1.5);
#2197=CYLINDRICAL_SURFACE('',#2538,1.5);
#2198=CYLINDRICAL_SURFACE('',#2540,1.);
#2199=CYLINDRICAL_SURFACE('',#2543,1.);
#2200=CYLINDRICAL_SURFACE('',#2546,1.);
#2201=CYLINDRICAL_SURFACE('',#2548,1.);
#2202=CYLINDRICAL_SURFACE('',#2558,1.);
#2203=CYLINDRICAL_SURFACE('',#2564,1.);
#2204=CYLINDRICAL_SURFACE('',#2570,0.5);
#2205=CYLINDRICAL_SURFACE('',#2574,1.5);
#2206=CYLINDRICAL_SURFACE('',#2576,0.5);
#2207=CYLINDRICAL_SURFACE('',#2582,1.5);
#2208=CYLINDRICAL_SURFACE('',#2585,1.);
#2209=CYLINDRICAL_SURFACE('',#2587,1.);
#2210=CYLINDRICAL_SURFACE('',#2589,1.);
#2211=CYLINDRICAL_SURFACE('',#2590,1.);
#2212=CYLINDRICAL_SURFACE('',#2592,1.);
#2213=CYLINDRICAL_SURFACE('',#2594,1.);
#2214=CYLINDRICAL_SURFACE('',#2596,1.);
#2215=CYLINDRICAL_SURFACE('',#2598,1.);
#2216=CYLINDRICAL_SURFACE('',#2599,1.);
#2217=CYLINDRICAL_SURFACE('',#2609,1.);
#2218=CYLINDRICAL_SURFACE('',#2614,1.);
#2219=CYLINDRICAL_SURFACE('',#2615,0.5);
#2220=CYLINDRICAL_SURFACE('',#2617,1.5);
#2221=CYLINDRICAL_SURFACE('',#2625,0.5);
#2222=CYLINDRICAL_SURFACE('',#2627,1.5);
#2223=CYLINDRICAL_SURFACE('',#2630,1.);
#2224=CYLINDRICAL_SURFACE('',#2633,1.);
#2225=CYLINDRICAL_SURFACE('',#2636,1.);
#2226=CYLINDRICAL_SURFACE('',#2638,1.);
#2227=CYLINDRICAL_SURFACE('',#2641,1.);
#2228=CYLINDRICAL_SURFACE('',#2650,1.);
#2229=CYLINDRICAL_SURFACE('',#2655,1.);
#2230=CYLINDRICAL_SURFACE('',#2657,1.);
#2231=CYLINDRICAL_SURFACE('',#2658,0.5);
#2232=CYLINDRICAL_SURFACE('',#2664,0.5);
#2233=CYLINDRICAL_SURFACE('',#2666,1.5);
#2234=CYLINDRICAL_SURFACE('',#2669,0.5);
#2235=CYLINDRICAL_SURFACE('',#2675,0.5);
#2236=CYLINDRICAL_SURFACE('',#2677,1.5);
#2237=CYLINDRICAL_SURFACE('',#2680,1.5);
#2238=CYLINDRICAL_SURFACE('',#2685,1.);
#2239=CYLINDRICAL_SURFACE('',#2687,1.);
#2240=CYLINDRICAL_SURFACE('',#2689,1.);
#2241=CYLINDRICAL_SURFACE('',#2691,1.);
#2242=CYLINDRICAL_SURFACE('',#2692,1.);
#2243=CYLINDRICAL_SURFACE('',#2694,1.);
#2244=CYLINDRICAL_SURFACE('',#2696,1.);
#2245=ADVANCED_FACE('',(#153),#2177,.T.);
#2246=ADVANCED_FACE('',(#154),#133,.T.);
#2247=ADVANCED_FACE('',(#155),#134,.T.);
#2248=ADVANCED_FACE('',(#156),#2178,.T.);
#2249=ADVANCED_FACE('',(#157),#39,.F.);
#2250=ADVANCED_FACE('',(#158),#40,.F.);
#2251=ADVANCED_FACE('',(#159,#31),#41,.T.);
#2252=ADVANCED_FACE('',(#160),#2179,.T.);
#2253=ADVANCED_FACE('',(#161),#135,.T.);
#2254=ADVANCED_FACE('',(#162),#136,.T.);
#2255=ADVANCED_FACE('',(#163),#42,.F.);
#2256=ADVANCED_FACE('',(#164),#43,.F.);
#2257=ADVANCED_FACE('',(#165),#44,.T.);
#2258=ADVANCED_FACE('',(#166),#2180,.T.);
#2259=ADVANCED_FACE('',(#167),#2181,.F.);
#2260=ADVANCED_FACE('',(#168),#2182,.F.);
#2261=ADVANCED_FACE('',(#169),#2183,.F.);
#2262=ADVANCED_FACE('',(#170),#45,.F.);
#2263=ADVANCED_FACE('',(#171,#32,#33),#46,.T.);
#2264=ADVANCED_FACE('',(#172),#137,.T.);
#2265=ADVANCED_FACE('',(#173),#138,.T.);
#2266=ADVANCED_FACE('',(#174),#47,.F.);
#2267=ADVANCED_FACE('',(#175,#34,#35,#36),#48,.F.);
#2268=ADVANCED_FACE('',(#176),#27,.T.);
#2269=ADVANCED_FACE('',(#177),#139,.F.);
#2270=ADVANCED_FACE('',(#178),#2184,.F.);
#2271=ADVANCED_FACE('',(#179),#140,.F.);
#2272=ADVANCED_FACE('',(#180),#2185,.T.);
#2273=ADVANCED_FACE('',(#181),#28,.T.);
#2274=ADVANCED_FACE('',(#182),#141,.F.);
#2275=ADVANCED_FACE('',(#183),#2186,.F.);
#2276=ADVANCED_FACE('',(#184),#142,.F.);
#2277=ADVANCED_FACE('',(#185),#2187,.T.);
#2278=ADVANCED_FACE('',(#186),#49,.T.);
#2279=ADVANCED_FACE('',(#187),#2188,.T.);
#2280=ADVANCED_FACE('',(#188),#143,.F.);
#2281=ADVANCED_FACE('',(#189),#2189,.F.);
#2282=ADVANCED_FACE('',(#190),#144,.F.);
#2283=ADVANCED_FACE('',(#191),#29,.T.);
#2284=ADVANCED_FACE('',(#192),#2190,.T.);
#2285=ADVANCED_FACE('',(#193),#2191,.T.);
#2286=ADVANCED_FACE('',(#194),#30,.T.);
#2287=ADVANCED_FACE('',(#195),#145,.F.);
#2288=ADVANCED_FACE('',(#196),#2192,.F.);
#2289=ADVANCED_FACE('',(#197),#146,.F.);
#2290=ADVANCED_FACE('',(#198),#2193,.T.);
#2291=ADVANCED_FACE('',(#199),#2194,.F.);
#2292=ADVANCED_FACE('',(#200),#15,.T.);
#2293=ADVANCED_FACE('',(#201),#2195,.T.);
#2294=ADVANCED_FACE('',(#202),#16,.T.);
#2295=ADVANCED_FACE('',(#203),#2196,.T.);
#2296=ADVANCED_FACE('',(#204),#147,.T.);
#2297=ADVANCED_FACE('',(#205),#2197,.F.);
#2298=ADVANCED_FACE('',(#206),#2198,.T.);
#2299=ADVANCED_FACE('',(#207),#50,.F.);
#2300=ADVANCED_FACE('',(#208),#2199,.T.);
#2301=ADVANCED_FACE('',(#209),#2200,.T.);
#2302=ADVANCED_FACE('',(#210),#2201,.T.);
#2303=ADVANCED_FACE('',(#211),#17,.F.);
#2304=ADVANCED_FACE('',(#212),#51,.F.);
#2305=ADVANCED_FACE('',(#213),#18,.T.);
#2306=ADVANCED_FACE('',(#214),#2202,.T.);
#2307=ADVANCED_FACE('',(#215),#19,.T.);
#2308=ADVANCED_FACE('',(#216),#52,.F.);
#2309=ADVANCED_FACE('',(#217),#2203,.T.);
#2310=ADVANCED_FACE('',(#218),#148,.T.);
#2311=ADVANCED_FACE('',(#219),#2204,.T.);
#2312=ADVANCED_FACE('',(#220),#53,.T.);
#2313=ADVANCED_FACE('',(#221),#2205,.T.);
#2314=ADVANCED_FACE('',(#222),#2206,.T.);
#2315=ADVANCED_FACE('',(#223),#149,.T.);
#2316=ADVANCED_FACE('',(#224),#2207,.F.);
#2317=ADVANCED_FACE('',(#225),#54,.T.);
#2318=ADVANCED_FACE('',(#226),#2208,.T.);
#2319=ADVANCED_FACE('',(#227),#55,.T.);
#2320=ADVANCED_FACE('',(#228),#2209,.T.);
#2321=ADVANCED_FACE('',(#229),#2210,.T.);
#2322=ADVANCED_FACE('',(#230),#2211,.T.);
#2323=ADVANCED_FACE('',(#231),#2212,.T.);
#2324=ADVANCED_FACE('',(#232),#56,.F.);
#2325=ADVANCED_FACE('',(#233),#2213,.T.);
#2326=ADVANCED_FACE('',(#234),#2214,.T.);
#2327=ADVANCED_FACE('',(#235),#2215,.T.);
#2328=ADVANCED_FACE('',(#236),#2216,.T.);
#2329=ADVANCED_FACE('',(#237),#20,.F.);
#2330=ADVANCED_FACE('',(#238),#57,.T.);
#2331=ADVANCED_FACE('',(#239),#58,.T.);
#2332=ADVANCED_FACE('',(#240),#59,.T.);
#2333=ADVANCED_FACE('',(#241),#21,.T.);
#2334=ADVANCED_FACE('',(#242),#2217,.T.);
#2335=ADVANCED_FACE('',(#243),#22,.T.);
#2336=ADVANCED_FACE('',(#244),#2218,.T.);
#2337=ADVANCED_FACE('',(#245),#2219,.T.);
#2338=ADVANCED_FACE('',(#246),#2220,.T.);
#2339=ADVANCED_FACE('',(#247),#60,.T.);
#2340=ADVANCED_FACE('',(#248),#150,.T.);
#2341=ADVANCED_FACE('',(#249),#2221,.T.);
#2342=ADVANCED_FACE('',(#250),#61,.T.);
#2343=ADVANCED_FACE('',(#251),#2222,.F.);
#2344=ADVANCED_FACE('',(#252),#62,.F.);
#2345=ADVANCED_FACE('',(#253),#2223,.T.);
#2346=ADVANCED_FACE('',(#254),#63,.T.);
#2347=ADVANCED_FACE('',(#255),#2224,.T.);
#2348=ADVANCED_FACE('',(#256),#2225,.T.);
#2349=ADVANCED_FACE('',(#257),#2226,.T.);
#2350=ADVANCED_FACE('',(#258),#2227,.T.);
#2351=ADVANCED_FACE('',(#259),#23,.F.);
#2352=ADVANCED_FACE('',(#260),#64,.T.);
#2353=ADVANCED_FACE('',(#261),#65,.T.);
#2354=ADVANCED_FACE('',(#262),#24,.T.);
#2355=ADVANCED_FACE('',(#263),#2228,.T.);
#2356=ADVANCED_FACE('',(#264),#25,.T.);
#2357=ADVANCED_FACE('',(#265),#66,.T.);
#2358=ADVANCED_FACE('',(#266),#2229,.T.);
#2359=ADVANCED_FACE('',(#267),#2230,.T.);
#2360=ADVANCED_FACE('',(#268),#2231,.T.);
#2361=ADVANCED_FACE('',(#269),#151,.T.);
#2362=ADVANCED_FACE('',(#270),#2232,.T.);
#2363=ADVANCED_FACE('',(#271),#67,.F.);
#2364=ADVANCED_FACE('',(#272),#2233,.T.);
#2365=ADVANCED_FACE('',(#273),#68,.F.);
#2366=ADVANCED_FACE('',(#274),#2234,.T.);
#2367=ADVANCED_FACE('',(#275),#152,.T.);
#2368=ADVANCED_FACE('',(#276),#2235,.T.);
#2369=ADVANCED_FACE('',(#277),#69,.F.);
#2370=ADVANCED_FACE('',(#278),#2236,.F.);
#2371=ADVANCED_FACE('',(#279),#70,.F.);
#2372=ADVANCED_FACE('',(#280),#2237,.T.);
#2373=ADVANCED_FACE('',(#281),#71,.T.);
#2374=ADVANCED_FACE('',(#282,#37),#72,.T.);
#2375=ADVANCED_FACE('',(#283,#38),#73,.F.);
#2376=ADVANCED_FACE('',(#284),#2238,.T.);
#2377=ADVANCED_FACE('',(#285),#74,.F.);
#2378=ADVANCED_FACE('',(#286),#2239,.T.);
#2379=ADVANCED_FACE('',(#287),#2240,.T.);
#2380=ADVANCED_FACE('',(#288),#75,.F.);
#2381=ADVANCED_FACE('',(#289),#2241,.T.);
#2382=ADVANCED_FACE('',(#290),#2242,.T.);
#2383=ADVANCED_FACE('',(#291),#2243,.T.);
#2384=ADVANCED_FACE('',(#292),#2244,.T.);
#2385=ADVANCED_FACE('',(#293),#26,.F.);
#2386=ADVANCED_FACE('',(#294),#76,.F.);
#2387=ADVANCED_FACE('',(#295),#77,.F.);
#2388=ADVANCED_FACE('',(#296),#78,.F.);
#2389=CLOSED_SHELL('',(#2245,#2246,#2247,#2248,#2249,#2250,#2251,#2252,
#2253,#2254,#2255,#2256,#2257,#2258,#2259,#2260,#2261,#2262,#2263,#2264,
#2265,#2266,#2267,#2268,#2269,#2270,#2271,#2272,#2273,#2274,#2275,#2276,
#2277,#2278,#2279,#2280,#2281,#2282,#2283,#2284,#2285,#2286,#2287,#2288,
#2289,#2290,#2291,#2292,#2293,#2294,#2295,#2296,#2297,#2298,#2299,#2300,
#2301,#2302,#2303,#2304,#2305,#2306,#2307,#2308,#2309,#2310,#2311,#2312,
#2313,#2314,#2315,#2316,#2317,#2318,#2319,#2320,#2321,#2322,#2323,#2324,
#2325,#2326,#2327,#2328,#2329,#2330,#2331,#2332,#2333,#2334,#2335,#2336,
#2337,#2338,#2339,#2340,#2341,#2342,#2343,#2344,#2345,#2346,#2347,#2348,
#2349,#2350,#2351,#2352,#2353,#2354,#2355,#2356,#2357,#2358,#2359,#2360,
#2361,#2362,#2363,#2364,#2365,#2366,#2367,#2368,#2369,#2370,#2371,#2372,
#2373,#2374,#2375,#2376,#2377,#2378,#2379,#2380,#2381,#2382,#2383,#2384,
#2385,#2386,#2387,#2388));
#2390=DERIVED_UNIT_ELEMENT(#2393,1.);
#2391=DERIVED_UNIT_ELEMENT(#4530,-3.);
#2392=DIMENSIONAL_EXPONENTS(0.,1.,0.,0.,0.,0.,0.);
#2393=(
CONVERSION_BASED_UNIT('gram',#2395)
MASS_UNIT()
NAMED_UNIT(#2392)
);
#2394=(
MASS_UNIT()
NAMED_UNIT(*)
SI_UNIT(.KILO.,.GRAM.)
);
#2395=MASS_MEASURE_WITH_UNIT(MASS_MEASURE(0.001),#2394);
#2396=DERIVED_UNIT((#2390,#2391));
#2397=MEASURE_REPRESENTATION_ITEM('density measure',
POSITIVE_RATIO_MEASURE(1.),#2396);
#2398=PROPERTY_DEFINITION_REPRESENTATION(#2403,#2400);
#2399=PROPERTY_DEFINITION_REPRESENTATION(#2404,#2401);
#2400=REPRESENTATION('material name',(#2402),#4527);
#2401=REPRESENTATION('density',(#2397),#4527);
#2402=DESCRIPTIVE_REPRESENTATION_ITEM('Generic','Generic');
#2403=PROPERTY_DEFINITION('material property','material name',#4537);
#2404=PROPERTY_DEFINITION('material property','density of part',#4537);
#2405=DATE_TIME_ROLE('creation_date');
#2406=APPLIED_DATE_AND_TIME_ASSIGNMENT(#2407,#2405,(#4537));
#2407=DATE_AND_TIME(#2408,#2409);
#2408=CALENDAR_DATE(2026,14,4);
#2409=LOCAL_TIME(0,0,0.,#2410);
#2410=COORDINATED_UNIVERSAL_TIME_OFFSET(0,0,.BEHIND.);
#2411=AXIS2_PLACEMENT_3D('',#3460,#2702,#2703);
#2412=AXIS2_PLACEMENT_3D('',#3461,#2704,#2705);
#2413=AXIS2_PLACEMENT_3D('',#3464,#2706,#2707);
#2414=AXIS2_PLACEMENT_3D('',#3468,#2709,#2710);
#2415=AXIS2_PLACEMENT_3D('',#3470,#2712,#2713);
#2416=AXIS2_PLACEMENT_3D('',#3486,#2714,#2715);
#2417=AXIS2_PLACEMENT_3D('',#3487,#2716,#2717);
#2418=AXIS2_PLACEMENT_3D('',#3489,#2718,#2719);
#2419=AXIS2_PLACEMENT_3D('',#3496,#2720,#2721);
#2420=AXIS2_PLACEMENT_3D('',#3505,#2722,#2723);
#2421=AXIS2_PLACEMENT_3D('',#3507,#2724,#2725);
#2422=AXIS2_PLACEMENT_3D('',#3509,#2726,#2727);
#2423=AXIS2_PLACEMENT_3D('',#3522,#2728,#2729);
#2424=AXIS2_PLACEMENT_3D('',#3526,#2731,#2732);
#2425=AXIS2_PLACEMENT_3D('',#3528,#2734,#2735);
#2426=AXIS2_PLACEMENT_3D('',#3545,#2745,#2746);
#2427=AXIS2_PLACEMENT_3D('',#3549,#2749,#2750);
#2428=AXIS2_PLACEMENT_3D('',#3551,#2751,#2752);
#2429=AXIS2_PLACEMENT_3D('',#3562,#2758,#2759);
#2430=AXIS2_PLACEMENT_3D('',#3564,#2760,#2761);
#2431=AXIS2_PLACEMENT_3D('',#3565,#2762,#2763);
#2432=AXIS2_PLACEMENT_3D('',#3568,#2764,#2765);
#2433=AXIS2_PLACEMENT_3D('',#3572,#2767,#2768);
#2434=AXIS2_PLACEMENT_3D('',#3574,#2770,#2771);
#2435=AXIS2_PLACEMENT_3D('',#3590,#2772,#2773);
#2436=AXIS2_PLACEMENT_3D('',#3591,#2774,#2775);
#2437=AXIS2_PLACEMENT_3D('',#3593,#2776,#2777);
#2438=AXIS2_PLACEMENT_3D('',#3600,#2778,#2779);
#2439=AXIS2_PLACEMENT_3D('',#3609,#2780,#2781);
#2440=AXIS2_PLACEMENT_3D('',#3611,#2782,#2783);
#2441=AXIS2_PLACEMENT_3D('',#3613,#2784,#2785);
#2442=AXIS2_PLACEMENT_3D('',#3626,#2786,#2787);
#2443=AXIS2_PLACEMENT_3D('',#3628,#2788,#2789);
#2444=AXIS2_PLACEMENT_3D('',#3639,#2795,#2796);
#2445=AXIS2_PLACEMENT_3D('',#3640,#2797,#2798);
#2446=AXIS2_PLACEMENT_3D('',#3643,#2801,#2802);
#2447=AXIS2_PLACEMENT_3D('',#3649,#2806,#2807);
#2448=AXIS2_PLACEMENT_3D('',#3652,#2809,#2810);
#2449=AXIS2_PLACEMENT_3D('',#3653,#2811,#2812);
#2450=AXIS2_PLACEMENT_3D('',#3658,#2814,#2815);
#2451=AXIS2_PLACEMENT_3D('',#3661,#2817,#2818);
#2452=AXIS2_PLACEMENT_3D('',#3662,#2819,#2820);
#2453=AXIS2_PLACEMENT_3D('',#3667,#2823,#2824);
#2454=AXIS2_PLACEMENT_3D('',#3668,#2825,#2826);
#2455=AXIS2_PLACEMENT_3D('',#3672,#2828,#2829);
#2456=AXIS2_PLACEMENT_3D('',#3674,#2831,#2832);
#2457=AXIS2_PLACEMENT_3D('',#3676,#2834,#2835);
#2458=AXIS2_PLACEMENT_3D('',#3683,#2839,#2840);
#2459=AXIS2_PLACEMENT_3D('',#3685,#2841,#2842);
#2460=AXIS2_PLACEMENT_3D('',#3686,#2843,#2844);
#2461=AXIS2_PLACEMENT_3D('',#3715,#2845,#2846);
#2462=AXIS2_PLACEMENT_3D('',#3717,#2847,#2848);
#2463=AXIS2_PLACEMENT_3D('',#3718,#2849,#2850);
#2464=AXIS2_PLACEMENT_3D('',#3719,#2851,#2852);
#2465=AXIS2_PLACEMENT_3D('',#3748,#2853,#2854);
#2466=AXIS2_PLACEMENT_3D('',#3750,#2855,#2856);
#2467=AXIS2_PLACEMENT_3D('',#3751,#2857,#2858);
#2468=AXIS2_PLACEMENT_3D('',#3752,#2859,#2860);
#2469=AXIS2_PLACEMENT_3D('',#3756,#2863,#2864);
#2470=AXIS2_PLACEMENT_3D('',#3761,#2867,#2868);
#2471=AXIS2_PLACEMENT_3D('',#3763,#2869,#2870);
#2472=AXIS2_PLACEMENT_3D('',#3765,#2871,#2872);
#2473=AXIS2_PLACEMENT_3D('',#3808,#2873,#2874);
#2474=AXIS2_PLACEMENT_3D('',#3826,#2875,#2876);
#2475=AXIS2_PLACEMENT_3D('',#3828,#2877,#2878);
#2476=AXIS2_PLACEMENT_3D('',#3829,#2879,#2880);
#2477=AXIS2_PLACEMENT_3D('',#3830,#2881,#2882);
#2478=AXIS2_PLACEMENT_3D('',#3831,#2883,#2884);
#2479=AXIS2_PLACEMENT_3D('',#3833,#2885,#2886);
#2480=AXIS2_PLACEMENT_3D('',#3835,#2888,#2889);
#2481=AXIS2_PLACEMENT_3D('',#3836,#2890,#2891);
#2482=AXIS2_PLACEMENT_3D('',#3837,#2892,#2893);
#2483=AXIS2_PLACEMENT_3D('',#3840,#2895,#2896);
#2484=AXIS2_PLACEMENT_3D('',#3883,#2897,#2898);
#2485=AXIS2_PLACEMENT_3D('',#3901,#2899,#2900);
#2486=AXIS2_PLACEMENT_3D('',#3903,#2901,#2902);
#2487=AXIS2_PLACEMENT_3D('',#3904,#2903,#2904);
#2488=AXIS2_PLACEMENT_3D('',#3905,#2905,#2906);
#2489=AXIS2_PLACEMENT_3D('',#3906,#2907,#2908);
#2490=AXIS2_PLACEMENT_3D('',#3908,#2909,#2910);
#2491=AXIS2_PLACEMENT_3D('',#3910,#2912,#2913);
#2492=AXIS2_PLACEMENT_3D('',#3911,#2914,#2915);
#2493=AXIS2_PLACEMENT_3D('',#3912,#2916,#2917);
#2494=AXIS2_PLACEMENT_3D('',#3915,#2919,#2920);
#2495=AXIS2_PLACEMENT_3D('',#3916,#2921,#2922);
#2496=AXIS2_PLACEMENT_3D('',#3933,#2932,#2933);
#2497=AXIS2_PLACEMENT_3D('',#3936,#2935,#2936);
#2498=AXIS2_PLACEMENT_3D('',#3937,#2937,#2938);
#2499=AXIS2_PLACEMENT_3D('',#3939,#2939,#2940);
#2500=AXIS2_PLACEMENT_3D('',#3940,#2941,#2942);
#2501=AXIS2_PLACEMENT_3D('',#3941,#2943,#2944);
#2502=AXIS2_PLACEMENT_3D('',#3943,#2945,#2946);
#2503=AXIS2_PLACEMENT_3D('',#3945,#2948,#2949);
#2504=AXIS2_PLACEMENT_3D('',#3948,#2950,#2951);
#2505=AXIS2_PLACEMENT_3D('',#3949,#2952,#2953);
#2506=AXIS2_PLACEMENT_3D('',#3950,#2954,#2955);
#2507=AXIS2_PLACEMENT_3D('',#4008,#2956,#2957);
#2508=AXIS2_PLACEMENT_3D('',#4012,#2959,#2960);
#2509=AXIS2_PLACEMENT_3D('',#4014,#2962,#2963);
#2510=AXIS2_PLACEMENT_3D('',#4016,#2964,#2965);
#2511=AXIS2_PLACEMENT_3D('',#4060,#2967,#2968);
#2512=AXIS2_PLACEMENT_3D('',#4078,#2969,#2970);
#2513=AXIS2_PLACEMENT_3D('',#4080,#2971,#2972);
#2514=AXIS2_PLACEMENT_3D('',#4081,#2973,#2974);
#2515=AXIS2_PLACEMENT_3D('',#4082,#2975,#2976);
#2516=AXIS2_PLACEMENT_3D('',#4083,#2977,#2978);
#2517=AXIS2_PLACEMENT_3D('',#4085,#2979,#2980);
#2518=AXIS2_PLACEMENT_3D('',#4087,#2982,#2983);
#2519=AXIS2_PLACEMENT_3D('',#4088,#2984,#2985);
#2520=AXIS2_PLACEMENT_3D('',#4089,#2986,#2987);
#2521=AXIS2_PLACEMENT_3D('',#4092,#2989,#2990);
#2522=AXIS2_PLACEMENT_3D('',#4093,#2991,#2992);
#2523=AXIS2_PLACEMENT_3D('',#4095,#2994,#2995);
#2524=AXIS2_PLACEMENT_3D('',#4098,#2996,#2997);
#2525=AXIS2_PLACEMENT_3D('',#4100,#2998,#2999);
#2526=AXIS2_PLACEMENT_3D('',#4101,#3000,#3001);
#2527=AXIS2_PLACEMENT_3D('',#4102,#3002,#3003);
#2528=AXIS2_PLACEMENT_3D('',#4104,#3004,#3005);
#2529=AXIS2_PLACEMENT_3D('',#4107,#3008,#3009);
#2530=AXIS2_PLACEMENT_3D('',#4108,#3010,#3011);
#2531=AXIS2_PLACEMENT_3D('',#4109,#3012,#3013);
#2532=AXIS2_PLACEMENT_3D('',#4113,#3015,#3016);
#2533=AXIS2_PLACEMENT_3D('',#4115,#3018,#3019);
#2534=AXIS2_PLACEMENT_3D('',#4118,#3020,#3021);
#2535=AXIS2_PLACEMENT_3D('',#4120,#3022,#3023);
#2536=AXIS2_PLACEMENT_3D('',#4122,#3024,#3025);
#2537=AXIS2_PLACEMENT_3D('',#4123,#3026,#3027);
#2538=AXIS2_PLACEMENT_3D('',#4124,#3028,#3029);
#2539=AXIS2_PLACEMENT_3D('',#4128,#3031,#3032);
#2540=AXIS2_PLACEMENT_3D('',#4130,#3034,#3035);
#2541=AXIS2_PLACEMENT_3D('',#4134,#3037,#3038);
#2542=AXIS2_PLACEMENT_3D('',#4136,#3040,#3041);
#2543=AXIS2_PLACEMENT_3D('',#4140,#3044,#3045);
#2544=AXIS2_PLACEMENT_3D('',#4145,#3047,#3048);
#2545=AXIS2_PLACEMENT_3D('',#4148,#3050,#3051);
#2546=AXIS2_PLACEMENT_3D('',#4149,#3052,#3053);
#2547=AXIS2_PLACEMENT_3D('',#4152,#3055,#3056);
#2548=AXIS2_PLACEMENT_3D('',#4153,#3057,#3058);
#2549=AXIS2_PLACEMENT_3D('',#4158,#3060,#3061);
#2550=AXIS2_PLACEMENT_3D('',#4161,#3063,#3064);
#2551=AXIS2_PLACEMENT_3D('',#4162,#3065,#3066);
#2552=AXIS2_PLACEMENT_3D('',#4164,#3067,#3068);
#2553=AXIS2_PLACEMENT_3D('',#4165,#3069,#3070);
#2554=AXIS2_PLACEMENT_3D('',#4168,#3073,#3074);
#2555=AXIS2_PLACEMENT_3D('',#4171,#3075,#3076);
#2556=AXIS2_PLACEMENT_3D('',#4173,#3077,#3078);
#2557=AXIS2_PLACEMENT_3D('',#4174,#3079,#3080);
#2558=AXIS2_PLACEMENT_3D('',#4175,#3081,#3082);
#2559=AXIS2_PLACEMENT_3D('',#4178,#3083,#3084);
#2560=AXIS2_PLACEMENT_3D('',#4181,#3087,#3088);
#2561=AXIS2_PLACEMENT_3D('',#4183,#3089,#3090);
#2562=AXIS2_PLACEMENT_3D('',#4184,#3091,#3092);
#2563=AXIS2_PLACEMENT_3D('',#4185,#3093,#3094);
#2564=AXIS2_PLACEMENT_3D('',#4188,#3097,#3098);
#2565=AXIS2_PLACEMENT_3D('',#4193,#3101,#3102);
#2566=AXIS2_PLACEMENT_3D('',#4195,#3104,#3105);
#2567=AXIS2_PLACEMENT_3D('',#4211,#3106,#3107);
#2568=AXIS2_PLACEMENT_3D('',#4213,#3108,#3109);
#2569=AXIS2_PLACEMENT_3D('',#4215,#3110,#3111);
#2570=AXIS2_PLACEMENT_3D('',#4228,#3112,#3113);
#2571=AXIS2_PLACEMENT_3D('',#4230,#3115,#3116);
#2572=AXIS2_PLACEMENT_3D('',#4231,#3117,#3118);
#2573=AXIS2_PLACEMENT_3D('',#4232,#3119,#3120);
#2574=AXIS2_PLACEMENT_3D('',#4236,#3123,#3124);
#2575=AXIS2_PLACEMENT_3D('',#4238,#3125,#3126);
#2576=AXIS2_PLACEMENT_3D('',#4240,#3128,#3129);
#2577=AXIS2_PLACEMENT_3D('',#4245,#3132,#3133);
#2578=AXIS2_PLACEMENT_3D('',#4246,#3134,#3135);
#2579=AXIS2_PLACEMENT_3D('',#4249,#3136,#3137);
#2580=AXIS2_PLACEMENT_3D('',#4250,#3138,#3139);
#2581=AXIS2_PLACEMENT_3D('',#4251,#3140,#3141);
#2582=AXIS2_PLACEMENT_3D('',#4252,#3142,#3143);
#2583=AXIS2_PLACEMENT_3D('',#4256,#3145,#3146);
#2584=AXIS2_PLACEMENT_3D('',#4258,#3148,#3149);
#2585=AXIS2_PLACEMENT_3D('',#4260,#3151,#3152);
#2586=AXIS2_PLACEMENT_3D('',#4263,#3155,#3156);
#2587=AXIS2_PLACEMENT_3D('',#4265,#3158,#3159);
#2588=AXIS2_PLACEMENT_3D('',#4269,#3161,#3162);
#2589=AXIS2_PLACEMENT_3D('',#4271,#3164,#3165);
#2590=AXIS2_PLACEMENT_3D('',#4274,#3168,#3169);
#2591=AXIS2_PLACEMENT_3D('',#4276,#3170,#3171);
#2592=AXIS2_PLACEMENT_3D('',#4278,#3173,#3174);
#2593=AXIS2_PLACEMENT_3D('',#4280,#3176,#3177);
#2594=AXIS2_PLACEMENT_3D('',#4288,#3183,#3184);
#2595=AXIS2_PLACEMENT_3D('',#4291,#3186,#3187);
#2596=AXIS2_PLACEMENT_3D('',#4292,#3188,#3189);
#2597=AXIS2_PLACEMENT_3D('',#4295,#3191,#3192);
#2598=AXIS2_PLACEMENT_3D('',#4296,#3193,#3194);
#2599=AXIS2_PLACEMENT_3D('',#4298,#3196,#3197);
#2600=AXIS2_PLACEMENT_3D('',#4300,#3199,#3200);
#2601=AXIS2_PLACEMENT_3D('',#4302,#3201,#3202);
#2602=AXIS2_PLACEMENT_3D('',#4303,#3203,#3204);
#2603=AXIS2_PLACEMENT_3D('',#4306,#3207,#3208);
#2604=AXIS2_PLACEMENT_3D('',#4307,#3209,#3210);
#2605=AXIS2_PLACEMENT_3D('',#4308,#3211,#3212);
#2606=AXIS2_PLACEMENT_3D('',#4311,#3213,#3214);
#2607=AXIS2_PLACEMENT_3D('',#4312,#3215,#3216);
#2608=AXIS2_PLACEMENT_3D('',#4313,#3217,#3218);
#2609=AXIS2_PLACEMENT_3D('',#4314,#3219,#3220);
#2610=AXIS2_PLACEMENT_3D('',#4317,#3221,#3222);
#2611=AXIS2_PLACEMENT_3D('',#4320,#3225,#3226);
#2612=AXIS2_PLACEMENT_3D('',#4321,#3227,#3228);
#2613=AXIS2_PLACEMENT_3D('',#4322,#3229,#3230);
#2614=AXIS2_PLACEMENT_3D('',#4323,#3231,#3232);
#2615=AXIS2_PLACEMENT_3D('',#4326,#3235,#3236);
#2616=AXIS2_PLACEMENT_3D('',#4329,#3239,#3240);
#2617=AXIS2_PLACEMENT_3D('',#4330,#3241,#3242);
#2618=AXIS2_PLACEMENT_3D('',#4334,#3244,#3245);
#2619=AXIS2_PLACEMENT_3D('',#4336,#3247,#3248);
#2620=AXIS2_PLACEMENT_3D('',#4338,#3250,#3251);
#2621=AXIS2_PLACEMENT_3D('',#4341,#3252,#3253);
#2622=AXIS2_PLACEMENT_3D('',#4343,#3254,#3255);
#2623=AXIS2_PLACEMENT_3D('',#4345,#3256,#3257);
#2624=AXIS2_PLACEMENT_3D('',#4346,#3258,#3259);
#2625=AXIS2_PLACEMENT_3D('',#4347,#3260,#3261);
#2626=AXIS2_PLACEMENT_3D('',#4350,#3264,#3265);
#2627=AXIS2_PLACEMENT_3D('',#4354,#3268,#3269);
#2628=AXIS2_PLACEMENT_3D('',#4356,#3270,#3271);
#2629=AXIS2_PLACEMENT_3D('',#4358,#3273,#3274);
#2630=AXIS2_PLACEMENT_3D('',#4361,#3277,#3278);
#2631=AXIS2_PLACEMENT_3D('',#4363,#3279,#3280);
#2632=AXIS2_PLACEMENT_3D('',#4365,#3282,#3283);
#2633=AXIS2_PLACEMENT_3D('',#4369,#3286,#3287);
#2634=AXIS2_PLACEMENT_3D('',#4371,#3288,#3289);
#2635=AXIS2_PLACEMENT_3D('',#4374,#3291,#3292);
#2636=AXIS2_PLACEMENT_3D('',#4375,#3293,#3294);
#2637=AXIS2_PLACEMENT_3D('',#4376,#3295,#3296);
#2638=AXIS2_PLACEMENT_3D('',#4377,#3297,#3298);
#2639=AXIS2_PLACEMENT_3D('',#4379,#3299,#3300);
#2640=AXIS2_PLACEMENT_3D('',#4382,#3302,#3303);
#2641=AXIS2_PLACEMENT_3D('',#4383,#3304,#3305);
#2642=AXIS2_PLACEMENT_3D('',#4384,#3306,#3307);
#2643=AXIS2_PLACEMENT_3D('',#4386,#3308,#3309);
#2644=AXIS2_PLACEMENT_3D('',#4387,#3310,#3311);
#2645=AXIS2_PLACEMENT_3D('',#4390,#3314,#3315);
#2646=AXIS2_PLACEMENT_3D('',#4391,#3316,#3317);
#2647=AXIS2_PLACEMENT_3D('',#4394,#3318,#3319);
#2648=AXIS2_PLACEMENT_3D('',#4395,#3320,#3321);
#2649=AXIS2_PLACEMENT_3D('',#4396,#3322,#3323);
#2650=AXIS2_PLACEMENT_3D('',#4397,#3324,#3325);
#2651=AXIS2_PLACEMENT_3D('',#4399,#3326,#3327);
#2652=AXIS2_PLACEMENT_3D('',#4402,#3330,#3331);
#2653=AXIS2_PLACEMENT_3D('',#4403,#3332,#3333);
#2654=AXIS2_PLACEMENT_3D('',#4404,#3334,#3335);
#2655=AXIS2_PLACEMENT_3D('',#4407,#3338,#3339);
#2656=AXIS2_PLACEMENT_3D('',#4409,#3340,#3341);
#2657=AXIS2_PLACEMENT_3D('',#4411,#3343,#3344);
#2658=AXIS2_PLACEMENT_3D('',#4414,#3347,#3348);
#2659=AXIS2_PLACEMENT_3D('',#4418,#3350,#3351);
#2660=AXIS2_PLACEMENT_3D('',#4432,#3352,#3353);
#2661=AXIS2_PLACEMENT_3D('',#4433,#3354,#3355);
#2662=AXIS2_PLACEMENT_3D('',#4435,#3356,#3357);
#2663=AXIS2_PLACEMENT_3D('',#4437,#3358,#3359);
#2664=AXIS2_PLACEMENT_3D('',#4450,#3360,#3361);
#2665=AXIS2_PLACEMENT_3D('',#4452,#3363,#3364);
#2666=AXIS2_PLACEMENT_3D('',#4456,#3367,#3368);
#2667=AXIS2_PLACEMENT_3D('',#4459,#3370,#3371);
#2668=AXIS2_PLACEMENT_3D('',#4460,#3372,#3373);
#2669=AXIS2_PLACEMENT_3D('',#4462,#3375,#3376);
#2670=AXIS2_PLACEMENT_3D('',#4466,#3378,#3379);
#2671=AXIS2_PLACEMENT_3D('',#4468,#3381,#3382);
#2672=AXIS2_PLACEMENT_3D('',#4471,#3383,#3384);
#2673=AXIS2_PLACEMENT_3D('',#4472,#3385,#3386);
#2674=AXIS2_PLACEMENT_3D('',#4473,#3387,#3388);
#2675=AXIS2_PLACEMENT_3D('',#4474,#3389,#3390);
#2676=AXIS2_PLACEMENT_3D('',#4477,#3393,#3394);
#2677=AXIS2_PLACEMENT_3D('',#4481,#3397,#3398);
#2678=AXIS2_PLACEMENT_3D('',#4484,#3400,#3401);
#2679=AXIS2_PLACEMENT_3D('',#4485,#3402,#3403);
#2680=AXIS2_PLACEMENT_3D('',#4487,#3405,#3406);
#2681=AXIS2_PLACEMENT_3D('',#4489,#3407,#3408);
#2682=AXIS2_PLACEMENT_3D('',#4491,#3410,#3411);
#2683=AXIS2_PLACEMENT_3D('',#4493,#3413,#3414);
#2684=AXIS2_PLACEMENT_3D('',#4494,#3415,#3416);
#2685=AXIS2_PLACEMENT_3D('',#4495,#3417,#3418);
#2686=AXIS2_PLACEMENT_3D('',#4497,#3420,#3421);
#2687=AXIS2_PLACEMENT_3D('',#4499,#3423,#3424);
#2688=AXIS2_PLACEMENT_3D('',#4502,#3426,#3427);
#2689=AXIS2_PLACEMENT_3D('',#4503,#3428,#3429);
#2690=AXIS2_PLACEMENT_3D('',#4505,#3431,#3432);
#2691=AXIS2_PLACEMENT_3D('',#4506,#3433,#3434);
#2692=AXIS2_PLACEMENT_3D('',#4507,#3435,#3436);
#2693=AXIS2_PLACEMENT_3D('',#4510,#3438,#3439);
#2694=AXIS2_PLACEMENT_3D('',#4511,#3440,#3441);
#2695=AXIS2_PLACEMENT_3D('',#4513,#3442,#3443);
#2696=AXIS2_PLACEMENT_3D('',#4515,#3445,#3446);
#2697=AXIS2_PLACEMENT_3D('',#4517,#3448,#3449);
#2698=AXIS2_PLACEMENT_3D('',#4519,#3450,#3451);
#2699=AXIS2_PLACEMENT_3D('',#4520,#3452,#3453);
#2700=AXIS2_PLACEMENT_3D('',#4523,#3456,#3457);
#2701=AXIS2_PLACEMENT_3D('',#4524,#3458,#3459);
#2702=DIRECTION('axis',(0.,0.,1.));
#2703=DIRECTION('refdir',(1.,0.,0.));
#2704=DIRECTION('center_axis',(0.,0.,1.));
#2705=DIRECTION('ref_axis',(-0.707106781186549,-0.707106781186546,0.));
#2706=DIRECTION('center_axis',(0.,0.,1.));
#2707=DIRECTION('ref_axis',(-1.,-2.77555756156289E-16,0.));
#2708=DIRECTION('',(0.,0.,1.));
#2709=DIRECTION('center_axis',(0.,0.,-1.));
#2710=DIRECTION('ref_axis',(0.,-1.,0.));
#2711=DIRECTION('',(0.,0.,-1.));
#2712=DIRECTION('center_axis',(0.,-1.,0.));
#2713=DIRECTION('ref_axis',(0.,0.,-1.));
#2714=DIRECTION('center_axis',(0.,-1.,0.));
#2715=DIRECTION('ref_axis',(1.,0.,-7.40148683083438E-16));
#2716=DIRECTION('center_axis',(0.,-1.,0.));
#2717=DIRECTION('ref_axis',(1.,0.,-7.40148683083438E-16));
#2718=DIRECTION('center_axis',(0.,-1.,0.));
#2719=DIRECTION('ref_axis',(0.,0.,-1.));
#2720=DIRECTION('center_axis',(0.,-1.,0.));
#2721=DIRECTION('ref_axis',(0.34969798529783,0.,0.936862486749597));
#2722=DIRECTION('center_axis',(0.,-1.,0.));
#2723=DIRECTION('ref_axis',(1.,0.,0.));
#2724=DIRECTION('center_axis',(0.,-1.,0.));
#2725=DIRECTION('ref_axis',(1.,0.,1.48029736616688E-15));
#2726=DIRECTION('center_axis',(0.,-1.,0.));
#2727=DIRECTION('ref_axis',(1.,0.,1.48029736616688E-15));
#2728=DIRECTION('center_axis',(-1.,0.,0.));
#2729=DIRECTION('ref_axis',(0.,-0.707106781186547,0.707106781186548));
#2730=DIRECTION('',(-1.,0.,0.));
#2731=DIRECTION('center_axis',(0.707106781186549,-1.57009245868377E-15,
-0.707106781186546));
#2732=DIRECTION('ref_axis',(0.707106781186546,1.57009245868378E-15,0.707106781186549));
#2733=DIRECTION('',(1.,0.,0.));
#2734=DIRECTION('center_axis',(0.,1.,0.));
#2735=DIRECTION('ref_axis',(0.,0.,1.));
#2736=DIRECTION('',(-1.58603289232165E-16,0.,1.));
#2737=DIRECTION('',(1.,0.,0.));
#2738=DIRECTION('',(-1.,0.,-9.86864910777917E-17));
#2739=DIRECTION('',(0.,0.,-1.));
#2740=DIRECTION('',(1.,0.,0.));
#2741=DIRECTION('',(0.,0.,1.));
#2742=DIRECTION('',(1.,0.,0.));
#2743=DIRECTION('',(0.,0.,1.));
#2744=DIRECTION('',(-1.,0.,9.86864910777917E-17));
#2745=DIRECTION('center_axis',(0.,0.,-1.));
#2746=DIRECTION('ref_axis',(1.,0.,0.));
#2747=DIRECTION('',(1.,0.,0.));
#2748=DIRECTION('',(0.,-1.,0.));
#2749=DIRECTION('center_axis',(-1.,0.,0.));
#2750=DIRECTION('ref_axis',(0.,0.,1.));
#2751=DIRECTION('center_axis',(-1.,0.,0.));
#2752=DIRECTION('ref_axis',(0.,0.707106781186547,-0.707106781186548));
#2753=DIRECTION('',(0.,0.,-1.));
#2754=DIRECTION('',(0.,1.,0.));
#2755=DIRECTION('',(0.,0.,1.));
#2756=DIRECTION('',(0.,1.,0.));
#2757=DIRECTION('',(0.,0.,-1.));
#2758=DIRECTION('center_axis',(-1.,0.,0.));
#2759=DIRECTION('ref_axis',(0.,0.707106781186547,0.707106781186548));
#2760=DIRECTION('center_axis',(1.,0.,0.));
#2761=DIRECTION('ref_axis',(0.,0.,1.));
#2762=DIRECTION('center_axis',(4.08170229641602E-16,0.,1.));
#2763=DIRECTION('ref_axis',(0.707106781186546,-0.707106781186549,0.));
#2764=DIRECTION('center_axis',(0.,0.,1.));
#2765=DIRECTION('ref_axis',(0.,-1.,0.));
#2766=DIRECTION('',(4.08170229641602E-16,0.,1.));
#2767=DIRECTION('center_axis',(-1.11022302462516E-15,0.,-1.));
#2768=DIRECTION('ref_axis',(1.,-2.77555756156289E-16,-1.11022302462516E-15));
#2769=DIRECTION('',(-4.08170229641602E-16,0.,-1.));
#2770=DIRECTION('center_axis',(0.,-1.,0.));
#2771=DIRECTION('ref_axis',(-0.34969798529783,0.,0.936862486749597));
#2772=DIRECTION('center_axis',(0.,-1.,0.));
#2773=DIRECTION('ref_axis',(-1.,0.,7.40148683083436E-16));
#2774=DIRECTION('center_axis',(0.,-1.,0.));
#2775=DIRECTION('ref_axis',(-1.,0.,7.40148683083436E-16));
#2776=DIRECTION('center_axis',(0.,1.,0.));
#2777=DIRECTION('ref_axis',(-1.,0.,0.));
#2778=DIRECTION('center_axis',(0.,-1.,0.));
#2779=DIRECTION('ref_axis',(0.,0.,-1.));
#2780=DIRECTION('center_axis',(0.,-1.,-5.55111512312579E-16));
#2781=DIRECTION('ref_axis',(-1.,0.,0.));
#2782=DIRECTION('center_axis',(0.,-1.,0.));
#2783=DIRECTION('ref_axis',(-1.,0.,-7.40148683083438E-16));
#2784=DIRECTION('center_axis',(0.,-1.,0.));
#2785=DIRECTION('ref_axis',(-1.,0.,-7.40148683083438E-16));
#2786=DIRECTION('center_axis',(-1.,0.,4.08170229641602E-16));
#2787=DIRECTION('ref_axis',(4.08170229641602E-16,0.,1.));
#2788=DIRECTION('center_axis',(1.,0.,-4.08170229641602E-16));
#2789=DIRECTION('ref_axis',(2.88619937258047E-16,0.707106781186546,0.707106781186549));
#2790=DIRECTION('',(4.08170229641602E-16,0.,1.));
#2791=DIRECTION('',(0.,1.,0.));
#2792=DIRECTION('',(4.08170229641602E-16,0.,1.));
#2793=DIRECTION('',(0.,1.,0.));
#2794=DIRECTION('',(4.08170229641602E-16,0.,1.));
#2795=DIRECTION('center_axis',(1.,0.,-4.08170229641602E-16));
#2796=DIRECTION('ref_axis',(-2.88619937258047E-16,0.707106781186548,-0.707106781186547));
#2797=DIRECTION('center_axis',(0.,1.,0.));
#2798=DIRECTION('ref_axis',(0.,0.,1.));
#2799=DIRECTION('',(-1.,0.,9.86864910777917E-17));
#2800=DIRECTION('',(-1.,0.,-9.86864910777917E-17));
#2801=DIRECTION('center_axis',(4.08170229641602E-16,0.,1.));
#2802=DIRECTION('ref_axis',(-1.,0.,4.08170229641602E-16));
#2803=DIRECTION('',(1.,0.,-4.08170229641602E-16));
#2804=DIRECTION('',(0.,-1.,0.));
#2805=DIRECTION('',(-1.,0.,4.08170229641602E-16));
#2806=DIRECTION('center_axis',(-1.,0.,4.08170229641602E-16));
#2807=DIRECTION('ref_axis',(2.88619937258047E-16,-0.707106781186547,0.707106781186548));
#2808=DIRECTION('',(-1.,0.,4.08170229641602E-16));
#2809=DIRECTION('center_axis',(0.707106781186549,1.57009245868377E-15,0.707106781186546));
#2810=DIRECTION('ref_axis',(-0.707106781186546,1.57009245868378E-15,0.707106781186549));
#2811=DIRECTION('center_axis',(1.,0.,2.70786103567111E-16));
#2812=DIRECTION('ref_axis',(0.,-0.707106781186548,0.707106781186547));
#2813=DIRECTION('',(1.,0.,2.70786103567111E-16));
#2814=DIRECTION('center_axis',(-1.,0.,4.08170229641602E-16));
#2815=DIRECTION('ref_axis',(0.,-0.707106781186548,0.707106781186547));
#2816=DIRECTION('',(-1.,0.,-2.70786103567111E-16));
#2817=DIRECTION('center_axis',(-0.707106781186549,0.,-0.707106781186546));
#2818=DIRECTION('ref_axis',(-0.707106781186546,0.,0.707106781186549));
#2819=DIRECTION('center_axis',(0.,0.,-1.));
#2820=DIRECTION('ref_axis',(-0.70710678118654,-0.707106781186555,0.));
#2821=DIRECTION('',(0.,0.,1.));
#2822=DIRECTION('',(0.,0.,-1.));
#2823=DIRECTION('center_axis',(0.707106781186549,0.,-0.707106781186546));
#2824=DIRECTION('ref_axis',(0.707106781186546,0.,0.707106781186549));
#2825=DIRECTION('center_axis',(-1.,0.,2.70786103567111E-16));
#2826=DIRECTION('ref_axis',(0.,-0.707106781186548,-0.707106781186547));
#2827=DIRECTION('',(1.,0.,-2.70786103567111E-16));
#2828=DIRECTION('center_axis',(-1.,0.,4.08170229641602E-16));
#2829=DIRECTION('ref_axis',(0.,-0.707106781186548,-0.707106781186547));
#2830=DIRECTION('',(-1.,0.,2.70786103567111E-16));
#2831=DIRECTION('center_axis',(0.,-1.,0.));
#2832=DIRECTION('ref_axis',(0.,0.,-1.));
#2833=DIRECTION('',(-4.08170229641602E-16,0.,-1.));
#2834=DIRECTION('center_axis',(-1.,0.,4.08170229641602E-16));
#2835=DIRECTION('ref_axis',(-4.08170229641602E-16,0.,-1.));
#2836=DIRECTION('',(0.,-1.,0.));
#2837=DIRECTION('',(4.08170229641602E-16,0.,1.));
#2838=DIRECTION('',(0.,-1.,0.));
#2839=DIRECTION('center_axis',(-1.,0.,4.08170229641602E-16));
#2840=DIRECTION('ref_axis',(-4.08170229641602E-16,0.,-1.));
#2841=DIRECTION('center_axis',(1.,0.,-4.08170229641602E-16));
#2842=DIRECTION('ref_axis',(4.08170229641602E-16,0.,1.));
#2843=DIRECTION('center_axis',(0.,-1.,0.));
#2844=DIRECTION('ref_axis',(0.,0.,1.));
#2845=DIRECTION('center_axis',(-1.,0.,4.08170229641602E-16));
#2846=DIRECTION('ref_axis',(4.08170229641602E-16,0.,1.));
#2847=DIRECTION('center_axis',(0.,1.,0.));
#2848=DIRECTION('ref_axis',(0.707106781186547,0.,0.707106781186548));
#2849=DIRECTION('center_axis',(4.08170229641602E-16,0.,1.));
#2850=DIRECTION('ref_axis',(1.,0.,-4.08170229641602E-16));
#2851=DIRECTION('center_axis',(0.,-1.,0.));
#2852=DIRECTION('ref_axis',(0.,0.,1.));
#2853=DIRECTION('center_axis',(0.,0.,-1.));
#2854=DIRECTION('ref_axis',(-1.,0.,0.));
#2855=DIRECTION('center_axis',(0.,-1.,0.));
#2856=DIRECTION('ref_axis',(-0.707106781186547,0.,0.707106781186548));
#2857=DIRECTION('center_axis',(-1.,0.,0.));
#2858=DIRECTION('ref_axis',(0.,0.,1.));
#2859=DIRECTION('center_axis',(-2.70786103567111E-16,0.,-1.));
#2860=DIRECTION('ref_axis',(1.,0.,-2.70786103567111E-16));
#2861=DIRECTION('',(1.,0.,-2.70786103567111E-16));
#2862=DIRECTION('',(0.,-1.,0.));
#2863=DIRECTION('center_axis',(-1.,0.,0.));
#2864=DIRECTION('ref_axis',(0.,0.,-1.));
#2865=DIRECTION('',(0.,0.,-1.));
#2866=DIRECTION('',(0.,-1.,0.));
#2867=DIRECTION('center_axis',(-1.,0.,0.));
#2868=DIRECTION('ref_axis',(0.,0.,-1.));
#2869=DIRECTION('center_axis',(1.,0.,0.));
#2870=DIRECTION('ref_axis',(0.,0.,1.));
#2871=DIRECTION('center_axis',(-1.,0.,0.));
#2872=DIRECTION('ref_axis',(0.,0.,1.));
#2873=DIRECTION('center_axis',(-0.199999999999896,-1.89275801807068E-13,
-0.979795897113293));
#2874=DIRECTION('ref_axis',(0.979795897113293,0.,-0.199999999999896));
#2875=DIRECTION('center_axis',(0.,-1.,0.));
#2876=DIRECTION('ref_axis',(0.,0.,-1.));
#2877=DIRECTION('center_axis',(0.,0.,-1.));
#2878=DIRECTION('ref_axis',(1.,0.,0.));
#2879=DIRECTION('center_axis',(0.,1.,0.));
#2880=DIRECTION('ref_axis',(-0.985598559653489,0.,0.169101978725763));
#2881=DIRECTION('center_axis',(0.,-1.,0.));
#2882=DIRECTION('ref_axis',(-0.985598559653489,0.,0.169101978725763));
#2883=DIRECTION('center_axis',(0.,0.,-1.));
#2884=DIRECTION('ref_axis',(0.707106781186546,-0.707106781186549,0.));
#2885=DIRECTION('center_axis',(0.,2.22044604925031E-15,-1.));
#2886=DIRECTION('ref_axis',(1.,0.,0.));
#2887=DIRECTION('',(0.,0.,1.));
#2888=DIRECTION('center_axis',(1.,0.,0.));
#2889=DIRECTION('ref_axis',(0.,0.,-1.));
#2890=DIRECTION('center_axis',(1.,0.,0.));
#2891=DIRECTION('ref_axis',(0.,0.707106781186547,-0.707106781186548));
#2892=DIRECTION('center_axis',(0.,-1.,0.));
#2893=DIRECTION('ref_axis',(-0.707106781186549,0.,0.707106781186546));
#2894=DIRECTION('',(0.,-1.,0.));
#2895=DIRECTION('center_axis',(0.,1.,0.));
#2896=DIRECTION('ref_axis',(-0.707106781186549,0.,0.707106781186546));
#2897=DIRECTION('center_axis',(-0.20000000000004,7.61454375085884E-14,0.979795897113263));
#2898=DIRECTION('ref_axis',(0.,-1.,7.7715611723761E-14));
#2899=DIRECTION('center_axis',(0.,1.,0.));
#2900=DIRECTION('ref_axis',(0.,0.,1.));
#2901=DIRECTION('center_axis',(0.,0.,1.));
#2902=DIRECTION('ref_axis',(0.,-1.,0.));
#2903=DIRECTION('center_axis',(0.,-1.,0.));
#2904=DIRECTION('ref_axis',(-0.985598559653489,0.,-0.169101978725763));
#2905=DIRECTION('center_axis',(0.,1.,0.));
#2906=DIRECTION('ref_axis',(-0.985598559653489,0.,-0.169101978725763));
#2907=DIRECTION('center_axis',(0.,0.,1.));
#2908=DIRECTION('ref_axis',(0.707106781186546,-0.707106781186549,0.));
#2909=DIRECTION('center_axis',(0.,0.,1.));
#2910=DIRECTION('ref_axis',(0.,-1.,0.));
#2911=DIRECTION('',(0.,0.,1.));
#2912=DIRECTION('center_axis',(-1.,0.,0.));
#2913=DIRECTION('ref_axis',(0.,0.,1.));
#2914=DIRECTION('center_axis',(1.,0.,0.));
#2915=DIRECTION('ref_axis',(0.,0.707106781186547,0.707106781186548));
#2916=DIRECTION('center_axis',(1.,0.,0.));
#2917=DIRECTION('ref_axis',(0.,0.707106781186547,0.707106781186548));
#2918=DIRECTION('',(-1.,0.,0.));
#2919=DIRECTION('center_axis',(0.707106781186549,0.,-0.707106781186546));
#2920=DIRECTION('ref_axis',(-0.707106781186546,0.,-0.707106781186549));
#2921=DIRECTION('center_axis',(0.,1.,0.));
#2922=DIRECTION('ref_axis',(0.,0.,-1.));
#2923=DIRECTION('',(-1.,0.,0.));
#2924=DIRECTION('',(1.58603289232165E-16,0.,1.));
#2925=DIRECTION('',(1.,0.,-9.86864910777917E-17));
#2926=DIRECTION('',(0.,0.,-1.));
#2927=DIRECTION('',(-1.,0.,0.));
#2928=DIRECTION('',(0.,0.,-1.));
#2929=DIRECTION('',(-1.,0.,0.));
#2930=DIRECTION('',(0.,0.,1.));
#2931=DIRECTION('',(1.,0.,9.86864910777917E-17));
#2932=DIRECTION('center_axis',(-1.,0.,9.86864910777917E-17));
#2933=DIRECTION('ref_axis',(0.,0.707106781186547,-0.707106781186548));
#2934=DIRECTION('',(-1.,0.,9.86864910777917E-17));
#2935=DIRECTION('center_axis',(-1.,0.,9.86864910777917E-17));
#2936=DIRECTION('ref_axis',(0.,0.707106781186547,-0.707106781186548));
#2937=DIRECTION('center_axis',(1.,0.,-4.08170229641602E-16));
#2938=DIRECTION('ref_axis',(0.,0.,-1.));
#2939=DIRECTION('center_axis',(0.,0.,1.));
#2940=DIRECTION('ref_axis',(-1.,0.,0.));
#2941=DIRECTION('center_axis',(-1.,0.,4.08170229641602E-16));
#2942=DIRECTION('ref_axis',(-2.77555756156289E-16,0.707106781186548,-0.707106781186547));
#2943=DIRECTION('center_axis',(-4.08170229641602E-16,0.,-1.));
#2944=DIRECTION('ref_axis',(-0.707106781186546,-0.707106781186549,0.));
#2945=DIRECTION('center_axis',(0.,0.,1.));
#2946=DIRECTION('ref_axis',(-1.,0.,0.));
#2947=DIRECTION('',(-4.08170229641602E-16,0.,-1.));
#2948=DIRECTION('center_axis',(0.,1.,0.));
#2949=DIRECTION('ref_axis',(0.,0.,1.));
#2950=DIRECTION('center_axis',(-0.200000000000001,-2.17558392881683E-15,
0.979795897113271));
#2951=DIRECTION('ref_axis',(-0.979795897113271,0.,-0.200000000000001));
#2952=DIRECTION('center_axis',(0.,1.,0.));
#2953=DIRECTION('ref_axis',(0.985598559653489,0.,0.169101978725763));
#2954=DIRECTION('center_axis',(0.,-1.,0.));
#2955=DIRECTION('ref_axis',(0.985598559653489,0.,0.169101978725763));
#2956=DIRECTION('center_axis',(1.,0.,-5.06856720719393E-16));
#2957=DIRECTION('ref_axis',(2.88619937258047E-16,0.707106781186547,0.707106781186548));
#2958=DIRECTION('',(1.,0.,-5.06856720719393E-16));
#2959=DIRECTION('center_axis',(1.,0.,-5.06856720719393E-16));
#2960=DIRECTION('ref_axis',(2.88619937258047E-16,0.707106781186547,0.707106781186548));
#2961=DIRECTION('',(-1.,0.,5.06856720719393E-16));
#2962=DIRECTION('center_axis',(0.,1.,0.));
#2963=DIRECTION('ref_axis',(0.707106781186549,0.,0.707106781186546));
#2964=DIRECTION('center_axis',(0.,-1.,0.));
#2965=DIRECTION('ref_axis',(0.707106781186549,0.,0.707106781186546));
#2966=DIRECTION('',(0.,-1.,0.));
#2967=DIRECTION('center_axis',(0.199999999999894,-1.89275801807069E-13,
0.979795897113293));
#2968=DIRECTION('ref_axis',(-0.979795897113293,0.,0.199999999999894));
#2969=DIRECTION('center_axis',(0.,-1.,0.));
#2970=DIRECTION('ref_axis',(0.,0.,-1.));
#2971=DIRECTION('center_axis',(0.,0.,1.));
#2972=DIRECTION('ref_axis',(-1.,0.,0.));
#2973=DIRECTION('center_axis',(0.,1.,0.));
#2974=DIRECTION('ref_axis',(0.985598559653489,0.,-0.169101978725763));
#2975=DIRECTION('center_axis',(0.,-1.,0.));
#2976=DIRECTION('ref_axis',(0.985598559653489,0.,-0.169101978725763));
#2977=DIRECTION('center_axis',(4.08170229641602E-16,0.,1.));
#2978=DIRECTION('ref_axis',(-0.707106781186546,-0.707106781186549,0.));
#2979=DIRECTION('center_axis',(0.,0.,1.));
#2980=DIRECTION('ref_axis',(-1.,0.,0.));
#2981=DIRECTION('',(-4.08170229641602E-16,0.,-1.));
#2982=DIRECTION('center_axis',(-1.,0.,4.08170229641602E-16));
#2983=DIRECTION('ref_axis',(0.,0.,1.));
#2984=DIRECTION('center_axis',(-1.,0.,4.08170229641602E-16));
#2985=DIRECTION('ref_axis',(2.77555756156289E-16,0.707106781186546,0.707106781186549));
#2986=DIRECTION('center_axis',(0.,-1.,0.));
#2987=DIRECTION('ref_axis',(0.707106781186548,0.,-0.707106781186547));
#2988=DIRECTION('',(0.,-1.,0.));
#2989=DIRECTION('center_axis',(0.,1.,0.));
#2990=DIRECTION('ref_axis',(0.707106781186548,0.,-0.707106781186547));
#2991=DIRECTION('center_axis',(1.,0.,0.));
#2992=DIRECTION('ref_axis',(0.,0.,1.));
#2993=DIRECTION('',(1.,0.,0.));
#2994=DIRECTION('center_axis',(-0.408248290463866,0.408248290463858,0.816496580927727));
#2995=DIRECTION('ref_axis',(0.57735026918963,-0.577350269189623,0.577350269189625));
#2996=DIRECTION('center_axis',(0.,-1.,0.));
#2997=DIRECTION('ref_axis',(1.,0.,-4.08170229641602E-16));
#2998=DIRECTION('center_axis',(1.,0.,-5.06856720719393E-16));
#2999=DIRECTION('ref_axis',(2.88619937258047E-16,-0.707106781186547,0.707106781186548));
#3000=DIRECTION('center_axis',(5.66773518873767E-16,0.,1.));
#3001=DIRECTION('ref_axis',(-0.707106781186546,-0.707106781186549,2.88619937258046E-16));
#3002=DIRECTION('center_axis',(0.,-1.,0.));
#3003=DIRECTION('ref_axis',(0.707106781186548,0.,0.707106781186547));
#3004=DIRECTION('center_axis',(0.,-1.,0.));
#3005=DIRECTION('ref_axis',(1.,0.,-4.08170229641602E-16));
#3006=DIRECTION('',(0.,-1.,0.));
#3007=DIRECTION('',(0.,1.,0.));
#3008=DIRECTION('center_axis',(0.40824829046386,-0.816496580927727,0.408248290463864));
#3009=DIRECTION('ref_axis',(0.577350269189624,0.577350269189627,0.577350269189627));
#3010=DIRECTION('center_axis',(4.08170229641602E-16,0.,1.));
#3011=DIRECTION('ref_axis',(0.707106781186546,0.707106781186549,-2.88619937258046E-16));
#3012=DIRECTION('center_axis',(0.,-1.,0.));
#3013=DIRECTION('ref_axis',(0.707106781186549,0.,0.707106781186546));
#3014=DIRECTION('',(0.,-1.,0.));
#3015=DIRECTION('center_axis',(0.,-1.,0.));
#3016=DIRECTION('ref_axis',(0.707106781186549,0.,0.707106781186546));
#3017=DIRECTION('',(0.,1.,0.));
#3018=DIRECTION('center_axis',(0.,1.,0.));
#3019=DIRECTION('ref_axis',(0.,0.,-1.));
#3020=DIRECTION('center_axis',(1.,0.,-4.08170229641602E-16));
#3021=DIRECTION('ref_axis',(-4.08170229641602E-16,0.,-1.));
#3022=DIRECTION('center_axis',(0.,1.,0.));
#3023=DIRECTION('ref_axis',(0.707106781186547,0.,0.707106781186548));
#3024=DIRECTION('center_axis',(-4.08170229641602E-16,0.,-1.));
#3025=DIRECTION('ref_axis',(-1.,0.,4.08170229641602E-16));
#3026=DIRECTION('center_axis',(0.,-1.,0.));
#3027=DIRECTION('ref_axis',(0.707106781186547,0.,0.707106781186548));
#3028=DIRECTION('center_axis',(0.,-1.,0.));
#3029=DIRECTION('ref_axis',(0.707106781186548,0.,0.707106781186547));
#3030=DIRECTION('',(0.,-1.,0.));
#3031=DIRECTION('center_axis',(0.,1.,0.));
#3032=DIRECTION('ref_axis',(0.707106781186548,0.,0.707106781186547));
#3033=DIRECTION('',(0.,1.,0.));
#3034=DIRECTION('center_axis',(1.,0.,-4.08170229641602E-16));
#3035=DIRECTION('ref_axis',(-2.88619937258047E-16,-0.707106781186547,-0.707106781186548));
#3036=DIRECTION('',(1.,0.,-4.08170229641602E-16));
#3037=DIRECTION('center_axis',(-0.707106781186549,-1.57009245868377E-15,
0.707106781186546));
#3038=DIRECTION('ref_axis',(-0.707106781186546,1.57009245868378E-15,-0.707106781186549));
#3039=DIRECTION('',(-1.,0.,4.08170229641602E-16));
#3040=DIRECTION('center_axis',(4.08170229641602E-16,0.,1.));
#3041=DIRECTION('ref_axis',(-1.,0.,4.08170229641602E-16));
#3042=DIRECTION('',(-1.,0.,4.08170229641602E-16));
#3043=DIRECTION('',(0.,-1.,0.));
#3044=DIRECTION('center_axis',(1.,0.,-4.08170229641602E-16));
#3045=DIRECTION('ref_axis',(-2.88619937258047E-16,-0.707106781186547,-0.707106781186548));
#3046=DIRECTION('',(-1.,0.,4.08170229641602E-16));
#3047=DIRECTION('center_axis',(-0.707106781186549,0.,-0.707106781186546));
#3048=DIRECTION('ref_axis',(0.707106781186546,0.,-0.707106781186549));
#3049=DIRECTION('',(1.,0.,-4.08170229641602E-16));
#3050=DIRECTION('center_axis',(-0.707106781186549,0.,0.707106781186546));
#3051=DIRECTION('ref_axis',(-0.707106781186546,0.,-0.707106781186549));
#3052=DIRECTION('center_axis',(-1.,0.,4.08170229641602E-16));
#3053=DIRECTION('ref_axis',(-2.88619937258047E-16,0.707106781186547,-0.707106781186548));
#3054=DIRECTION('',(1.,0.,-4.08170229641602E-16));
#3055=DIRECTION('center_axis',(-0.707106781186549,0.,0.707106781186546));
#3056=DIRECTION('ref_axis',(0.707106781186546,0.,0.707106781186549));
#3057=DIRECTION('center_axis',(-1.,0.,4.08170229641602E-16));
#3058=DIRECTION('ref_axis',(-2.88619937258047E-16,0.707106781186547,-0.707106781186548));
#3059=DIRECTION('',(1.,0.,-4.08170229641602E-16));
#3060=DIRECTION('center_axis',(-0.707106781186549,0.,0.707106781186546));
#3061=DIRECTION('ref_axis',(0.707106781186546,0.,0.707106781186549));
#3062=DIRECTION('',(-1.,0.,4.08170229641602E-16));
#3063=DIRECTION('center_axis',(-0.707106781186549,0.,-0.707106781186546));
#3064=DIRECTION('ref_axis',(-0.707106781186546,0.,0.707106781186549));
#3065=DIRECTION('center_axis',(-1.,0.,0.));
#3066=DIRECTION('ref_axis',(0.,-1.,0.));
#3067=DIRECTION('center_axis',(-4.08170229641602E-16,0.,-1.));
#3068=DIRECTION('ref_axis',(0.,1.,0.));
#3069=DIRECTION('center_axis',(4.08170229641602E-16,0.,1.));
#3070=DIRECTION('ref_axis',(-1.,0.,4.08170229641602E-16));
#3071=DIRECTION('',(0.,-1.,0.));
#3072=DIRECTION('',(0.,-1.,0.));
#3073=DIRECTION('center_axis',(-0.408248290463867,0.408248290463858,-0.816496580927726));
#3074=DIRECTION('ref_axis',(0.57735026918963,-0.577350269189624,-0.577350269189623));
#3075=DIRECTION('center_axis',(0.,1.,0.));
#3076=DIRECTION('ref_axis',(1.,0.,-4.08170229641602E-16));
#3077=DIRECTION('center_axis',(2.49566940409436E-16,0.,1.));
#3078=DIRECTION('ref_axis',(-0.707106781186546,-0.707106781186549,2.88619937258046E-16));
#3079=DIRECTION('center_axis',(-1.,0.,3.0948373856381E-16));
#3080=DIRECTION('ref_axis',(-2.88619937258047E-16,-0.707106781186547,-0.707106781186548));
#3081=DIRECTION('center_axis',(0.,1.,0.));
#3082=DIRECTION('ref_axis',(0.707106781186547,0.,-0.707106781186548));
#3083=DIRECTION('center_axis',(0.,1.,0.));
#3084=DIRECTION('ref_axis',(1.,0.,-4.08170229641602E-16));
#3085=DIRECTION('',(0.,1.,0.));
#3086=DIRECTION('',(0.,-1.,0.));
#3087=DIRECTION('center_axis',(0.40824829046386,-0.816496580927727,-0.408248290463864));
#3088=DIRECTION('ref_axis',(0.577350269189624,0.577350269189627,-0.577350269189627));
#3089=DIRECTION('center_axis',(-1.,0.,3.0948373856381E-16));
#3090=DIRECTION('ref_axis',(-2.88619937258047E-16,0.707106781186547,-0.707106781186548));
#3091=DIRECTION('center_axis',(4.08170229641602E-16,0.,1.));
#3092=DIRECTION('ref_axis',(0.707106781186546,0.707106781186549,-2.88619937258046E-16));
#3093=DIRECTION('center_axis',(-1.,0.,4.08170229641602E-16));
#3094=DIRECTION('ref_axis',(4.08170229641602E-16,0.,1.));
#3095=DIRECTION('',(4.08170229641602E-16,0.,1.));
#3096=DIRECTION('',(4.08170229641602E-16,0.,1.));
#3097=DIRECTION('center_axis',(-2.49566940409436E-16,0.,-1.));
#3098=DIRECTION('ref_axis',(-0.707106781186546,-0.707106781186549,2.88619937258046E-16));
#3099=DIRECTION('',(-4.08170229641602E-16,0.,-1.));
#3100=DIRECTION('',(2.49566940409436E-16,0.,1.));
#3101=DIRECTION('center_axis',(0.707106781186549,0.,0.707106781186546));
#3102=DIRECTION('ref_axis',(-0.707106781186546,0.,0.707106781186549));
#3103=DIRECTION('',(4.08170229641602E-16,0.,1.));
#3104=DIRECTION('center_axis',(0.,-1.,0.));
#3105=DIRECTION('ref_axis',(0.,0.,-1.));
#3106=DIRECTION('center_axis',(4.08170229641602E-16,0.,1.));
#3107=DIRECTION('ref_axis',(1.,0.,-4.08170229641602E-16));
#3108=DIRECTION('center_axis',(0.,-1.,0.));
#3109=DIRECTION('ref_axis',(0.707106781186546,0.,-0.707106781186549));
#3110=DIRECTION('center_axis',(1.,0.,-4.08170229641602E-16));
#3111=DIRECTION('ref_axis',(-4.08170229641602E-16,0.,-1.));
#3112=DIRECTION('center_axis',(-4.08170229641602E-16,0.,-1.));
#3113=DIRECTION('ref_axis',(0.707106781186554,0.707106781186541,-2.88619937258049E-16));
#3114=DIRECTION('',(4.08170229641602E-16,0.,1.));
#3115=DIRECTION('center_axis',(0.707106781186546,0.,0.707106781186549));
#3116=DIRECTION('ref_axis',(-0.707106781186549,0.,0.707106781186546));
#3117=DIRECTION('center_axis',(0.707106781186577,0.,-0.707106781186518));
#3118=DIRECTION('ref_axis',(0.707106781186518,0.,0.707106781186577));
#3119=DIRECTION('center_axis',(1.,0.,-4.08170229641602E-16));
#3120=DIRECTION('ref_axis',(4.08170229641602E-16,0.,1.));
#3121=DIRECTION('',(-4.08170229641602E-16,0.,-1.));
#3122=DIRECTION('',(0.,1.,0.));
#3123=DIRECTION('center_axis',(0.,1.,0.));
#3124=DIRECTION('ref_axis',(0.707106781186548,0.,-0.707106781186547));
#3125=DIRECTION('center_axis',(0.,1.,0.));
#3126=DIRECTION('ref_axis',(0.707106781186548,0.,-0.707106781186547));
#3127=DIRECTION('',(0.,-1.,0.));
#3128=DIRECTION('center_axis',(4.08170229641602E-16,0.,1.));
#3129=DIRECTION('ref_axis',(-0.707106781186541,0.707106781186554,2.88619937258044E-16));
#3130=DIRECTION('',(-4.08170229641602E-16,0.,-1.));
#3131=DIRECTION('',(-4.08170229641602E-16,0.,-1.));
#3132=DIRECTION('center_axis',(-4.08170229641602E-16,0.,-1.));
#3133=DIRECTION('ref_axis',(-1.,0.,4.08170229641602E-16));
#3134=DIRECTION('center_axis',(0.,1.,0.));
#3135=DIRECTION('ref_axis',(0.,0.,1.));
#3136=DIRECTION('center_axis',(-1.,0.,4.08170229641602E-16));
#3137=DIRECTION('ref_axis',(4.08170229641602E-16,0.,1.));
#3138=DIRECTION('center_axis',(0.,1.,0.));
#3139=DIRECTION('ref_axis',(0.707106781186546,0.,-0.707106781186549));
#3140=DIRECTION('center_axis',(0.,-1.,0.));
#3141=DIRECTION('ref_axis',(0.707106781186547,0.,-0.707106781186549));
#3142=DIRECTION('center_axis',(0.,1.,0.));
#3143=DIRECTION('ref_axis',(0.707106781186547,0.,-0.707106781186548));
#3144=DIRECTION('',(0.,1.,0.));
#3145=DIRECTION('center_axis',(0.,-1.,0.));
#3146=DIRECTION('ref_axis',(0.707106781186547,0.,-0.707106781186548));
#3147=DIRECTION('',(0.,-1.,0.));
#3148=DIRECTION('center_axis',(-1.,0.,4.08170229641602E-16));
#3149=DIRECTION('ref_axis',(-4.08170229641602E-16,0.,-1.));
#3150=DIRECTION('',(-4.08170229641602E-16,0.,-1.));
#3151=DIRECTION('center_axis',(-2.49566940409436E-16,0.,-1.));
#3152=DIRECTION('ref_axis',(-0.707106781186546,-0.707106781186549,2.88619937258046E-16));
#3153=DIRECTION('',(2.49566940409436E-16,0.,1.));
#3154=DIRECTION('',(5.66773518873767E-16,0.,1.));
#3155=DIRECTION('center_axis',(-1.,0.,2.49566940409436E-16));
#3156=DIRECTION('ref_axis',(-2.49566940409436E-16,0.,-1.));
#3157=DIRECTION('',(-2.49566940409436E-16,0.,-1.));
#3158=DIRECTION('center_axis',(4.08170229641602E-16,0.,1.));
#3159=DIRECTION('ref_axis',(0.707106781186546,-0.707106781186549,-2.88619937258046E-16));
#3160=DIRECTION('',(4.08170229641602E-16,0.,1.));
#3161=DIRECTION('center_axis',(0.707106781186549,0.,-0.707106781186546));
#3162=DIRECTION('ref_axis',(0.707106781186546,0.,0.707106781186549));
#3163=DIRECTION('',(-4.08170229641602E-16,0.,-1.));
#3164=DIRECTION('center_axis',(-1.,0.,4.08170229641602E-16));
#3165=DIRECTION('ref_axis',(2.88619937258047E-16,-0.707106781186547,0.707106781186548));
#3166=DIRECTION('',(-1.,0.,4.08170229641602E-16));
#3167=DIRECTION('',(1.,0.,-4.08170229641602E-16));
#3168=DIRECTION('center_axis',(1.,0.,-4.08170229641602E-16));
#3169=DIRECTION('ref_axis',(2.88619937258047E-16,0.707106781186547,0.707106781186548));
#3170=DIRECTION('center_axis',(0.707106781186549,0.,0.707106781186546));
#3171=DIRECTION('ref_axis',(0.707106781186546,0.,-0.707106781186549));
#3172=DIRECTION('',(1.,0.,-4.08170229641602E-16));
#3173=DIRECTION('center_axis',(2.49566940409436E-16,0.,1.));
#3174=DIRECTION('ref_axis',(-0.707106781186546,0.707106781186549,1.76470475923491E-16));
#3175=DIRECTION('',(2.49566940409436E-16,0.,1.));
#3176=DIRECTION('center_axis',(0.,-1.,0.));
#3177=DIRECTION('ref_axis',(-4.08170229641602E-16,0.,-1.));
#3178=DIRECTION('',(4.08170229641602E-16,0.,1.));
#3179=DIRECTION('',(-4.08170229641602E-16,0.,-1.));
#3180=DIRECTION('',(1.,0.,-4.08170229641602E-16));
#3181=DIRECTION('',(-4.08170229641602E-16,0.,-1.));
#3182=DIRECTION('',(-1.,0.,3.0948373856381E-16));
#3183=DIRECTION('center_axis',(-4.08170229641602E-16,0.,-1.));
#3184=DIRECTION('ref_axis',(0.707106781186546,0.707106781186549,-2.88619937258046E-16));
#3185=DIRECTION('',(4.08170229641602E-16,0.,1.));
#3186=DIRECTION('center_axis',(0.707106781186549,0.,-0.707106781186546));
#3187=DIRECTION('ref_axis',(-0.707106781186546,0.,-0.707106781186549));
#3188=DIRECTION('center_axis',(1.,0.,-4.08170229641602E-16));
#3189=DIRECTION('ref_axis',(2.88619937258047E-16,0.707106781186547,0.707106781186548));
#3190=DIRECTION('',(-1.,0.,4.08170229641602E-16));
#3191=DIRECTION('center_axis',(0.707106781186549,0.,0.707106781186546));
#3192=DIRECTION('ref_axis',(0.707106781186546,0.,-0.707106781186549));
#3193=DIRECTION('center_axis',(-1.,0.,3.0948373856381E-16));
#3194=DIRECTION('ref_axis',(-2.88619937258047E-16,0.707106781186547,-0.707106781186548));
#3195=DIRECTION('',(1.,0.,-3.0948373856381E-16));
#3196=DIRECTION('center_axis',(4.08170229641602E-16,0.,1.));
#3197=DIRECTION('ref_axis',(0.707106781186546,0.707106781186549,-2.88619937258046E-16));
#3198=DIRECTION('',(-2.49566940409436E-16,0.,-1.));
#3199=DIRECTION('center_axis',(-1.,0.,0.));
#3200=DIRECTION('ref_axis',(0.,-1.,0.));
#3201=DIRECTION('center_axis',(-4.08170229641602E-16,0.,-1.));
#3202=DIRECTION('ref_axis',(0.,1.,0.));
#3203=DIRECTION('center_axis',(4.08170229641602E-16,0.,1.));
#3204=DIRECTION('ref_axis',(-1.,0.,4.08170229641602E-16));
#3205=DIRECTION('',(0.,-1.,0.));
#3206=DIRECTION('',(0.,-1.,0.));
#3207=DIRECTION('center_axis',(-1.,0.,2.49566940409436E-16));
#3208=DIRECTION('ref_axis',(-2.49566940409436E-16,0.,-1.));
#3209=DIRECTION('center_axis',(1.,0.,-4.08170229641602E-16));
#3210=DIRECTION('ref_axis',(4.08170229641602E-16,0.,1.));
#3211=DIRECTION('center_axis',(0.408248290463867,0.408248290463858,0.816496580927726));
#3212=DIRECTION('ref_axis',(-0.57735026918963,-0.577350269189624,0.577350269189623));
#3213=DIRECTION('center_axis',(0.,1.,0.));
#3214=DIRECTION('ref_axis',(-1.,0.,0.));
#3215=DIRECTION('center_axis',(1.58603289232165E-16,0.,-1.));
#3216=DIRECTION('ref_axis',(0.707106781186546,-0.707106781186549,0.));
#3217=DIRECTION('center_axis',(1.,0.,9.86864910777917E-17));
#3218=DIRECTION('ref_axis',(0.,-0.707106781186547,0.707106781186548));
#3219=DIRECTION('center_axis',(0.,1.,0.));
#3220=DIRECTION('ref_axis',(-0.707106781186548,0.,0.707106781186548));
#3221=DIRECTION('center_axis',(0.,1.,0.));
#3222=DIRECTION('ref_axis',(-1.,0.,0.));
#3223=DIRECTION('',(0.,1.,0.));
#3224=DIRECTION('',(0.,-1.,0.));
#3225=DIRECTION('center_axis',(-0.40824829046386,-0.816496580927727,0.408248290463865));
#3226=DIRECTION('ref_axis',(-0.577350269189623,0.577350269189626,0.577350269189628));
#3227=DIRECTION('center_axis',(1.,0.,9.86864910777917E-17));
#3228=DIRECTION('ref_axis',(0.,0.707106781186547,0.707106781186548));
#3229=DIRECTION('center_axis',(0.,0.,-1.));
#3230=DIRECTION('ref_axis',(-0.707106781186546,0.707106781186549,0.));
#3231=DIRECTION('center_axis',(1.,0.,9.86864910777917E-17));
#3232=DIRECTION('ref_axis',(0.,-0.707106781186547,0.707106781186548));
#3233=DIRECTION('',(-1.,0.,-9.86864910777917E-17));
#3234=DIRECTION('',(-1.,0.,5.06856720719393E-16));
#3235=DIRECTION('center_axis',(1.,0.,1.57507166856645E-16));
#3236=DIRECTION('ref_axis',(0.,0.707106781186544,0.707106781186551));
#3237=DIRECTION('',(1.,0.,-5.65677396498246E-16));
#3238=DIRECTION('',(-1.,0.,-2.70786103567111E-16));
#3239=DIRECTION('center_axis',(-0.707106781186551,-3.14018491736755E-15,
-0.707106781186544));
#3240=DIRECTION('ref_axis',(-0.707106781186544,-3.14018491736752E-15,0.707106781186551));
#3241=DIRECTION('center_axis',(0.,1.,0.));
#3242=DIRECTION('ref_axis',(-0.707106781186549,0.,0.707106781186546));
#3243=DIRECTION('',(0.,1.,0.));
#3244=DIRECTION('center_axis',(0.,1.,0.));
#3245=DIRECTION('ref_axis',(-0.707106781186549,0.,0.707106781186546));
#3246=DIRECTION('',(0.,-1.,0.));
#3247=DIRECTION('center_axis',(-1.57507166856645E-16,0.,1.));
#3248=DIRECTION('ref_axis',(-1.,0.,-1.57507166856645E-16));
#3249=DIRECTION('',(1.,0.,-5.65677396498246E-16));
#3250=DIRECTION('center_axis',(0.,1.,0.));
#3251=DIRECTION('ref_axis',(0.,0.,-1.));
#3252=DIRECTION('center_axis',(1.,0.,0.));
#3253=DIRECTION('ref_axis',(0.,0.,-1.));
#3254=DIRECTION('center_axis',(0.,1.,0.));
#3255=DIRECTION('ref_axis',(-0.707106781186547,0.,0.707106781186548));
#3256=DIRECTION('center_axis',(0.,0.,1.));
#3257=DIRECTION('ref_axis',(1.,0.,0.));
#3258=DIRECTION('center_axis',(0.,-1.,0.));
#3259=DIRECTION('ref_axis',(-0.707106781186547,0.,0.707106781186548));
#3260=DIRECTION('center_axis',(-1.,0.,-1.12904036402558E-16));
#3261=DIRECTION('ref_axis',(0.,0.707106781186548,-0.707106781186548));
#3262=DIRECTION('',(-1.,0.,5.2107426604416E-16));
#3263=DIRECTION('',(-1.,0.,-1.12904036402558E-16));
#3264=DIRECTION('center_axis',(1.12904036402558E-16,0.,-1.));
#3265=DIRECTION('ref_axis',(1.,0.,1.12904036402558E-16));
#3266=DIRECTION('',(1.,0.,1.12904036402558E-16));
#3267=DIRECTION('',(0.,1.,0.));
#3268=DIRECTION('center_axis',(0.,1.,0.));
#3269=DIRECTION('ref_axis',(-0.707106781186548,0.,0.707106781186548));
#3270=DIRECTION('center_axis',(0.,-1.,0.));
#3271=DIRECTION('ref_axis',(-0.707106781186548,0.,0.707106781186548));
#3272=DIRECTION('',(0.,-1.,0.));
#3273=DIRECTION('center_axis',(9.86864910777917E-17,0.,-1.));
#3274=DIRECTION('ref_axis',(-1.,0.,-9.86864910777917E-17));
#3275=DIRECTION('',(-1.,0.,-9.86864910777917E-17));
#3276=DIRECTION('',(-1.,0.,-9.86864910777917E-17));
#3277=DIRECTION('center_axis',(1.,0.,0.));
#3278=DIRECTION('ref_axis',(0.,-0.707106781186547,-0.707106781186548));
#3279=DIRECTION('center_axis',(-0.707106781186549,1.57009245868377E-15,
-0.707106781186546));
#3280=DIRECTION('ref_axis',(0.707106781186546,1.57009245868378E-15,-0.707106781186549));
#3281=DIRECTION('',(-1.,0.,0.));
#3282=DIRECTION('center_axis',(0.,0.,-1.));
#3283=DIRECTION('ref_axis',(1.,0.,0.));
#3284=DIRECTION('',(0.,-1.,0.));
#3285=DIRECTION('',(1.,0.,0.));
#3286=DIRECTION('center_axis',(1.,0.,0.));
#3287=DIRECTION('ref_axis',(0.,-0.707106781186547,-0.707106781186548));
#3288=DIRECTION('center_axis',(-0.707106781186549,0.,-0.707106781186546));
#3289=DIRECTION('ref_axis',(0.707106781186546,0.,-0.707106781186549));
#3290=DIRECTION('',(-1.,0.,0.));
#3291=DIRECTION('center_axis',(-0.707106781186549,0.,0.707106781186546));
#3292=DIRECTION('ref_axis',(-0.707106781186546,0.,-0.707106781186549));
#3293=DIRECTION('center_axis',(-1.,0.,0.));
#3294=DIRECTION('ref_axis',(0.,0.707106781186547,-0.707106781186548));
#3295=DIRECTION('center_axis',(-0.707106781186549,0.,-0.707106781186546));
#3296=DIRECTION('ref_axis',(-0.707106781186546,0.,0.707106781186549));
#3297=DIRECTION('center_axis',(-1.,0.,0.));
#3298=DIRECTION('ref_axis',(0.,0.707106781186547,-0.707106781186548));
#3299=DIRECTION('center_axis',(-0.707106781186549,0.,0.707106781186546));
#3300=DIRECTION('ref_axis',(0.707106781186546,0.,0.707106781186549));
#3301=DIRECTION('',(1.,0.,0.));
#3302=DIRECTION('center_axis',(-0.707106781186549,0.,-0.707106781186546));
#3303=DIRECTION('ref_axis',(-0.707106781186546,0.,0.707106781186549));
#3304=DIRECTION('center_axis',(1.,0.,9.86864910777917E-17));
#3305=DIRECTION('ref_axis',(0.,0.707106781186547,0.707106781186548));
#3306=DIRECTION('center_axis',(1.,0.,0.));
#3307=DIRECTION('ref_axis',(0.,-1.,0.));
#3308=DIRECTION('center_axis',(0.,0.,1.));
#3309=DIRECTION('ref_axis',(0.,1.,0.));
#3310=DIRECTION('center_axis',(0.,0.,-1.));
#3311=DIRECTION('ref_axis',(1.,0.,0.));
#3312=DIRECTION('',(0.,-1.,0.));
#3313=DIRECTION('',(0.,-1.,0.));
#3314=DIRECTION('center_axis',(2.70786103567111E-16,0.,-1.));
#3315=DIRECTION('ref_axis',(1.,0.,2.70786103567111E-16));
#3316=DIRECTION('center_axis',(0.408248290463867,0.408248290463858,-0.816496580927726));
#3317=DIRECTION('ref_axis',(-0.57735026918963,-0.577350269189624,-0.577350269189623));
#3318=DIRECTION('center_axis',(0.,-1.,0.));
#3319=DIRECTION('ref_axis',(-1.,0.,0.));
#3320=DIRECTION('center_axis',(-1.,0.,9.86864910777917E-17));
#3321=DIRECTION('ref_axis',(0.,-0.707106781186547,-0.707106781186548));
#3322=DIRECTION('center_axis',(-1.58603289232165E-16,0.,-1.));
#3323=DIRECTION('ref_axis',(0.707106781186546,-0.707106781186549,0.));
#3324=DIRECTION('center_axis',(0.,-1.,0.));
#3325=DIRECTION('ref_axis',(-0.707106781186548,0.,-0.707106781186548));
#3326=DIRECTION('center_axis',(0.,-1.,0.));
#3327=DIRECTION('ref_axis',(-1.,0.,0.));
#3328=DIRECTION('',(0.,-1.,0.));
#3329=DIRECTION('',(0.,1.,0.));
#3330=DIRECTION('center_axis',(-0.40824829046386,-0.816496580927727,-0.408248290463865));
#3331=DIRECTION('ref_axis',(-0.577350269189623,0.577350269189626,-0.577350269189628));
#3332=DIRECTION('center_axis',(0.,0.,-1.));
#3333=DIRECTION('ref_axis',(-0.707106781186546,0.707106781186549,0.));
#3334=DIRECTION('center_axis',(-1.,0.,0.));
#3335=DIRECTION('ref_axis',(0.,0.,1.));
#3336=DIRECTION('',(0.,0.,1.));
#3337=DIRECTION('',(0.,0.,1.));
#3338=DIRECTION('center_axis',(1.58603289232165E-16,0.,1.));
#3339=DIRECTION('ref_axis',(0.707106781186546,-0.707106781186549,0.));
#3340=DIRECTION('center_axis',(0.707106781186549,0.,-0.707106781186546));
#3341=DIRECTION('ref_axis',(0.707106781186546,0.,0.707106781186549));
#3342=DIRECTION('',(1.58603289232165E-16,0.,1.));
#3343=DIRECTION('center_axis',(-1.,0.,9.86864910777917E-17));
#3344=DIRECTION('ref_axis',(0.,-0.707106781186547,-0.707106781186548));
#3345=DIRECTION('',(1.,0.,-9.86864910777917E-17));
#3346=DIRECTION('',(-1.,0.,9.86864910777917E-17));
#3347=DIRECTION('center_axis',(-1.,0.,1.57507166856645E-16));
#3348=DIRECTION('ref_axis',(0.,0.707106781186544,-0.707106781186551));
#3349=DIRECTION('',(-1.,0.,1.57507166856645E-16));
#3350=DIRECTION('center_axis',(1.,0.,0.));
#3351=DIRECTION('ref_axis',(0.,0.,-1.));
#3352=DIRECTION('center_axis',(-0.707106781186549,0.,0.707106781186546));
#3353=DIRECTION('ref_axis',(0.707106781186546,0.,0.707106781186549));
#3354=DIRECTION('center_axis',(0.,-1.,0.));
#3355=DIRECTION('ref_axis',(0.,0.,-1.));
#3356=DIRECTION('center_axis',(0.,1.,0.));
#3357=DIRECTION('ref_axis',(-0.707106781186547,0.,-0.707106781186548));
#3358=DIRECTION('center_axis',(0.,0.,-1.));
#3359=DIRECTION('ref_axis',(-1.,0.,0.));
#3360=DIRECTION('center_axis',(0.,0.,1.));
#3361=DIRECTION('ref_axis',(-0.707106781186554,0.707106781186541,0.));
#3362=DIRECTION('',(0.,0.,1.));
#3363=DIRECTION('center_axis',(1.,0.,0.));
#3364=DIRECTION('ref_axis',(0.,0.,1.));
#3365=DIRECTION('',(0.,1.,0.));
#3366=DIRECTION('',(0.,0.,-1.));
#3367=DIRECTION('center_axis',(0.,-1.,0.));
#3368=DIRECTION('ref_axis',(-0.707106781186549,0.,-0.707106781186546));
#3369=DIRECTION('',(0.,-1.,0.));
#3370=DIRECTION('center_axis',(0.,-1.,0.));
#3371=DIRECTION('ref_axis',(-0.707106781186549,0.,-0.707106781186546));
#3372=DIRECTION('center_axis',(1.57507166856645E-16,0.,1.));
#3373=DIRECTION('ref_axis',(-1.,0.,1.57507166856645E-16));
#3374=DIRECTION('',(-1.,0.,1.57507166856645E-16));
#3375=DIRECTION('center_axis',(0.,0.,-1.));
#3376=DIRECTION('ref_axis',(0.707106781186541,0.707106781186554,0.));
#3377=DIRECTION('',(0.,0.,-1.));
#3378=DIRECTION('center_axis',(0.,0.,1.));
#3379=DIRECTION('ref_axis',(1.,0.,0.));
#3380=DIRECTION('',(0.,0.,-1.));
#3381=DIRECTION('center_axis',(0.,1.,0.));
#3382=DIRECTION('ref_axis',(0.,0.,1.));
#3383=DIRECTION('center_axis',(-1.,0.,0.));
#3384=DIRECTION('ref_axis',(0.,0.,1.));
#3385=DIRECTION('center_axis',(0.,1.,0.));
#3386=DIRECTION('ref_axis',(-0.707106781186547,0.,-0.707106781186548));
#3387=DIRECTION('center_axis',(0.,-1.,0.));
#3388=DIRECTION('ref_axis',(-0.707106781186547,0.,-0.707106781186548));
#3389=DIRECTION('center_axis',(1.,0.,-1.12904036402558E-16));
#3390=DIRECTION('ref_axis',(0.,0.707106781186548,0.707106781186548));
#3391=DIRECTION('',(1.,0.,-2.95266193239043E-16));
#3392=DIRECTION('',(1.,0.,-1.12904036402558E-16));
#3393=DIRECTION('center_axis',(-1.12904036402558E-16,0.,-1.));
#3394=DIRECTION('ref_axis',(1.,0.,-1.12904036402558E-16));
#3395=DIRECTION('',(0.,1.,0.));
#3396=DIRECTION('',(-1.,0.,2.95266193239043E-16));
#3397=DIRECTION('center_axis',(0.,-1.,0.));
#3398=DIRECTION('ref_axis',(-0.707106781186548,0.,-0.707106781186548));
#3399=DIRECTION('',(0.,-1.,0.));
#3400=DIRECTION('center_axis',(0.,1.,0.));
#3401=DIRECTION('ref_axis',(-0.707106781186548,0.,-0.707106781186548));
#3402=DIRECTION('center_axis',(-1.,0.,0.));
#3403=DIRECTION('ref_axis',(0.,0.,-1.));
#3404=DIRECTION('',(0.,0.,-1.));
#3405=DIRECTION('center_axis',(0.,1.,0.));
#3406=DIRECTION('ref_axis',(-0.707106781186549,0.,-0.707106781186546));
#3407=DIRECTION('center_axis',(0.,-1.,0.));
#3408=DIRECTION('ref_axis',(-0.707106781186549,0.,-0.707106781186546));
#3409=DIRECTION('',(0.,-1.,0.));
#3410=DIRECTION('center_axis',(-9.86864910777917E-17,0.,-1.));
#3411=DIRECTION('ref_axis',(-1.,0.,9.86864910777917E-17));
#3412=DIRECTION('',(1.,0.,-3.0948373856381E-16));
#3413=DIRECTION('center_axis',(0.,1.,0.));
#3414=DIRECTION('ref_axis',(0.,0.,1.));
#3415=DIRECTION('center_axis',(0.,-1.,0.));
#3416=DIRECTION('ref_axis',(0.,0.,-1.));
#3417=DIRECTION('center_axis',(1.58603289232165E-16,0.,1.));
#3418=DIRECTION('ref_axis',(0.707106781186546,-0.707106781186549,0.));
#3419=DIRECTION('',(1.58603289232165E-16,0.,1.));
#3420=DIRECTION('center_axis',(-1.,0.,1.58603289232165E-16));
#3421=DIRECTION('ref_axis',(-1.58603289232165E-16,0.,-1.));
#3422=DIRECTION('',(-1.58603289232165E-16,0.,-1.));
#3423=DIRECTION('center_axis',(0.,0.,-1.));
#3424=DIRECTION('ref_axis',(-0.707106781186546,-0.707106781186549,0.));
#3425=DIRECTION('',(0.,0.,-1.));
#3426=DIRECTION('center_axis',(0.707106781186549,0.,0.707106781186546));
#3427=DIRECTION('ref_axis',(-0.707106781186546,0.,0.707106781186549));
#3428=DIRECTION('center_axis',(-1.,0.,0.));
#3429=DIRECTION('ref_axis',(0.,-0.707106781186547,0.707106781186548));
#3430=DIRECTION('',(-1.,0.,0.));
#3431=DIRECTION('center_axis',(0.,1.,0.));
#3432=DIRECTION('ref_axis',(0.,0.,1.));
#3433=DIRECTION('center_axis',(-1.58603289232165E-16,0.,-1.));
#3434=DIRECTION('ref_axis',(0.707106781186546,0.707106781186549,-1.12149461334555E-16));
#3435=DIRECTION('center_axis',(0.,0.,1.));
#3436=DIRECTION('ref_axis',(-0.707106781186546,0.707106781186549,0.));
#3437=DIRECTION('',(0.,0.,1.));
#3438=DIRECTION('center_axis',(0.707106781186549,0.,0.707106781186546));
#3439=DIRECTION('ref_axis',(0.707106781186546,0.,-0.707106781186549));
#3440=DIRECTION('center_axis',(1.,0.,0.));
#3441=DIRECTION('ref_axis',(0.,0.707106781186547,0.707106781186548));
#3442=DIRECTION('center_axis',(0.707106781186549,0.,-0.707106781186546));
#3443=DIRECTION('ref_axis',(-0.707106781186546,0.,-0.707106781186549));
#3444=DIRECTION('',(1.,0.,0.));
#3445=DIRECTION('center_axis',(0.,0.,-1.));
#3446=DIRECTION('ref_axis',(-0.707106781186546,0.707106781186549,0.));
#3447=DIRECTION('',(-1.58603289232165E-16,0.,-1.));
#3448=DIRECTION('center_axis',(1.,0.,0.));
#3449=DIRECTION('ref_axis',(0.,-1.,0.));
#3450=DIRECTION('center_axis',(0.,0.,1.));
#3451=DIRECTION('ref_axis',(0.,1.,0.));
#3452=DIRECTION('center_axis',(0.,0.,-1.));
#3453=DIRECTION('ref_axis',(1.,0.,0.));
#3454=DIRECTION('',(0.,-1.,0.));
#3455=DIRECTION('',(0.,-1.,0.));
#3456=DIRECTION('center_axis',(-1.,0.,1.58603289232165E-16));
#3457=DIRECTION('ref_axis',(-1.58603289232165E-16,0.,-1.));
#3458=DIRECTION('center_axis',(1.,0.,0.));
#3459=DIRECTION('ref_axis',(0.,0.,1.));
#3460=CARTESIAN_POINT('',(0.,0.,0.));
#3461=CARTESIAN_POINT('Origin',(-43.,2.,-12.75));
#3462=CARTESIAN_POINT('',(-45.,2.,-13.));
#3463=CARTESIAN_POINT('',(-43.,0.,-13.));
#3464=CARTESIAN_POINT('Origin',(-43.,2.,-13.));
#3465=CARTESIAN_POINT('',(-43.,0.,13.));
#3466=CARTESIAN_POINT('',(-43.,0.,-12.75));
#3467=CARTESIAN_POINT('',(-45.,2.,13.));
#3468=CARTESIAN_POINT('Origin',(-43.,2.,13.));
#3469=CARTESIAN_POINT('',(-45.,2.,-12.75));
#3470=CARTESIAN_POINT('Origin',(-46.,2.,-13.));
#3471=CARTESIAN_POINT('',(-46.7795480450792,1.,-14.));
#3472=CARTESIAN_POINT('',(-48.2360679774998,0.,-15.));
#3473=CARTESIAN_POINT('Ctrl Pts',(-46.7795480450791,1.,-14.));
#3474=CARTESIAN_POINT('Ctrl Pts',(-46.8668109316506,0.907075285032894,-14.));
#3475=CARTESIAN_POINT('Ctrl Pts',(-46.9477601044671,0.811633154322755,-14.0129817521712));
#3476=CARTESIAN_POINT('Ctrl Pts',(-47.131560008978,0.605131891174164,-14.0738593187911));
#3477=CARTESIAN_POINT('Ctrl Pts',(-47.229910073068,0.500862031418598,-14.1258814725898));
#3478=CARTESIAN_POINT('Ctrl Pts',(-47.4985095356677,0.258296301138682,-14.3039764492598));
#3479=CARTESIAN_POINT('Ctrl Pts',(-47.6678831307163,0.145526173415873,-14.4507653105598));
#3480=CARTESIAN_POINT('Ctrl Pts',(-47.9712765513674,0.0265989830831509,
-14.7361417998036));
#3481=CARTESIAN_POINT('Ctrl Pts',(-48.1006546398263,0.000726228018671003,
-14.8649868482939));
#3482=CARTESIAN_POINT('Ctrl Pts',(-48.2323968483989,5.02435108733275E-6,
-14.9963396433996));
#3483=CARTESIAN_POINT('Ctrl Pts',(-48.2342324155139,-3.03204123579067E-18,
-14.9981698176614));
#3484=CARTESIAN_POINT('Ctrl Pts',(-48.2360679774998,0.,-15.));
#3485=CARTESIAN_POINT('',(-46.,0.,-16.));
#3486=CARTESIAN_POINT('Origin',(-46.,0.,-13.));
#3487=CARTESIAN_POINT('Origin',(-46.,0.,-13.));
#3488=CARTESIAN_POINT('',(-46.,2.,-14.));
#3489=CARTESIAN_POINT('Origin',(-46.,2.,-13.));
#3490=CARTESIAN_POINT('Ctrl Pts',(-46.,2.,-14.));
#3491=CARTESIAN_POINT('Ctrl Pts',(-46.192952789302,1.72712354847144,-14.));
#3492=CARTESIAN_POINT('Ctrl Pts',(-46.4050699868764,1.42621212567445,-14.));
#3493=CARTESIAN_POINT('Ctrl Pts',(-46.6877617591988,1.09987972718711,-14.));
#3494=CARTESIAN_POINT('Ctrl Pts',(-46.7332146979478,1.04933956742454,-14.));
#3495=CARTESIAN_POINT('Ctrl Pts',(-46.7795480450792,1.,-14.));
#3496=CARTESIAN_POINT('Origin',(-46.,2.,13.));
#3497=CARTESIAN_POINT('',(-46.7795480450792,1.,14.));
#3498=CARTESIAN_POINT('',(-46.,2.,14.));
#3499=CARTESIAN_POINT('Ctrl Pts',(-46.7795480450792,1.,14.));
#3500=CARTESIAN_POINT('Ctrl Pts',(-46.7332146979478,1.04933956742454,14.));
#3501=CARTESIAN_POINT('Ctrl Pts',(-46.6877617591988,1.0998797271871,14.));
#3502=CARTESIAN_POINT('Ctrl Pts',(-46.4050699868764,1.42621212567445,14.));
#3503=CARTESIAN_POINT('Ctrl Pts',(-46.192952789302,1.72712354847145,14.));
#3504=CARTESIAN_POINT('Ctrl Pts',(-46.,2.,14.));
#3505=CARTESIAN_POINT('Origin',(-46.,2.,13.));
#3506=CARTESIAN_POINT('',(-46.,0.,16.));
#3507=CARTESIAN_POINT('Origin',(-46.,0.,13.));
#3508=CARTESIAN_POINT('',(-48.2360679774998,0.,15.));
#3509=CARTESIAN_POINT('Origin',(-46.,0.,13.));
#3510=CARTESIAN_POINT('Ctrl Pts',(-48.2360679774998,0.,15.));
#3511=CARTESIAN_POINT('Ctrl Pts',(-48.2342324155139,5.01391412994068E-18,
14.9981698176615));
#3512=CARTESIAN_POINT('Ctrl Pts',(-48.2323968483987,5.02435108758684E-6,
14.9963396433995));
#3513=CARTESIAN_POINT('Ctrl Pts',(-48.1006546398287,0.000726228018673641,
14.864986848294));
#3514=CARTESIAN_POINT('Ctrl Pts',(-47.9712765513672,0.0265989830832424,
14.7361417998034));
#3515=CARTESIAN_POINT('Ctrl Pts',(-47.6678831307163,0.145526173415879,14.4507653105598));
#3516=CARTESIAN_POINT('Ctrl Pts',(-47.4985095356677,0.258296301138689,14.3039764492598));
#3517=CARTESIAN_POINT('Ctrl Pts',(-47.229910073068,0.500862031418605,14.1258814725898));
#3518=CARTESIAN_POINT('Ctrl Pts',(-47.131560008978,0.60513189117417,14.0738593187911));
#3519=CARTESIAN_POINT('Ctrl Pts',(-46.9477601044671,0.811633154322728,14.0129817521712));
#3520=CARTESIAN_POINT('Ctrl Pts',(-46.8668109316507,0.907075285032865,14.));
#3521=CARTESIAN_POINT('Ctrl Pts',(-46.7795480450792,0.999999999999997,14.));
#3522=CARTESIAN_POINT('Origin',(-36.25,1.,-15.));
#3523=CARTESIAN_POINT('',(-50.,1.,-14.));
#3524=CARTESIAN_POINT('',(-36.25,1.,-14.));
#3525=CARTESIAN_POINT('',(-51.,0.,-15.));
#3526=CARTESIAN_POINT('Origin',(-51.,1.,-15.));
#3527=CARTESIAN_POINT('',(-36.25,0.,-15.));
#3528=CARTESIAN_POINT('Origin',(-22.5,0.,-8.5));
#3529=CARTESIAN_POINT('',(-51.,0.,15.));
#3530=CARTESIAN_POINT('',(-51.,0.,4.25));
#3531=CARTESIAN_POINT('',(-36.25,0.,15.));
#3532=CARTESIAN_POINT('',(-59.,0.,16.));
#3533=CARTESIAN_POINT('',(-11.25,0.,16.));
#3534=CARTESIAN_POINT('',(-59.,0.,15.));
#3535=CARTESIAN_POINT('',(-59.,0.,8.5));
#3536=CARTESIAN_POINT('',(-52.,0.,15.));
#3537=CARTESIAN_POINT('',(-40.25,0.,15.));
#3538=CARTESIAN_POINT('',(-52.,0.,-15.));
#3539=CARTESIAN_POINT('',(-52.,0.,-11.25));
#3540=CARTESIAN_POINT('',(-59.,0.,-15.));
#3541=CARTESIAN_POINT('',(-40.25,0.,-15.));
#3542=CARTESIAN_POINT('',(-59.,0.,-16.));
#3543=CARTESIAN_POINT('',(-59.,0.,-8.5));
#3544=CARTESIAN_POINT('',(-11.25,0.,-16.));
#3545=CARTESIAN_POINT('Origin',(-50.,3.,-14.));
#3546=CARTESIAN_POINT('',(-50.,2.,-14.));
#3547=CARTESIAN_POINT('',(-47.5,2.,-14.));
#3548=CARTESIAN_POINT('',(-50.,3.,-14.));
#3549=CARTESIAN_POINT('Origin',(-45.,0.,-17.));
#3550=CARTESIAN_POINT('',(-45.,4.,15.));
#3551=CARTESIAN_POINT('Origin',(-45.,2.,15.));
#3552=CARTESIAN_POINT('',(-45.,4.,15.5));
#3553=CARTESIAN_POINT('',(-45.,4.,-8.5));
#3554=CARTESIAN_POINT('',(-45.,20.,15.5));
#3555=CARTESIAN_POINT('',(-45.,0.,15.5));
#3556=CARTESIAN_POINT('',(-45.,20.,-15.5));
#3557=CARTESIAN_POINT('',(-45.,20.,-17.));
#3558=CARTESIAN_POINT('',(-45.,4.,-15.5));
#3559=CARTESIAN_POINT('',(-45.,0.,-15.5));
#3560=CARTESIAN_POINT('',(-45.,4.,-15.));
#3561=CARTESIAN_POINT('',(-45.,4.,-8.5));
#3562=CARTESIAN_POINT('Origin',(-45.,2.,-15.));
#3563=CARTESIAN_POINT('',(-45.,10.,-3.5));
#3564=CARTESIAN_POINT('Origin',(-45.,10.,0.));
#3565=CARTESIAN_POINT('Origin',(43.,2.,-12.75));
#3566=CARTESIAN_POINT('',(43.,0.,-13.));
#3567=CARTESIAN_POINT('',(45.,2.,-13.));
#3568=CARTESIAN_POINT('Origin',(43.,2.,-13.));
#3569=CARTESIAN_POINT('',(45.,2.,13.));
#3570=CARTESIAN_POINT('',(45.,2.,-12.75));
#3571=CARTESIAN_POINT('',(43.,0.,13.));
#3572=CARTESIAN_POINT('Origin',(43.,2.,13.));
#3573=CARTESIAN_POINT('',(43.,0.,-12.75));
#3574=CARTESIAN_POINT('Origin',(46.,2.,13.));
#3575=CARTESIAN_POINT('',(46.7795480450792,1.,14.));
#3576=CARTESIAN_POINT('',(48.2360679774998,0.,15.));
#3577=CARTESIAN_POINT('Ctrl Pts',(46.7795480450792,0.999999999999996,14.));
#3578=CARTESIAN_POINT('Ctrl Pts',(46.8668109316507,0.907075285032873,14.));
#3579=CARTESIAN_POINT('Ctrl Pts',(46.9477601044671,0.81163315432274,14.0129817521711));
#3580=CARTESIAN_POINT('Ctrl Pts',(47.131560008978,0.605131891174159,14.0738593187911));
#3581=CARTESIAN_POINT('Ctrl Pts',(47.229910073068,0.500862031418588,14.1258814725898));
#3582=CARTESIAN_POINT('Ctrl Pts',(47.4985095356677,0.258296301138686,14.3039764492598));
#3583=CARTESIAN_POINT('Ctrl Pts',(47.6678831307163,0.145526173415878,14.4507653105597));
#3584=CARTESIAN_POINT('Ctrl Pts',(47.9712765513672,0.0265989830832367,14.7361417998034));
#3585=CARTESIAN_POINT('Ctrl Pts',(48.1006546398269,0.000726228018670699,
14.8649868482934));
#3586=CARTESIAN_POINT('Ctrl Pts',(48.2323968483988,5.02435108747187E-6,
14.9963396433996));
#3587=CARTESIAN_POINT('Ctrl Pts',(48.234232415514,-7.33196845554969E-19,
14.9981698176615));
#3588=CARTESIAN_POINT('Ctrl Pts',(48.2360679774998,0.,15.));
#3589=CARTESIAN_POINT('',(46.,0.,16.));
#3590=CARTESIAN_POINT('Origin',(46.,0.,13.));
#3591=CARTESIAN_POINT('Origin',(46.,0.,13.));
#3592=CARTESIAN_POINT('',(46.,2.,14.));
#3593=CARTESIAN_POINT('Origin',(46.,2.,13.));
#3594=CARTESIAN_POINT('Ctrl Pts',(46.,2.,14.));
#3595=CARTESIAN_POINT('Ctrl Pts',(46.192952789302,1.72712354847144,14.));
#3596=CARTESIAN_POINT('Ctrl Pts',(46.4050699868764,1.42621212567445,14.));
#3597=CARTESIAN_POINT('Ctrl Pts',(46.6877617591988,1.09987972718711,14.));
#3598=CARTESIAN_POINT('Ctrl Pts',(46.7332146979478,1.04933956742454,14.));
#3599=CARTESIAN_POINT('Ctrl Pts',(46.7795480450792,1.,14.));
#3600=CARTESIAN_POINT('Origin',(46.,2.,-13.));
#3601=CARTESIAN_POINT('',(46.7795480450791,1.,-14.));
#3602=CARTESIAN_POINT('',(46.,2.,-14.));
#3603=CARTESIAN_POINT('Ctrl Pts',(46.7795480450791,1.,-14.));
#3604=CARTESIAN_POINT('Ctrl Pts',(46.7332146979478,1.04933956742453,-14.));
#3605=CARTESIAN_POINT('Ctrl Pts',(46.6877617591988,1.09987972718711,-14.));
#3606=CARTESIAN_POINT('Ctrl Pts',(46.4050699868764,1.42621212567446,-14.));
#3607=CARTESIAN_POINT('Ctrl Pts',(46.192952789302,1.72712354847144,-14.));
#3608=CARTESIAN_POINT('Ctrl Pts',(46.,2.,-14.));
#3609=CARTESIAN_POINT('Origin',(46.,2.,-13.));
#3610=CARTESIAN_POINT('',(46.,0.,-16.));
#3611=CARTESIAN_POINT('Origin',(46.,0.,-13.));
#3612=CARTESIAN_POINT('',(48.2360679774998,0.,-15.));
#3613=CARTESIAN_POINT('Origin',(46.,0.,-13.));
#3614=CARTESIAN_POINT('Ctrl Pts',(48.2360679774998,0.,-15.));
#3615=CARTESIAN_POINT('Ctrl Pts',(48.2342324155139,6.73804742267413E-18,
-14.9981698176615));
#3616=CARTESIAN_POINT('Ctrl Pts',(48.2323968483988,5.02435108732348E-6,
-14.9963396433996));
#3617=CARTESIAN_POINT('Ctrl Pts',(48.1006546398263,0.0007262280186711,-14.8649868482939));
#3618=CARTESIAN_POINT('Ctrl Pts',(47.9712765513674,0.0265989830831495,-14.7361417998036));
#3619=CARTESIAN_POINT('Ctrl Pts',(47.6678831307163,0.145526173415877,-14.4507653105598));
#3620=CARTESIAN_POINT('Ctrl Pts',(47.4985095356677,0.258296301138686,-14.3039764492598));
#3621=CARTESIAN_POINT('Ctrl Pts',(47.229910073068,0.500862031418609,-14.1258814725898));
#3622=CARTESIAN_POINT('Ctrl Pts',(47.131560008978,0.605131891174172,-14.0738593187912));
#3623=CARTESIAN_POINT('Ctrl Pts',(46.9477601044671,0.811633154322767,-14.0129817521712));
#3624=CARTESIAN_POINT('Ctrl Pts',(46.8668109316506,0.907075285032897,-14.));
#3625=CARTESIAN_POINT('Ctrl Pts',(46.7795480450791,1.,-14.));
#3626=CARTESIAN_POINT('Origin',(45.,0.,-17.));
#3627=CARTESIAN_POINT('',(45.,4.,-15.));
#3628=CARTESIAN_POINT('Origin',(45.,2.,-15.));
#3629=CARTESIAN_POINT('',(45.,4.,-15.5));
#3630=CARTESIAN_POINT('',(45.,4.,-8.50000000000002));
#3631=CARTESIAN_POINT('',(45.,20.,-15.5));
#3632=CARTESIAN_POINT('',(45.,0.,-15.5));
#3633=CARTESIAN_POINT('',(45.,20.,15.5));
#3634=CARTESIAN_POINT('',(45.,20.,-17.));
#3635=CARTESIAN_POINT('',(45.,4.,15.5));
#3636=CARTESIAN_POINT('',(45.,0.,15.5));
#3637=CARTESIAN_POINT('',(45.,4.,15.));
#3638=CARTESIAN_POINT('',(45.,4.,-8.50000000000002));
#3639=CARTESIAN_POINT('Origin',(45.,2.,15.));
#3640=CARTESIAN_POINT('Origin',(-22.5,0.,-8.5));
#3641=CARTESIAN_POINT('',(-11.25,0.,-16.));
#3642=CARTESIAN_POINT('',(-11.25,0.,16.));
#3643=CARTESIAN_POINT('Origin',(50.,3.,-14.));
#3644=CARTESIAN_POINT('',(50.,1.,-14.));
#3645=CARTESIAN_POINT('',(36.25,1.,-14.));
#3646=CARTESIAN_POINT('',(50.,2.,-14.));
#3647=CARTESIAN_POINT('',(50.,3.,-14.));
#3648=CARTESIAN_POINT('',(47.5,2.,-14.));
#3649=CARTESIAN_POINT('Origin',(36.25,1.,-15.));
#3650=CARTESIAN_POINT('',(51.,0.,-15.));
#3651=CARTESIAN_POINT('',(36.25,0.,-15.));
#3652=CARTESIAN_POINT('Origin',(51.,1.,-15.));
#3653=CARTESIAN_POINT('Origin',(-30.75,3.5,12.5));
#3654=CARTESIAN_POINT('',(-41.,3.5,13.));
#3655=CARTESIAN_POINT('',(41.,3.5,13.));
#3656=CARTESIAN_POINT('',(-30.75,3.5,13.));
#3657=CARTESIAN_POINT('',(41.,3.,12.5));
#3658=CARTESIAN_POINT('Origin',(41.,3.5,12.5));
#3659=CARTESIAN_POINT('',(-40.5,3.,12.5));
#3660=CARTESIAN_POINT('',(-30.75,3.,12.5));
#3661=CARTESIAN_POINT('Origin',(-40.5,3.5,12.5));
#3662=CARTESIAN_POINT('Origin',(-40.5,3.5,-3.25));
#3663=CARTESIAN_POINT('',(-41.,3.5,-13.));
#3664=CARTESIAN_POINT('',(-41.,3.5,-3.25));
#3665=CARTESIAN_POINT('',(-40.5,3.,-12.5));
#3666=CARTESIAN_POINT('',(-40.5,3.,-3.25));
#3667=CARTESIAN_POINT('Origin',(-40.5,3.5,-12.5));
#3668=CARTESIAN_POINT('Origin',(-30.75,3.5,-12.5));
#3669=CARTESIAN_POINT('',(41.,3.,-12.5));
#3670=CARTESIAN_POINT('',(-30.75,3.,-12.5));
#3671=CARTESIAN_POINT('',(41.,3.5,-13.));
#3672=CARTESIAN_POINT('Origin',(41.,3.5,-12.5));
#3673=CARTESIAN_POINT('',(-30.75,3.5,-13.));
#3674=CARTESIAN_POINT('Origin',(-20.5,3.,-6.5));
#3675=CARTESIAN_POINT('',(41.,3.,-13.));
#3676=CARTESIAN_POINT('Origin',(41.,20.,-1.67349794153057E-14));
#3677=CARTESIAN_POINT('',(41.,19.5,13.));
#3678=CARTESIAN_POINT('',(41.,20.,13.));
#3679=CARTESIAN_POINT('',(41.,19.5,-13.));
#3680=CARTESIAN_POINT('',(41.,19.5,-4.25000000000002));
#3681=CARTESIAN_POINT('',(41.,20.,-13.));
#3682=CARTESIAN_POINT('',(41.,18.25,-5.50000000000002));
#3683=CARTESIAN_POINT('Origin',(41.,17.75,-5.50000000000002));
#3684=CARTESIAN_POINT('',(41.,18.25,5.49999999999998));
#3685=CARTESIAN_POINT('Origin',(41.,17.75,5.49999999999998));
#3686=CARTESIAN_POINT('Origin',(40.5,19.5,12.5));
#3687=CARTESIAN_POINT('',(41.3284271247462,19.9696410847415,13.3284271247462));
#3688=CARTESIAN_POINT('',(41.5,20.,12.5));
#3689=CARTESIAN_POINT('Ctrl Pts',(41.3284271247462,19.9696410847415,13.3284271247462));
#3690=CARTESIAN_POINT('Ctrl Pts',(41.361818690202,19.9818399469804,13.2478127545538));
#3691=CARTESIAN_POINT('Ctrl Pts',(41.3914742047445,19.988721823908,13.164356573094));
#3692=CARTESIAN_POINT('Ctrl Pts',(41.4397020827571,19.9969251139762,12.9977988127464));
#3693=CARTESIAN_POINT('Ctrl Pts',(41.4586877335415,19.9984844423746,12.9150679487564));
#3694=CARTESIAN_POINT('Ctrl Pts',(41.4850480441169,19.9999324766857,12.7558916176336));
#3695=CARTESIAN_POINT('Ctrl Pts',(41.4933622048385,19.9999715786674,12.6799442798694));
#3696=CARTESIAN_POINT('Ctrl Pts',(41.4986029234919,19.9999997021672,12.5787700958844));
#3697=CARTESIAN_POINT('Ctrl Pts',(41.4994274794756,19.999999802752,12.5539263062003));
#3698=CARTESIAN_POINT('Ctrl Pts',(41.4999295829946,20.0000000148694,12.5193787899518));
#3699=CARTESIAN_POINT('Ctrl Pts',(41.5,20.,12.5096896496775));
#3700=CARTESIAN_POINT('Ctrl Pts',(41.5,20.,12.5));
#3701=CARTESIAN_POINT('',(40.5,20.,13.5));
#3702=CARTESIAN_POINT('Ctrl Pts',(40.5,20.,13.5));
#3703=CARTESIAN_POINT('Ctrl Pts',(40.5096896496781,20.,13.5));
#3704=CARTESIAN_POINT('Ctrl Pts',(40.5193787899512,20.0000000148694,13.4999295829946));
#3705=CARTESIAN_POINT('Ctrl Pts',(40.5539263062012,19.999999802752,13.4994274794756));
#3706=CARTESIAN_POINT('Ctrl Pts',(40.5787700958851,19.9999997021672,13.4986029234919));
#3707=CARTESIAN_POINT('Ctrl Pts',(40.6799442798697,19.9999715786674,13.4933622048385));
#3708=CARTESIAN_POINT('Ctrl Pts',(40.7558916176335,19.9999324766857,13.4850480441169));
#3709=CARTESIAN_POINT('Ctrl Pts',(40.9150679487565,19.9984844423746,13.4586877335415));
#3710=CARTESIAN_POINT('Ctrl Pts',(40.9977988127464,19.9969251139762,13.4397020827571));
#3711=CARTESIAN_POINT('Ctrl Pts',(41.1643565730941,19.988721823908,13.3914742047445));
#3712=CARTESIAN_POINT('Ctrl Pts',(41.2478127545539,19.9818399469803,13.361818690202));
#3713=CARTESIAN_POINT('Ctrl Pts',(41.3284271247462,19.9696410847415,13.3284271247462));
#3714=CARTESIAN_POINT('',(40.5,19.5,14.));
#3715=CARTESIAN_POINT('Origin',(40.5,19.5,13.5));
#3716=CARTESIAN_POINT('',(42.,19.5,12.5));
#3717=CARTESIAN_POINT('Origin',(40.5,19.5,12.5));
#3718=CARTESIAN_POINT('Origin',(41.5,19.5,12.5));
#3719=CARTESIAN_POINT('Origin',(-40.5,19.5,12.5));
#3720=CARTESIAN_POINT('',(-41.3284271247462,19.9696410847415,13.3284271247462));
#3721=CARTESIAN_POINT('',(-40.5,20.,13.5));
#3722=CARTESIAN_POINT('Ctrl Pts',(-41.3284271247462,19.9696410847415,13.3284271247462));
#3723=CARTESIAN_POINT('Ctrl Pts',(-41.2525703137301,19.9811200156722,13.3598480446674));
#3724=CARTESIAN_POINT('Ctrl Pts',(-41.1742090571414,19.9878819586731,13.3879578110991));
#3725=CARTESIAN_POINT('Ctrl Pts',(-41.0114420225191,19.9965586172294,13.4363221822644));
#3726=CARTESIAN_POINT('Ctrl Pts',(-40.9270794165788,19.9982955941232,13.4562311782455));
#3727=CARTESIAN_POINT('Ctrl Pts',(-40.7658865212808,19.9999034566545,13.4837559461207));
#3728=CARTESIAN_POINT('Ctrl Pts',(-40.6895935107443,19.9999622663272,13.492484742053));
#3729=CARTESIAN_POINT('Ctrl Pts',(-40.5849650576204,19.9999998909226,13.4983900726043));
#3730=CARTESIAN_POINT('Ctrl Pts',(-40.557026414675,19.9999997837178,13.4993824234038));
#3731=CARTESIAN_POINT('Ctrl Pts',(-40.5193787899541,20.0000000148694,13.4999295829945));
#3732=CARTESIAN_POINT('Ctrl Pts',(-40.5096896496752,20.,13.5));
#3733=CARTESIAN_POINT('Ctrl Pts',(-40.5,20.,13.5));
#3734=CARTESIAN_POINT('',(-41.5,20.,12.5));
#3735=CARTESIAN_POINT('Ctrl Pts',(-41.5,20.,12.5));
#3736=CARTESIAN_POINT('Ctrl Pts',(-41.5,20.,12.5096896493747));
#3737=CARTESIAN_POINT('Ctrl Pts',(-41.4999295829858,20.0000000148694,12.5193787902557));
#3738=CARTESIAN_POINT('Ctrl Pts',(-41.4994274794806,19.999999802752,12.5539263059827));
#3739=CARTESIAN_POINT('Ctrl Pts',(-41.4986029234997,19.9999997021672,12.5787700957119));
#3740=CARTESIAN_POINT('Ctrl Pts',(-41.4933622048432,19.9999715786675,12.6799442798252));
#3741=CARTESIAN_POINT('Ctrl Pts',(-41.4850480441205,19.9999324766859,12.7558916176113));
#3742=CARTESIAN_POINT('Ctrl Pts',(-41.4586877335414,19.9984844423746,12.9150679487567));
#3743=CARTESIAN_POINT('Ctrl Pts',(-41.4397020827571,19.9969251139762,12.9977988127466));
#3744=CARTESIAN_POINT('Ctrl Pts',(-41.3914742047445,19.988721823908,13.1643565730941));
#3745=CARTESIAN_POINT('Ctrl Pts',(-41.361818690202,19.9818399469803,13.2478127545539));
#3746=CARTESIAN_POINT('Ctrl Pts',(-41.3284271247462,19.9696410847415,13.3284271247462));
#3747=CARTESIAN_POINT('',(-42.,19.5,12.5));
#3748=CARTESIAN_POINT('Origin',(-41.5,19.5,12.5));
#3749=CARTESIAN_POINT('',(-40.5,19.5,14.));
#3750=CARTESIAN_POINT('Origin',(-40.5,19.5,12.5));
#3751=CARTESIAN_POINT('Origin',(-40.5,19.5,13.5));
#3752=CARTESIAN_POINT('Origin',(-41.,20.,-13.));
#3753=CARTESIAN_POINT('',(-41.,19.5,-13.));
#3754=CARTESIAN_POINT('',(-31.75,19.5,-13.));
#3755=CARTESIAN_POINT('',(-41.,20.,-13.));
#3756=CARTESIAN_POINT('Origin',(-41.,20.,0.));
#3757=CARTESIAN_POINT('',(-41.,19.5,13.));
#3758=CARTESIAN_POINT('',(-41.,19.5,-4.25));
#3759=CARTESIAN_POINT('',(-41.,20.,13.));
#3760=CARTESIAN_POINT('',(-41.,18.25,-5.5));
#3761=CARTESIAN_POINT('Origin',(-41.,17.75,-5.5));
#3762=CARTESIAN_POINT('',(-41.,18.25,5.5));
#3763=CARTESIAN_POINT('Origin',(-41.,17.75,5.5));
#3764=CARTESIAN_POINT('',(-41.,10.,-3.5));
#3765=CARTESIAN_POINT('Origin',(-41.,10.,0.));
#3766=CARTESIAN_POINT('Ctrl Pts',(-43.5,2.,17.));
#3767=CARTESIAN_POINT('Ctrl Pts',(-43.5019287407104,2.00086255906736,17.));
#3768=CARTESIAN_POINT('Ctrl Pts',(-43.5038560614356,2.00172456033878,17.000000235819));
#3769=CARTESIAN_POINT('Ctrl Pts',(-43.9058372298789,2.1814728671035,16.9991251025971));
#3770=CARTESIAN_POINT('Ctrl Pts',(-44.5148902374771,2.45429427675595,16.9237561562229));
#3771=CARTESIAN_POINT('Ctrl Pts',(-45.4182132238755,2.84113857720094,16.6071319438225));
#3772=CARTESIAN_POINT('Ctrl Pts',(-45.8422586130675,3.00000000000003,16.2626615523457));
#3773=CARTESIAN_POINT('Ctrl Pts',(-45.9494897427832,3.,15.9999999999999));
#3774=CARTESIAN_POINT('Ctrl Pts',(-43.5,2.,17.));
#3775=CARTESIAN_POINT('Ctrl Pts',(-43.5017966440896,2.00105286858556,16.9999851604027));
#3776=CARTESIAN_POINT('Ctrl Pts',(-43.5035472846421,2.00202657441212,17.0000135544701));
#3777=CARTESIAN_POINT('Ctrl Pts',(-43.8757819273291,2.21783037183329,16.9988724641272));
#3778=CARTESIAN_POINT('Ctrl Pts',(-44.4365753061064,2.53861333082058,16.893436963415));
#3779=CARTESIAN_POINT('Ctrl Pts',(-45.2414975876073,2.93602041020722,16.4880608919143));
#3780=CARTESIAN_POINT('Ctrl Pts',(-45.5766292036717,3.02218797926401,16.1323205659833));
#3781=CARTESIAN_POINT('Ctrl Pts',(-45.6563354958891,2.99999999999999,15.9401601399315));
#3782=CARTESIAN_POINT('Ctrl Pts',(-43.5,2.,17.));
#3783=CARTESIAN_POINT('Ctrl Pts',(-43.5015578736407,2.00134685414196,16.9999799189424));
#3784=CARTESIAN_POINT('Ctrl Pts',(-43.5030149008142,2.00259539872299,17.0000175508525));
#3785=CARTESIAN_POINT('Ctrl Pts',(-43.8227751982684,2.27843367784323,16.9987557941872));
#3786=CARTESIAN_POINT('Ctrl Pts',(-44.2984882865895,2.68843286824977,16.8698735937882));
#3787=CARTESIAN_POINT('Ctrl Pts',(-44.9323021578765,3.19685210371318,16.3755505166843));
#3788=CARTESIAN_POINT('Ctrl Pts',(-45.1123416636408,3.28562429873461,15.9850174934188));
#3789=CARTESIAN_POINT('Ctrl Pts',(-45.1489027763844,3.25121608902528,15.8365808697999));
#3790=CARTESIAN_POINT('Ctrl Pts',(-43.5,2.,17.));
#3791=CARTESIAN_POINT('Ctrl Pts',(-43.5012860046311,2.00161407824528,16.9999896685338));
#3792=CARTESIAN_POINT('Ctrl Pts',(-43.5025151534775,2.00319043442702,17.0000095802148));
#3793=CARTESIAN_POINT('Ctrl Pts',(-43.7679413625197,2.33775741714869,16.9988023476717));
#3794=CARTESIAN_POINT('Ctrl Pts',(-44.1654880583203,2.84284101680867,16.8900677539456));
#3795=CARTESIAN_POINT('Ctrl Pts',(-44.7161877391313,3.53679896540646,16.4599149272815));
#3796=CARTESIAN_POINT('Ctrl Pts',(-44.9218417710977,3.7867878280189,16.0515626378459));
#3797=CARTESIAN_POINT('Ctrl Pts',(-44.9696938456699,3.77560052474358,15.7999999999999));
#3798=CARTESIAN_POINT('Ctrl Pts',(-43.5,2.,17.));
#3799=CARTESIAN_POINT('Ctrl Pts',(-43.5011572444268,2.0017251181352,17.));
#3800=CARTESIAN_POINT('Ctrl Pts',(-43.5023136368613,2.00344912067756,17.0000002829829));
#3801=CARTESIAN_POINT('Ctrl Pts',(-43.7435023379283,2.36294573420728,16.9989501231165));
#3802=CARTESIAN_POINT('Ctrl Pts',(-44.1089341424865,2.90858855351197,16.9085073874675));
#3803=CARTESIAN_POINT('Ctrl Pts',(-44.6509279343257,3.682277154402,16.5285583325869));
#3804=CARTESIAN_POINT('Ctrl Pts',(-44.9053551678405,4.00000000000007,16.1151938628147));
#3805=CARTESIAN_POINT('Ctrl Pts',(-44.9696938456699,4.,15.7999999999998));
#3806=CARTESIAN_POINT('',(-44.9696938456699,4.,15.7999999999998));
#3807=CARTESIAN_POINT('',(-45.9494897427832,3.,15.9999999999999));
#3808=CARTESIAN_POINT('Origin',(-45.9494897427832,4.,15.9999999999997));
#3809=CARTESIAN_POINT('',(-43.5,2.,17.));
#3810=CARTESIAN_POINT('Ctrl Pts',(-45.9494897427832,3.,15.9999999999999));
#3811=CARTESIAN_POINT('Ctrl Pts',(-45.8422586130675,3.00000000000003,16.2626615523457));
#3812=CARTESIAN_POINT('Ctrl Pts',(-45.4182132238755,2.84113857720094,16.6071319438225));
#3813=CARTESIAN_POINT('Ctrl Pts',(-44.5148902374771,2.45429427675595,16.9237561562229));
#3814=CARTESIAN_POINT('Ctrl Pts',(-43.9058372298789,2.1814728671035,16.9991251025971));
#3815=CARTESIAN_POINT('Ctrl Pts',(-43.5038560614356,2.00172456033878,17.000000235819));
#3816=CARTESIAN_POINT('Ctrl Pts',(-43.5019287407104,2.00086255906736,17.));
#3817=CARTESIAN_POINT('Ctrl Pts',(-43.5,2.,17.));
#3818=CARTESIAN_POINT('Ctrl Pts',(-43.5,2.,17.));
#3819=CARTESIAN_POINT('Ctrl Pts',(-43.5011572444268,2.0017251181352,17.));
#3820=CARTESIAN_POINT('Ctrl Pts',(-43.5023136368613,2.00344912067756,17.0000002829829));
#3821=CARTESIAN_POINT('Ctrl Pts',(-43.7435023379283,2.36294573420728,16.9989501231165));
#3822=CARTESIAN_POINT('Ctrl Pts',(-44.1089341424865,2.90858855351197,16.9085073874675));
#3823=CARTESIAN_POINT('Ctrl Pts',(-44.6509279343257,3.682277154402,16.5285583325869));
#3824=CARTESIAN_POINT('Ctrl Pts',(-44.9053551678405,4.00000000000007,16.1151938628147));
#3825=CARTESIAN_POINT('Ctrl Pts',(-44.9696938456699,4.,15.7999999999998));
#3826=CARTESIAN_POINT('Origin',(-43.5,4.,15.5));
#3827=CARTESIAN_POINT('',(-46.,3.,15.5));
#3828=CARTESIAN_POINT('Origin',(-46.,4.,15.5));
#3829=CARTESIAN_POINT('Origin',(-43.5,3.,15.5));
#3830=CARTESIAN_POINT('Origin',(-43.5,4.,15.5));
#3831=CARTESIAN_POINT('Origin',(-46.,4.,-8.5));
#3832=CARTESIAN_POINT('',(-46.,3.,15.));
#3833=CARTESIAN_POINT('Origin',(-46.,4.,15.));
#3834=CARTESIAN_POINT('',(-46.,3.,-8.5));
#3835=CARTESIAN_POINT('Origin',(-46.,2.,15.));
#3836=CARTESIAN_POINT('Origin',(-46.,2.,15.));
#3837=CARTESIAN_POINT('Origin',(-43.5,0.,15.5));
#3838=CARTESIAN_POINT('',(-43.5,20.,17.));
#3839=CARTESIAN_POINT('',(-43.5,0.,17.));
#3840=CARTESIAN_POINT('Origin',(-43.5,20.,15.5));
#3841=CARTESIAN_POINT('Ctrl Pts',(-43.5,2.,-17.));
#3842=CARTESIAN_POINT('Ctrl Pts',(-43.5011028221507,2.0016439901955,-17.));
#3843=CARTESIAN_POINT('Ctrl Pts',(-43.5022061862707,2.0032896468622,-16.9999999649902));
#3844=CARTESIAN_POINT('Ctrl Pts',(-43.8627720138443,2.54038728554449,-16.9986510963292));
#3845=CARTESIAN_POINT('Ctrl Pts',(-44.3566198240062,3.28148327697712,-16.8313781073568));
#3846=CARTESIAN_POINT('Ctrl Pts',(-44.8199139801195,3.89333361492565,-16.2628072997812));
#3847=CARTESIAN_POINT('Ctrl Pts',(-44.9375197821999,3.99999999999999,-15.9576200769067));
#3848=CARTESIAN_POINT('Ctrl Pts',(-44.9696938456699,4.,-15.8000000000001));
#3849=CARTESIAN_POINT('Ctrl Pts',(-43.5,2.,-17.));
#3850=CARTESIAN_POINT('Ctrl Pts',(-43.5012434679719,2.00149326172366,-17.0000789187953));
#3851=CARTESIAN_POINT('Ctrl Pts',(-43.502485405845,2.00297106025539,-16.999921699308));
#3852=CARTESIAN_POINT('Ctrl Pts',(-43.9091979881219,2.48893432589176,-17.0043199360289));
#3853=CARTESIAN_POINT('Ctrl Pts',(-44.4642605606185,3.1599286388384,-16.7673463143205));
#3854=CARTESIAN_POINT('Ctrl Pts',(-44.8663164481246,3.64120708247115,-16.1716529076389));
#3855=CARTESIAN_POINT('Ctrl Pts',(-44.9450671089723,3.70561113309791,-15.9190188979076));
#3856=CARTESIAN_POINT('Ctrl Pts',(-44.9696938456699,3.70080069965812,-15.8000000000001));
#3857=CARTESIAN_POINT('Ctrl Pts',(-43.5,2.,-17.));
#3858=CARTESIAN_POINT('Ctrl Pts',(-43.5014799081534,2.00120720810374,-17.0001117656938));
#3859=CARTESIAN_POINT('Ctrl Pts',(-43.5029847523204,2.00243389341166,-16.9998877576608));
#3860=CARTESIAN_POINT('Ctrl Pts',(-43.9886775015211,2.39865456852358,-17.0070950570583));
#3861=CARTESIAN_POINT('Ctrl Pts',(-44.6587046049378,2.9464756815705,-16.7241916575526));
#3862=CARTESIAN_POINT('Ctrl Pts',(-45.1147187949376,3.20268910966316,-16.1212860346025));
#3863=CARTESIAN_POINT('Ctrl Pts',(-45.190327612966,3.19570912929708,-15.927961490398));
#3864=CARTESIAN_POINT('Ctrl Pts',(-45.2158343389892,3.18290434900433,-15.8502432178058));
#3865=CARTESIAN_POINT('Ctrl Pts',(-43.5,2.,-17.));
#3866=CARTESIAN_POINT('Ctrl Pts',(-43.5017330583883,2.00094343280848,-17.0000611010899));
#3867=CARTESIAN_POINT('Ctrl Pts',(-43.5034670670818,2.00187551557982,-16.9999393148939));
#3868=CARTESIAN_POINT('Ctrl Pts',(-44.0698329970585,2.3093629085902,-17.0032425954163));
#3869=CARTESIAN_POINT('Ctrl Pts',(-44.8469661788423,2.73028022304132,-16.8024950141921));
#3870=CARTESIAN_POINT('Ctrl Pts',(-45.5243909263622,2.98352692552257,-16.287539259947));
#3871=CARTESIAN_POINT('Ctrl Pts',(-45.6844241987094,3.00569293528445,-16.0630386748209));
#3872=CARTESIAN_POINT('Ctrl Pts',(-45.7296240576126,3.,-15.9551201049488));
#3873=CARTESIAN_POINT('Ctrl Pts',(-43.5,2.,-17.));
#3874=CARTESIAN_POINT('Ctrl Pts',(-43.5018380369169,2.0008219950969,-17.));
#3875=CARTESIAN_POINT('Ctrl Pts',(-43.5036769771179,2.0016448234311,-16.9999999708252));
#3876=CARTESIAN_POINT('Ctrl Pts',(-44.1046200230722,2.27019364277276,-16.998875913608));
#3877=CARTESIAN_POINT('Ctrl Pts',(-44.9276997066771,2.64074163848851,-16.8594817561306));
#3878=CARTESIAN_POINT('Ctrl Pts',(-45.6998566335321,2.9466668074629,-16.3856727498177));
#3879=CARTESIAN_POINT('Ctrl Pts',(-45.8958663036666,2.99999999999999,-16.1313500640888));
#3880=CARTESIAN_POINT('Ctrl Pts',(-45.9494897427832,3.,-16.0000000000001));
#3881=CARTESIAN_POINT('',(-45.9494897427832,3.,-16.));
#3882=CARTESIAN_POINT('',(-44.9696938456699,4.,-15.8000000000001));
#3883=CARTESIAN_POINT('Origin',(-45.9494897427832,4.,-16.0000000000001));
#3884=CARTESIAN_POINT('',(-43.5,2.,-17.));
#3885=CARTESIAN_POINT('Ctrl Pts',(-44.9696938456699,4.,-15.8000000000001));
#3886=CARTESIAN_POINT('Ctrl Pts',(-44.9375197821999,3.99999999999999,-15.9576200769067));
#3887=CARTESIAN_POINT('Ctrl Pts',(-44.8199139801195,3.89333361492565,-16.2628072997812));
#3888=CARTESIAN_POINT('Ctrl Pts',(-44.3566198240062,3.28148327697712,-16.8313781073568));
#3889=CARTESIAN_POINT('Ctrl Pts',(-43.8627720138443,2.54038728554449,-16.9986510963292));
#3890=CARTESIAN_POINT('Ctrl Pts',(-43.5022061862707,2.0032896468622,-16.9999999649902));
#3891=CARTESIAN_POINT('Ctrl Pts',(-43.5011028221507,2.0016439901955,-17.));
#3892=CARTESIAN_POINT('Ctrl Pts',(-43.5,2.,-17.));
#3893=CARTESIAN_POINT('Ctrl Pts',(-43.5,2.,-17.));
#3894=CARTESIAN_POINT('Ctrl Pts',(-43.5018380369169,2.0008219950969,-17.));
#3895=CARTESIAN_POINT('Ctrl Pts',(-43.5036769771179,2.0016448234311,-16.9999999708252));
#3896=CARTESIAN_POINT('Ctrl Pts',(-44.1046200230722,2.27019364277276,-16.998875913608));
#3897=CARTESIAN_POINT('Ctrl Pts',(-44.9276997066771,2.64074163848851,-16.8594817561306));
#3898=CARTESIAN_POINT('Ctrl Pts',(-45.6998566335321,2.9466668074629,-16.3856727498177));
#3899=CARTESIAN_POINT('Ctrl Pts',(-45.8958663036666,2.99999999999999,-16.1313500640888));
#3900=CARTESIAN_POINT('Ctrl Pts',(-45.9494897427832,3.,-16.0000000000001));
#3901=CARTESIAN_POINT('Origin',(-43.5,4.,-15.5));
#3902=CARTESIAN_POINT('',(-46.,3.,-15.5));
#3903=CARTESIAN_POINT('Origin',(-46.,4.,-15.5));
#3904=CARTESIAN_POINT('Origin',(-43.5,4.,-15.5));
#3905=CARTESIAN_POINT('Origin',(-43.5,3.,-15.5));
#3906=CARTESIAN_POINT('Origin',(-46.,4.,-8.5));
#3907=CARTESIAN_POINT('',(-46.,3.,-15.));
#3908=CARTESIAN_POINT('Origin',(-46.,4.,-15.));
#3909=CARTESIAN_POINT('',(-46.,3.,-8.5));
#3910=CARTESIAN_POINT('Origin',(-46.,2.,-15.));
#3911=CARTESIAN_POINT('Origin',(-46.,2.,-15.));
#3912=CARTESIAN_POINT('Origin',(-47.5,2.,-15.));
#3913=CARTESIAN_POINT('',(-51.,3.,-15.));
#3914=CARTESIAN_POINT('',(-47.5,3.,-15.));
#3915=CARTESIAN_POINT('Origin',(-51.,2.,-15.));
#3916=CARTESIAN_POINT('Origin',(-45.,3.,0.));
#3917=CARTESIAN_POINT('',(-51.,3.,15.));
#3918=CARTESIAN_POINT('',(-47.5,3.,15.));
#3919=CARTESIAN_POINT('',(-51.,3.,5.55111512312578E-16));
#3920=CARTESIAN_POINT('',(-59.,3.,-16.));
#3921=CARTESIAN_POINT('',(-22.5,3.,-16.));
#3922=CARTESIAN_POINT('',(-59.,3.,-15.));
#3923=CARTESIAN_POINT('',(-59.,3.,-4.25));
#3924=CARTESIAN_POINT('',(-52.,3.,-15.));
#3925=CARTESIAN_POINT('',(-51.5,3.,-15.));
#3926=CARTESIAN_POINT('',(-52.,3.,15.));
#3927=CARTESIAN_POINT('',(-52.,3.,-7.));
#3928=CARTESIAN_POINT('',(-59.,3.,15.));
#3929=CARTESIAN_POINT('',(-51.5,3.,15.));
#3930=CARTESIAN_POINT('',(-59.,3.,16.));
#3931=CARTESIAN_POINT('',(-59.,3.,4.25));
#3932=CARTESIAN_POINT('',(-22.5,3.,16.));
#3933=CARTESIAN_POINT('Origin',(-22.5,2.,-16.));
#3934=CARTESIAN_POINT('',(-59.,2.,-17.));
#3935=CARTESIAN_POINT('',(-22.5,2.,-17.));
#3936=CARTESIAN_POINT('Origin',(-59.,2.,-16.));
#3937=CARTESIAN_POINT('Origin',(46.,2.,15.));
#3938=CARTESIAN_POINT('',(46.,3.,15.));
#3939=CARTESIAN_POINT('Origin',(46.,4.,15.));
#3940=CARTESIAN_POINT('Origin',(46.,2.,15.));
#3941=CARTESIAN_POINT('Origin',(46.,4.,-8.50000000000002));
#3942=CARTESIAN_POINT('',(46.,3.,15.5));
#3943=CARTESIAN_POINT('Origin',(46.,4.,15.5));
#3944=CARTESIAN_POINT('',(46.,3.,-8.50000000000002));
#3945=CARTESIAN_POINT('Origin',(43.5,4.,15.5));
#3946=CARTESIAN_POINT('',(44.9696938456699,4.,15.8));
#3947=CARTESIAN_POINT('',(45.9494897427832,3.,16.));
#3948=CARTESIAN_POINT('Origin',(45.9494897427832,4.,16.));
#3949=CARTESIAN_POINT('Origin',(43.5,3.,15.5));
#3950=CARTESIAN_POINT('Origin',(43.5,4.,15.5));
#3951=CARTESIAN_POINT('Ctrl Pts',(43.5,2.,17.));
#3952=CARTESIAN_POINT('Ctrl Pts',(43.5011028221507,2.0016439901955,17.));
#3953=CARTESIAN_POINT('Ctrl Pts',(43.5022061862708,2.0032896468622,16.9999999649902));
#3954=CARTESIAN_POINT('Ctrl Pts',(43.8627720138436,2.54038728554424,16.9986510963294));
#3955=CARTESIAN_POINT('Ctrl Pts',(44.3566198240063,3.28148327697717,16.8313781073567));
#3956=CARTESIAN_POINT('Ctrl Pts',(44.8199139801193,3.89333361492563,16.2628072997812));
#3957=CARTESIAN_POINT('Ctrl Pts',(44.9375197822,4.,15.9576200769066));
#3958=CARTESIAN_POINT('Ctrl Pts',(44.9696938456699,4.,15.8));
#3959=CARTESIAN_POINT('Ctrl Pts',(43.5,2.,17.));
#3960=CARTESIAN_POINT('Ctrl Pts',(43.5012434679718,2.00149326172367,17.0000789187953));
#3961=CARTESIAN_POINT('Ctrl Pts',(43.5024854058451,2.00297106025539,16.999921699308));
#3962=CARTESIAN_POINT('Ctrl Pts',(43.9091979881212,2.4889343258915,17.0043199360291));
#3963=CARTESIAN_POINT('Ctrl Pts',(44.4642605606186,3.15992863883844,16.7673463143205));
#3964=CARTESIAN_POINT('Ctrl Pts',(44.8663164481245,3.64120708247112,16.1716529076389));
#3965=CARTESIAN_POINT('Ctrl Pts',(44.9450671089723,3.70561113309792,15.9190188979075));
#3966=CARTESIAN_POINT('Ctrl Pts',(44.9696938456699,3.70080069965812,15.8));
#3967=CARTESIAN_POINT('Ctrl Pts',(43.5,2.,17.));
#3968=CARTESIAN_POINT('Ctrl Pts',(43.5014799081534,2.00120720810375,17.0001117656938));
#3969=CARTESIAN_POINT('Ctrl Pts',(43.5029847523204,2.00243389341166,16.9998877576608));
#3970=CARTESIAN_POINT('Ctrl Pts',(43.9886775015198,2.39865456852355,17.0070950570583));
#3971=CARTESIAN_POINT('Ctrl Pts',(44.6587046049379,2.94647568157053,16.7241916575527));
#3972=CARTESIAN_POINT('Ctrl Pts',(45.1147187949374,3.20268910966317,16.1212860346025));
#3973=CARTESIAN_POINT('Ctrl Pts',(45.190327612966,3.19570912929709,15.9279614903983));
#3974=CARTESIAN_POINT('Ctrl Pts',(45.2158343389892,3.18290434900433,15.8502432178057));
#3975=CARTESIAN_POINT('Ctrl Pts',(43.5,2.,17.));
#3976=CARTESIAN_POINT('Ctrl Pts',(43.5017330583883,2.00094343280849,17.0000611010899));
#3977=CARTESIAN_POINT('Ctrl Pts',(43.5034670670818,2.00187551557981,16.9999393148939));
#3978=CARTESIAN_POINT('Ctrl Pts',(44.0698329970568,2.30936290859031,17.0032425954163));
#3979=CARTESIAN_POINT('Ctrl Pts',(44.8469661788425,2.73028022304133,16.8024950141924));
#3980=CARTESIAN_POINT('Ctrl Pts',(45.5243909263619,2.98352692552261,16.287539259947));
#3981=CARTESIAN_POINT('Ctrl Pts',(45.6844241987093,3.00569293528446,16.0630386748212));
#3982=CARTESIAN_POINT('Ctrl Pts',(45.7296240576126,3.00000000000001,15.9551201049487));
#3983=CARTESIAN_POINT('Ctrl Pts',(43.5,2.,17.));
#3984=CARTESIAN_POINT('Ctrl Pts',(43.5018380369169,2.00082199509691,17.));
#3985=CARTESIAN_POINT('Ctrl Pts',(43.5036769771179,2.0016448234311,16.9999999708251));
#3986=CARTESIAN_POINT('Ctrl Pts',(44.1046200230705,2.27019364277287,16.9988759136079));
#3987=CARTESIAN_POINT('Ctrl Pts',(44.9276997066772,2.64074163848852,16.8594817561308));
#3988=CARTESIAN_POINT('Ctrl Pts',(45.6998566335318,2.94666680746295,16.3856727498178));
#3989=CARTESIAN_POINT('Ctrl Pts',(45.8958663036665,3.00000000000001,16.1313500640892));
#3990=CARTESIAN_POINT('Ctrl Pts',(45.9494897427832,3.00000000000001,16.));
#3991=CARTESIAN_POINT('',(43.5,2.,17.));
#3992=CARTESIAN_POINT('Ctrl Pts',(44.9696938456699,4.,15.8));
#3993=CARTESIAN_POINT('Ctrl Pts',(44.9375197822,4.,15.9576200769066));
#3994=CARTESIAN_POINT('Ctrl Pts',(44.8199139801193,3.89333361492563,16.2628072997812));
#3995=CARTESIAN_POINT('Ctrl Pts',(44.3566198240063,3.28148327697717,16.8313781073567));
#3996=CARTESIAN_POINT('Ctrl Pts',(43.8627720138436,2.54038728554424,16.9986510963294));
#3997=CARTESIAN_POINT('Ctrl Pts',(43.5022061862708,2.0032896468622,16.9999999649902));
#3998=CARTESIAN_POINT('Ctrl Pts',(43.5011028221507,2.0016439901955,17.));
#3999=CARTESIAN_POINT('Ctrl Pts',(43.5,2.,17.));
#4000=CARTESIAN_POINT('Ctrl Pts',(43.5,2.,17.));
#4001=CARTESIAN_POINT('Ctrl Pts',(43.5018380369169,2.00082199509691,17.));
#4002=CARTESIAN_POINT('Ctrl Pts',(43.5036769771179,2.0016448234311,16.9999999708251));
#4003=CARTESIAN_POINT('Ctrl Pts',(44.1046200230705,2.27019364277287,16.9988759136079));
#4004=CARTESIAN_POINT('Ctrl Pts',(44.9276997066772,2.64074163848852,16.8594817561308));
#4005=CARTESIAN_POINT('Ctrl Pts',(45.6998566335318,2.94666680746295,16.3856727498178));
#4006=CARTESIAN_POINT('Ctrl Pts',(45.8958663036665,3.00000000000001,16.1313500640892));
#4007=CARTESIAN_POINT('Ctrl Pts',(45.9494897427832,3.00000000000001,16.));
#4008=CARTESIAN_POINT('Origin',(22.5,2.,16.));
#4009=CARTESIAN_POINT('',(59.,2.,17.));
#4010=CARTESIAN_POINT('',(22.5,2.,17.));
#4011=CARTESIAN_POINT('',(59.,3.,16.));
#4012=CARTESIAN_POINT('Origin',(59.,2.,16.));
#4013=CARTESIAN_POINT('',(22.5,3.,16.));
#4014=CARTESIAN_POINT('Origin',(43.5,0.,15.5));
#4015=CARTESIAN_POINT('',(43.5,20.,17.));
#4016=CARTESIAN_POINT('Origin',(43.5,20.,15.5));
#4017=CARTESIAN_POINT('',(43.5,0.,17.));
#4018=CARTESIAN_POINT('Ctrl Pts',(43.5,2.,-17.));
#4019=CARTESIAN_POINT('Ctrl Pts',(43.5019287407104,2.00086255906741,-17.));
#4020=CARTESIAN_POINT('Ctrl Pts',(43.5038560614355,2.0017245603388,-17.0000002358191));
#4021=CARTESIAN_POINT('Ctrl Pts',(43.9058372298788,2.18147286710267,-16.9991251025967));
#4022=CARTESIAN_POINT('Ctrl Pts',(44.514890237477,2.45429427675576,-16.9237561562228));
#4023=CARTESIAN_POINT('Ctrl Pts',(45.4182132238755,2.84113857720064,-16.6071319438223));
#4024=CARTESIAN_POINT('Ctrl Pts',(45.8422586130675,3.00000000000003,-16.2626615523457));
#4025=CARTESIAN_POINT('Ctrl Pts',(45.9494897427832,3.,-15.9999999999999));
#4026=CARTESIAN_POINT('Ctrl Pts',(43.5,2.,-17.));
#4027=CARTESIAN_POINT('Ctrl Pts',(43.5017966440896,2.0010528685856,-16.9999851604027));
#4028=CARTESIAN_POINT('Ctrl Pts',(43.5035472846421,2.00202657441214,-17.0000135544701));
#4029=CARTESIAN_POINT('Ctrl Pts',(43.875781927329,2.21783037183246,-16.9988724641268));
#4030=CARTESIAN_POINT('Ctrl Pts',(44.4365753061064,2.53861333082039,-16.8934369634149));
#4031=CARTESIAN_POINT('Ctrl Pts',(45.2414975876072,2.93602041020692,-16.4880608919142));
#4032=CARTESIAN_POINT('Ctrl Pts',(45.5766292036717,3.02218797926401,-16.1323205659833));
#4033=CARTESIAN_POINT('Ctrl Pts',(45.6563354958891,2.99999999999999,-15.9401601399315));
#4034=CARTESIAN_POINT('Ctrl Pts',(43.5,2.,-17.));
#4035=CARTESIAN_POINT('Ctrl Pts',(43.5015578736407,2.00134685414201,-16.9999799189424));
#4036=CARTESIAN_POINT('Ctrl Pts',(43.5030149008141,2.00259539872302,-17.0000175508525));
#4037=CARTESIAN_POINT('Ctrl Pts',(43.8227751982681,2.27843367784183,-16.9987557941868));
#4038=CARTESIAN_POINT('Ctrl Pts',(44.2984882865894,2.68843286824945,-16.869873593788));
#4039=CARTESIAN_POINT('Ctrl Pts',(44.9323021578764,3.19685210371267,-16.3755505166842));
#4040=CARTESIAN_POINT('Ctrl Pts',(45.1123416636409,3.28562429873461,-15.9850174934187));
#4041=CARTESIAN_POINT('Ctrl Pts',(45.1489027763844,3.25121608902528,-15.8365808698));
#4042=CARTESIAN_POINT('Ctrl Pts',(43.5,2.,-17.));
#4043=CARTESIAN_POINT('Ctrl Pts',(43.501286004631,2.00161407824532,-16.9999896685338));
#4044=CARTESIAN_POINT('Ctrl Pts',(43.5025151534775,2.00319043442705,-17.0000095802148));
#4045=CARTESIAN_POINT('Ctrl Pts',(43.7679413625191,2.33775741714696,-16.9988023476712));
#4046=CARTESIAN_POINT('Ctrl Pts',(44.1654880583202,2.84284101680828,-16.8900677539454));
#4047=CARTESIAN_POINT('Ctrl Pts',(44.7161877391311,3.53679896540582,-16.4599149272813));
#4048=CARTESIAN_POINT('Ctrl Pts',(44.9218417710978,3.7867878280189,-16.0515626378457));
#4049=CARTESIAN_POINT('Ctrl Pts',(44.9696938456699,3.77560052474358,-15.7999999999999));
#4050=CARTESIAN_POINT('Ctrl Pts',(43.5,2.,-17.));
#4051=CARTESIAN_POINT('Ctrl Pts',(43.5011572444267,2.00172511813524,-17.));
#4052=CARTESIAN_POINT('Ctrl Pts',(43.5023136368613,2.0034491206776,-17.0000002829829));
#4053=CARTESIAN_POINT('Ctrl Pts',(43.7435023379277,2.36294573420555,-16.998950123116));
#4054=CARTESIAN_POINT('Ctrl Pts',(44.1089341424864,2.90858855351158,-16.9085073874673));
#4055=CARTESIAN_POINT('Ctrl Pts',(44.6509279343254,3.68227715440136,-16.5285583325867));
#4056=CARTESIAN_POINT('Ctrl Pts',(44.9053551678406,4.00000000000007,-16.1151938628145));
#4057=CARTESIAN_POINT('Ctrl Pts',(44.9696938456699,4.,-15.7999999999999));
#4058=CARTESIAN_POINT('',(44.9696938456699,4.,-15.7999999999999));
#4059=CARTESIAN_POINT('',(45.9494897427832,3.,-16.));
#4060=CARTESIAN_POINT('Origin',(45.9494897427832,4.,-15.9999999999998));
#4061=CARTESIAN_POINT('',(43.5,2.,-17.));
#4062=CARTESIAN_POINT('Ctrl Pts',(45.9494897427832,3.,-15.9999999999999));
#4063=CARTESIAN_POINT('Ctrl Pts',(45.8422586130675,3.00000000000003,-16.2626615523457));
#4064=CARTESIAN_POINT('Ctrl Pts',(45.4182132238755,2.84113857720064,-16.6071319438223));
#4065=CARTESIAN_POINT('Ctrl Pts',(44.514890237477,2.45429427675576,-16.9237561562228));
#4066=CARTESIAN_POINT('Ctrl Pts',(43.9058372298788,2.18147286710267,-16.9991251025967));
#4067=CARTESIAN_POINT('Ctrl Pts',(43.5038560614355,2.0017245603388,-17.0000002358191));
#4068=CARTESIAN_POINT('Ctrl Pts',(43.5019287407104,2.00086255906741,-17.));
#4069=CARTESIAN_POINT('Ctrl Pts',(43.5,2.,-17.));
#4070=CARTESIAN_POINT('Ctrl Pts',(43.5,2.,-17.));
#4071=CARTESIAN_POINT('Ctrl Pts',(43.5011572444267,2.00172511813524,-17.));
#4072=CARTESIAN_POINT('Ctrl Pts',(43.5023136368613,2.0034491206776,-17.0000002829829));
#4073=CARTESIAN_POINT('Ctrl Pts',(43.7435023379277,2.36294573420555,-16.998950123116));
#4074=CARTESIAN_POINT('Ctrl Pts',(44.1089341424864,2.90858855351158,-16.9085073874673));
#4075=CARTESIAN_POINT('Ctrl Pts',(44.6509279343254,3.68227715440136,-16.5285583325867));
#4076=CARTESIAN_POINT('Ctrl Pts',(44.9053551678406,4.00000000000007,-16.1151938628145));
#4077=CARTESIAN_POINT('Ctrl Pts',(44.9696938456699,4.,-15.7999999999999));
#4078=CARTESIAN_POINT('Origin',(43.5,4.,-15.5));
#4079=CARTESIAN_POINT('',(46.,3.,-15.5));
#4080=CARTESIAN_POINT('Origin',(46.,4.,-15.5));
#4081=CARTESIAN_POINT('Origin',(43.5,3.,-15.5));
#4082=CARTESIAN_POINT('Origin',(43.5,4.,-15.5));
#4083=CARTESIAN_POINT('Origin',(46.,4.,-8.50000000000002));
#4084=CARTESIAN_POINT('',(46.,3.,-15.));
#4085=CARTESIAN_POINT('Origin',(46.,4.,-15.));
#4086=CARTESIAN_POINT('',(46.,3.,-8.50000000000002));
#4087=CARTESIAN_POINT('Origin',(46.,2.,-15.));
#4088=CARTESIAN_POINT('Origin',(46.,2.,-15.));
#4089=CARTESIAN_POINT('Origin',(43.5,0.,-15.5));
#4090=CARTESIAN_POINT('',(43.5,20.,-17.));
#4091=CARTESIAN_POINT('',(43.5,0.,-17.));
#4092=CARTESIAN_POINT('Origin',(43.5,20.,-15.5));
#4093=CARTESIAN_POINT('Origin',(-45.,10.,0.));
#4094=CARTESIAN_POINT('',(-45.,10.,-3.5));
#4095=CARTESIAN_POINT('Origin',(59.,1.,16.));
#4096=CARTESIAN_POINT('',(60.,1.,16.));
#4097=CARTESIAN_POINT('',(59.,1.,17.));
#4098=CARTESIAN_POINT('Origin',(59.,1.,16.));
#4099=CARTESIAN_POINT('',(59.,0.,16.));
#4100=CARTESIAN_POINT('Origin',(59.,1.,16.));
#4101=CARTESIAN_POINT('Origin',(59.,1.,16.));
#4102=CARTESIAN_POINT('Origin',(59.,0.749999999999999,16.));
#4103=CARTESIAN_POINT('',(60.,2.,16.));
#4104=CARTESIAN_POINT('Origin',(59.,2.,16.));
#4105=CARTESIAN_POINT('',(59.,0.749999999999999,17.));
#4106=CARTESIAN_POINT('',(60.,0.749999999999999,16.));
#4107=CARTESIAN_POINT('Origin',(59.,2.,16.));
#4108=CARTESIAN_POINT('Origin',(59.,2.,16.));
#4109=CARTESIAN_POINT('Origin',(40.5,20.,12.5));
#4110=CARTESIAN_POINT('',(40.5,17.,14.));
#4111=CARTESIAN_POINT('',(40.5,20.,14.));
#4112=CARTESIAN_POINT('',(42.,17.,12.5));
#4113=CARTESIAN_POINT('Origin',(40.5,17.,12.5));
#4114=CARTESIAN_POINT('',(42.,20.,12.5));
#4115=CARTESIAN_POINT('Origin',(42.5,19.5,14.5));
#4116=CARTESIAN_POINT('',(42.5,19.5,16.));
#4117=CARTESIAN_POINT('',(42.5,20.,16.5));
#4118=CARTESIAN_POINT('Origin',(42.5,19.5,16.5));
#4119=CARTESIAN_POINT('',(44.5,20.,14.5));
#4120=CARTESIAN_POINT('Origin',(42.5,20.,14.5));
#4121=CARTESIAN_POINT('',(44.,19.5,14.5));
#4122=CARTESIAN_POINT('Origin',(44.5,19.5,14.5));
#4123=CARTESIAN_POINT('Origin',(42.5,19.5,14.5));
#4124=CARTESIAN_POINT('Origin',(42.5,20.,14.5));
#4125=CARTESIAN_POINT('',(44.,17.,14.5));
#4126=CARTESIAN_POINT('',(44.,20.,14.5));
#4127=CARTESIAN_POINT('',(42.5,17.,16.));
#4128=CARTESIAN_POINT('Origin',(42.5,17.,14.5));
#4129=CARTESIAN_POINT('',(42.5,20.,16.));
#4130=CARTESIAN_POINT('Origin',(36.25,1.,15.));
#4131=CARTESIAN_POINT('',(50.,1.,14.));
#4132=CARTESIAN_POINT('',(36.25,1.,14.));
#4133=CARTESIAN_POINT('',(51.,0.,15.));
#4134=CARTESIAN_POINT('Origin',(51.,1.,15.));
#4135=CARTESIAN_POINT('',(36.25,0.,15.));
#4136=CARTESIAN_POINT('Origin',(50.,3.,14.));
#4137=CARTESIAN_POINT('',(50.,2.,14.));
#4138=CARTESIAN_POINT('',(47.5,2.,14.));
#4139=CARTESIAN_POINT('',(50.,3.,14.));
#4140=CARTESIAN_POINT('Origin',(40.25,1.,15.));
#4141=CARTESIAN_POINT('',(59.,0.,15.));
#4142=CARTESIAN_POINT('',(52.,0.,15.));
#4143=CARTESIAN_POINT('',(40.25,0.,15.));
#4144=CARTESIAN_POINT('',(53.,1.,14.));
#4145=CARTESIAN_POINT('Origin',(52.,1.,15.));
#4146=CARTESIAN_POINT('',(58.,1.,14.));
#4147=CARTESIAN_POINT('',(40.25,1.,14.));
#4148=CARTESIAN_POINT('Origin',(59.,1.,15.));
#4149=CARTESIAN_POINT('Origin',(47.5,2.,15.));
#4150=CARTESIAN_POINT('',(51.,3.,15.));
#4151=CARTESIAN_POINT('',(47.5,3.,15.));
#4152=CARTESIAN_POINT('Origin',(51.,2.,15.));
#4153=CARTESIAN_POINT('Origin',(51.5,2.,15.));
#4154=CARTESIAN_POINT('',(52.,3.,15.));
#4155=CARTESIAN_POINT('',(59.,3.,15.));
#4156=CARTESIAN_POINT('',(51.5,3.,15.));
#4157=CARTESIAN_POINT('',(58.,2.,14.));
#4158=CARTESIAN_POINT('Origin',(59.,2.,15.));
#4159=CARTESIAN_POINT('',(53.,2.,14.));
#4160=CARTESIAN_POINT('',(51.5,2.,14.));
#4161=CARTESIAN_POINT('Origin',(52.,2.,15.));
#4162=CARTESIAN_POINT('Origin',(41.,17.75,5.49999999999998));
#4163=CARTESIAN_POINT('',(41.5,17.75,5.49999999999998));
#4164=CARTESIAN_POINT('Origin',(41.,17.75,5.49999999999998));
#4165=CARTESIAN_POINT('Origin',(58.,3.,14.));
#4166=CARTESIAN_POINT('',(53.,3.,14.));
#4167=CARTESIAN_POINT('',(58.,3.,14.));
#4168=CARTESIAN_POINT('Origin',(59.,1.,-16.));
#4169=CARTESIAN_POINT('',(60.,1.,-16.));
#4170=CARTESIAN_POINT('',(59.,1.,-17.));
#4171=CARTESIAN_POINT('Origin',(59.,1.,-16.));
#4172=CARTESIAN_POINT('',(59.,0.,-16.));
#4173=CARTESIAN_POINT('Origin',(59.,1.,-16.));
#4174=CARTESIAN_POINT('Origin',(59.,1.,-16.));
#4175=CARTESIAN_POINT('Origin',(59.,0.749999999999999,-16.));
#4176=CARTESIAN_POINT('',(60.,2.,-16.));
#4177=CARTESIAN_POINT('',(59.,2.,-17.));
#4178=CARTESIAN_POINT('Origin',(59.,2.,-16.));
#4179=CARTESIAN_POINT('',(60.,0.749999999999999,-16.));
#4180=CARTESIAN_POINT('',(59.,0.749999999999999,-17.));
#4181=CARTESIAN_POINT('Origin',(59.,2.,-16.));
#4182=CARTESIAN_POINT('',(59.,3.,-16.));
#4183=CARTESIAN_POINT('Origin',(59.,2.,-16.));
#4184=CARTESIAN_POINT('Origin',(59.,2.,-16.));
#4185=CARTESIAN_POINT('Origin',(60.,1.5,-8.50000000000002));
#4186=CARTESIAN_POINT('',(60.,2.,-4.25000000000002));
#4187=CARTESIAN_POINT('',(60.,1.,8.49999999999998));
#4188=CARTESIAN_POINT('Origin',(59.,1.,-4.25000000000002));
#4189=CARTESIAN_POINT('',(59.,0.,8.49999999999998));
#4190=CARTESIAN_POINT('',(58.,1.,-14.));
#4191=CARTESIAN_POINT('',(58.,1.,-4.25000000000002));
#4192=CARTESIAN_POINT('',(59.,0.,-15.));
#4193=CARTESIAN_POINT('Origin',(59.,1.,-15.));
#4194=CARTESIAN_POINT('',(59.,0.,-8.50000000000003));
#4195=CARTESIAN_POINT('Origin',(40.5,19.5,-12.5));
#4196=CARTESIAN_POINT('',(41.5,20.,-12.5));
#4197=CARTESIAN_POINT('',(41.3284271247462,19.9696410847415,-13.3284271247462));
#4198=CARTESIAN_POINT('Ctrl Pts',(41.5,20.,-12.5));
#4199=CARTESIAN_POINT('Ctrl Pts',(41.5,20.,-12.5096896496751));
#4200=CARTESIAN_POINT('Ctrl Pts',(41.4999295829945,20.0000000148694,-12.5193787899543));
#4201=CARTESIAN_POINT('Ctrl Pts',(41.4994274794756,19.999999802752,-12.5539263062013));
#4202=CARTESIAN_POINT('Ctrl Pts',(41.4986029234915,19.9999997021672,-12.5787700958901));
#4203=CARTESIAN_POINT('Ctrl Pts',(41.4933622048386,19.9999715786674,-12.6799442798683));
#4204=CARTESIAN_POINT('Ctrl Pts',(41.485048044117,19.9999324766857,-12.755891617633));
#4205=CARTESIAN_POINT('Ctrl Pts',(41.4586877335415,19.9984844423746,-12.9150679487564));
#4206=CARTESIAN_POINT('Ctrl Pts',(41.4397020827572,19.9969251139762,-12.9977988127464));
#4207=CARTESIAN_POINT('Ctrl Pts',(41.3914742047445,19.988721823908,-13.1643565730941));
#4208=CARTESIAN_POINT('Ctrl Pts',(41.361818690202,19.9818399469803,-13.2478127545539));
#4209=CARTESIAN_POINT('Ctrl Pts',(41.3284271247462,19.9696410847415,-13.3284271247462));
#4210=CARTESIAN_POINT('',(42.,19.5,-12.5));
#4211=CARTESIAN_POINT('Origin',(41.5,19.5,-12.5));
#4212=CARTESIAN_POINT('',(40.5,19.5,-14.));
#4213=CARTESIAN_POINT('Origin',(40.5,19.5,-12.5));
#4214=CARTESIAN_POINT('',(40.5,20.,-13.5));
#4215=CARTESIAN_POINT('Origin',(40.5,19.5,-13.5));
#4216=CARTESIAN_POINT('Ctrl Pts',(41.3284271247462,19.9696410847415,-13.3284271247462));
#4217=CARTESIAN_POINT('Ctrl Pts',(41.2548546005976,19.9807743490033,-13.3589018620666));
#4218=CARTESIAN_POINT('Ctrl Pts',(41.1789321530345,19.9874663929661,-13.3862602912513));
#4219=CARTESIAN_POINT('Ctrl Pts',(41.0179845133076,19.9963714805076,-13.4346682591009));
#4220=CARTESIAN_POINT('Ctrl Pts',(40.9328497420947,19.9981987568395,-13.455025438321));
#4221=CARTESIAN_POINT('Ctrl Pts',(40.7706691634361,19.9998881746218,-13.4831211698213));
#4222=CARTESIAN_POINT('Ctrl Pts',(40.6941793740146,19.9999571772803,-13.4920526892565));
#4223=CARTESIAN_POINT('Ctrl Pts',(40.5878877341555,20.0000000236241,-13.498284638501));
#4224=CARTESIAN_POINT('Ctrl Pts',(40.5584891695354,19.9999997747366,-13.4993611641515));
#4225=CARTESIAN_POINT('Ctrl Pts',(40.5193787899507,20.0000000148694,-13.4999295829947));
#4226=CARTESIAN_POINT('Ctrl Pts',(40.5096896496786,20.,-13.5));
#4227=CARTESIAN_POINT('Ctrl Pts',(40.5,20.,-13.5));
#4228=CARTESIAN_POINT('Origin',(41.5,19.5,-11.25));
#4229=CARTESIAN_POINT('',(42.,19.5,-11.25));
#4230=CARTESIAN_POINT('Origin',(41.5,19.5,-13.5));
#4231=CARTESIAN_POINT('Origin',(41.5,19.5,13.5));
#4232=CARTESIAN_POINT('Origin',(42.,20.,-14.));
#4233=CARTESIAN_POINT('',(42.,17.,-12.5));
#4234=CARTESIAN_POINT('',(42.,17.,-1.71431496449473E-14));
#4235=CARTESIAN_POINT('',(42.,20.,-12.5));
#4236=CARTESIAN_POINT('Origin',(40.5,20.,-12.5));
#4237=CARTESIAN_POINT('',(40.5,17.,-14.));
#4238=CARTESIAN_POINT('Origin',(40.5,17.,-12.5));
#4239=CARTESIAN_POINT('',(40.5,20.,-14.));
#4240=CARTESIAN_POINT('Origin',(44.5,19.5,-4.25000000000002));
#4241=CARTESIAN_POINT('',(44.,19.5,-14.5));
#4242=CARTESIAN_POINT('',(44.,19.5,-4.25000000000002));
#4243=CARTESIAN_POINT('',(44.5,20.,-14.5));
#4244=CARTESIAN_POINT('',(44.5,20.,4.24999999999998));
#4245=CARTESIAN_POINT('Origin',(44.5,19.5,-14.5));
#4246=CARTESIAN_POINT('Origin',(42.5,19.5,-14.5));
#4247=CARTESIAN_POINT('',(42.5,19.5,-16.));
#4248=CARTESIAN_POINT('',(42.5,20.,-16.5));
#4249=CARTESIAN_POINT('Origin',(42.5,19.5,-16.5));
#4250=CARTESIAN_POINT('Origin',(42.5,19.5,-14.5));
#4251=CARTESIAN_POINT('Origin',(42.5,20.,-14.5));
#4252=CARTESIAN_POINT('Origin',(42.5,20.,-14.5));
#4253=CARTESIAN_POINT('',(42.5,17.,-16.));
#4254=CARTESIAN_POINT('',(42.5,20.,-16.));
#4255=CARTESIAN_POINT('',(44.,17.,-14.5));
#4256=CARTESIAN_POINT('Origin',(42.5,17.,-14.5));
#4257=CARTESIAN_POINT('',(44.,20.,-14.5));
#4258=CARTESIAN_POINT('Origin',(44.,20.,-1.79594901042305E-14));
#4259=CARTESIAN_POINT('',(44.,17.,-16.));
#4260=CARTESIAN_POINT('Origin',(51.,1.,-4.25000000000002));
#4261=CARTESIAN_POINT('',(50.,1.,-4.25000000000002));
#4262=CARTESIAN_POINT('',(51.,0.,4.24999999999998));
#4263=CARTESIAN_POINT('Origin',(50.,3.,-2.04085114820801E-14));
#4264=CARTESIAN_POINT('',(50.,2.,-2.00120032589997E-14));
#4265=CARTESIAN_POINT('Origin',(52.,1.,-11.25));
#4266=CARTESIAN_POINT('',(52.,0.,-15.));
#4267=CARTESIAN_POINT('',(52.,0.,-11.25));
#4268=CARTESIAN_POINT('',(53.,1.,-14.));
#4269=CARTESIAN_POINT('Origin',(52.,1.,-15.));
#4270=CARTESIAN_POINT('',(53.,1.,-11.25));
#4271=CARTESIAN_POINT('Origin',(40.25,1.,-15.));
#4272=CARTESIAN_POINT('',(40.25,0.,-15.));
#4273=CARTESIAN_POINT('',(40.25,1.,-14.));
#4274=CARTESIAN_POINT('Origin',(47.5,2.,-15.));
#4275=CARTESIAN_POINT('',(51.,3.,-15.));
#4276=CARTESIAN_POINT('Origin',(51.,2.,-15.));
#4277=CARTESIAN_POINT('',(47.5,3.,-15.));
#4278=CARTESIAN_POINT('Origin',(51.,2.,-2.02615701994091E-14));
#4279=CARTESIAN_POINT('',(51.,3.,-2.02615701994091E-14));
#4280=CARTESIAN_POINT('Origin',(45.,3.,-1.83676603338721E-14));
#4281=CARTESIAN_POINT('',(59.,3.,4.24999999999998));
#4282=CARTESIAN_POINT('',(52.,3.,-15.));
#4283=CARTESIAN_POINT('',(52.,3.,-7.00000000000002));
#4284=CARTESIAN_POINT('',(59.,3.,-15.));
#4285=CARTESIAN_POINT('',(51.5,3.,-15.));
#4286=CARTESIAN_POINT('',(59.,3.,-4.25000000000002));
#4287=CARTESIAN_POINT('',(22.5,3.,-16.));
#4288=CARTESIAN_POINT('Origin',(52.,2.,-7.00000000000002));
#4289=CARTESIAN_POINT('',(53.,2.,-14.));
#4290=CARTESIAN_POINT('',(53.,2.,-7.00000000000002));
#4291=CARTESIAN_POINT('Origin',(52.,2.,-15.));
#4292=CARTESIAN_POINT('Origin',(51.5,2.,-15.));
#4293=CARTESIAN_POINT('',(58.,2.,-14.));
#4294=CARTESIAN_POINT('',(51.5,2.,-14.));
#4295=CARTESIAN_POINT('Origin',(59.,2.,-15.));
#4296=CARTESIAN_POINT('Origin',(22.5,2.,-16.));
#4297=CARTESIAN_POINT('',(22.5,2.,-17.));
#4298=CARTESIAN_POINT('Origin',(59.,2.,-4.25000000000002));
#4299=CARTESIAN_POINT('',(58.,2.,-2.26429519392038E-14));
#4300=CARTESIAN_POINT('Origin',(41.,17.75,-5.50000000000002));
#4301=CARTESIAN_POINT('',(41.5,17.75,-5.50000000000002));
#4302=CARTESIAN_POINT('Origin',(41.,17.75,-5.50000000000002));
#4303=CARTESIAN_POINT('Origin',(58.,3.,-14.));
#4304=CARTESIAN_POINT('',(58.,3.,-14.));
#4305=CARTESIAN_POINT('',(53.,3.,-14.));
#4306=CARTESIAN_POINT('Origin',(58.,3.,-2.36738733192129E-14));
#4307=CARTESIAN_POINT('Origin',(53.,3.,-14.));
#4308=CARTESIAN_POINT('Origin',(-59.,1.,16.));
#4309=CARTESIAN_POINT('',(-60.,1.,16.));
#4310=CARTESIAN_POINT('',(-59.,1.,17.));
#4311=CARTESIAN_POINT('Origin',(-59.,1.,16.));
#4312=CARTESIAN_POINT('Origin',(-59.,1.,16.));
#4313=CARTESIAN_POINT('Origin',(-59.,1.,16.));
#4314=CARTESIAN_POINT('Origin',(-59.,0.749999999999999,16.));
#4315=CARTESIAN_POINT('',(-60.,2.,16.));
#4316=CARTESIAN_POINT('',(-59.,2.,17.));
#4317=CARTESIAN_POINT('Origin',(-59.,2.,16.));
#4318=CARTESIAN_POINT('',(-60.,0.749999999999999,16.));
#4319=CARTESIAN_POINT('',(-59.,0.749999999999999,17.));
#4320=CARTESIAN_POINT('Origin',(-59.,2.,16.));
#4321=CARTESIAN_POINT('Origin',(-59.,2.,16.));
#4322=CARTESIAN_POINT('Origin',(-59.,2.,16.));
#4323=CARTESIAN_POINT('Origin',(-11.25,1.,16.));
#4324=CARTESIAN_POINT('',(-11.25,0.,16.));
#4325=CARTESIAN_POINT('',(11.25,1.,17.));
#4326=CARTESIAN_POINT('Origin',(-11.25,19.5,13.5));
#4327=CARTESIAN_POINT('',(11.25,19.5,14.));
#4328=CARTESIAN_POINT('',(-31.75,19.5,13.));
#4329=CARTESIAN_POINT('Origin',(-41.5,19.5,13.5));
#4330=CARTESIAN_POINT('Origin',(-40.5,20.,12.5));
#4331=CARTESIAN_POINT('',(-42.,17.,12.5));
#4332=CARTESIAN_POINT('',(-42.,20.,12.5));
#4333=CARTESIAN_POINT('',(-40.5,17.,14.));
#4334=CARTESIAN_POINT('Origin',(-40.5,17.,12.5));
#4335=CARTESIAN_POINT('',(-40.5,20.,14.));
#4336=CARTESIAN_POINT('Origin',(0.,20.,14.));
#4337=CARTESIAN_POINT('',(42.,17.,14.));
#4338=CARTESIAN_POINT('Origin',(-42.5,19.5,14.5));
#4339=CARTESIAN_POINT('',(-42.5,19.5,16.));
#4340=CARTESIAN_POINT('',(-42.5,20.,16.5));
#4341=CARTESIAN_POINT('Origin',(-42.5,19.5,16.5));
#4342=CARTESIAN_POINT('',(-44.,19.5,14.5));
#4343=CARTESIAN_POINT('Origin',(-42.5,19.5,14.5));
#4344=CARTESIAN_POINT('',(-44.5,20.,14.5));
#4345=CARTESIAN_POINT('Origin',(-44.5,19.5,14.5));
#4346=CARTESIAN_POINT('Origin',(-42.5,20.,14.5));
#4347=CARTESIAN_POINT('Origin',(-33.25,19.5,16.5));
#4348=CARTESIAN_POINT('',(33.25,19.5,16.));
#4349=CARTESIAN_POINT('',(-33.25,20.,16.5));
#4350=CARTESIAN_POINT('Origin',(-44.,20.,16.));
#4351=CARTESIAN_POINT('',(-42.5,17.,16.));
#4352=CARTESIAN_POINT('',(-3.26536183713281E-15,17.,16.));
#4353=CARTESIAN_POINT('',(-42.5,20.,16.));
#4354=CARTESIAN_POINT('Origin',(-42.5,20.,14.5));
#4355=CARTESIAN_POINT('',(-44.,17.,14.5));
#4356=CARTESIAN_POINT('Origin',(-42.5,17.,14.5));
#4357=CARTESIAN_POINT('',(-44.,20.,14.5));
#4358=CARTESIAN_POINT('Origin',(-3.46944695195361E-15,0.,17.));
#4359=CARTESIAN_POINT('',(0.,20.,17.));
#4360=CARTESIAN_POINT('',(-22.5,2.,17.));
#4361=CARTESIAN_POINT('Origin',(-36.25,1.,15.));
#4362=CARTESIAN_POINT('',(-50.,1.,14.));
#4363=CARTESIAN_POINT('Origin',(-51.,1.,15.));
#4364=CARTESIAN_POINT('',(-36.25,1.,14.));
#4365=CARTESIAN_POINT('Origin',(-50.,3.,14.));
#4366=CARTESIAN_POINT('',(-50.,2.,14.));
#4367=CARTESIAN_POINT('',(-50.,3.,14.));
#4368=CARTESIAN_POINT('',(-47.5,2.,14.));
#4369=CARTESIAN_POINT('Origin',(-40.25,1.,15.));
#4370=CARTESIAN_POINT('',(-58.,1.,14.));
#4371=CARTESIAN_POINT('Origin',(-59.,1.,15.));
#4372=CARTESIAN_POINT('',(-53.,1.,14.));
#4373=CARTESIAN_POINT('',(-40.25,1.,14.));
#4374=CARTESIAN_POINT('Origin',(-52.,1.,15.));
#4375=CARTESIAN_POINT('Origin',(-47.5,2.,15.));
#4376=CARTESIAN_POINT('Origin',(-51.,2.,15.));
#4377=CARTESIAN_POINT('Origin',(-51.5,2.,15.));
#4378=CARTESIAN_POINT('',(-53.,2.,14.));
#4379=CARTESIAN_POINT('Origin',(-52.,2.,15.));
#4380=CARTESIAN_POINT('',(-58.,2.,14.));
#4381=CARTESIAN_POINT('',(-51.5,2.,14.));
#4382=CARTESIAN_POINT('Origin',(-59.,2.,15.));
#4383=CARTESIAN_POINT('Origin',(-22.5,2.,16.));
#4384=CARTESIAN_POINT('Origin',(-41.,17.75,5.5));
#4385=CARTESIAN_POINT('',(-41.5,17.75,5.5));
#4386=CARTESIAN_POINT('Origin',(-41.,17.75,5.5));
#4387=CARTESIAN_POINT('Origin',(-58.,3.,14.));
#4388=CARTESIAN_POINT('',(-58.,3.,14.));
#4389=CARTESIAN_POINT('',(-53.,3.,14.));
#4390=CARTESIAN_POINT('Origin',(-41.,20.,13.));
#4391=CARTESIAN_POINT('Origin',(-59.,1.,-16.));
#4392=CARTESIAN_POINT('',(-60.,1.,-16.));
#4393=CARTESIAN_POINT('',(-59.,1.,-17.));
#4394=CARTESIAN_POINT('Origin',(-59.,1.,-16.));
#4395=CARTESIAN_POINT('Origin',(-59.,1.,-16.));
#4396=CARTESIAN_POINT('Origin',(-59.,1.,-16.));
#4397=CARTESIAN_POINT('Origin',(-59.,0.749999999999999,-16.));
#4398=CARTESIAN_POINT('',(-60.,2.,-16.));
#4399=CARTESIAN_POINT('Origin',(-59.,2.,-16.));
#4400=CARTESIAN_POINT('',(-59.,0.749999999999999,-17.));
#4401=CARTESIAN_POINT('',(-60.,0.749999999999999,-16.));
#4402=CARTESIAN_POINT('Origin',(-59.,2.,-16.));
#4403=CARTESIAN_POINT('Origin',(-59.,2.,-16.));
#4404=CARTESIAN_POINT('Origin',(-60.,1.5,-8.5));
#4405=CARTESIAN_POINT('',(-60.,1.,8.5));
#4406=CARTESIAN_POINT('',(-60.,2.,-4.25));
#4407=CARTESIAN_POINT('Origin',(-59.,1.,-4.25));
#4408=CARTESIAN_POINT('',(-58.,1.,-14.));
#4409=CARTESIAN_POINT('Origin',(-59.,1.,-15.));
#4410=CARTESIAN_POINT('',(-58.,1.,-4.25));
#4411=CARTESIAN_POINT('Origin',(-11.25,1.,-16.));
#4412=CARTESIAN_POINT('',(-11.25,1.,-17.));
#4413=CARTESIAN_POINT('',(-11.25,0.,-16.));
#4414=CARTESIAN_POINT('Origin',(-11.25,19.5,-13.5));
#4415=CARTESIAN_POINT('',(-40.5,19.5,-14.));
#4416=CARTESIAN_POINT('',(-11.25,19.5,-14.));
#4417=CARTESIAN_POINT('',(-40.5,20.,-13.5));
#4418=CARTESIAN_POINT('Origin',(-40.5,19.5,-13.5));
#4419=CARTESIAN_POINT('',(-41.3284271247462,19.9696410847415,-13.3284271247462));
#4420=CARTESIAN_POINT('Ctrl Pts',(-40.5,20.,-13.5));
#4421=CARTESIAN_POINT('Ctrl Pts',(-40.5096896496752,20.,-13.5));
#4422=CARTESIAN_POINT('Ctrl Pts',(-40.5193787899541,20.0000000148694,-13.4999295829945));
#4423=CARTESIAN_POINT('Ctrl Pts',(-40.557026414675,19.9999997837178,-13.4993824234038));
#4424=CARTESIAN_POINT('Ctrl Pts',(-40.5849650576204,19.9999998909226,-13.4983900726043));
#4425=CARTESIAN_POINT('Ctrl Pts',(-40.6895935107443,19.9999622663272,-13.492484742053));
#4426=CARTESIAN_POINT('Ctrl Pts',(-40.7658865212808,19.9999034566545,-13.4837559461207));
#4427=CARTESIAN_POINT('Ctrl Pts',(-40.9270794165788,19.9982955941232,-13.4562311782455));
#4428=CARTESIAN_POINT('Ctrl Pts',(-41.0114420225191,19.9965586172294,-13.4363221822644));
#4429=CARTESIAN_POINT('Ctrl Pts',(-41.1742090571414,19.9878819586731,-13.3879578110991));
#4430=CARTESIAN_POINT('Ctrl Pts',(-41.2525703137301,19.9811200156722,-13.3598480446674));
#4431=CARTESIAN_POINT('Ctrl Pts',(-41.3284271247462,19.9696410847415,-13.3284271247462));
#4432=CARTESIAN_POINT('Origin',(-41.5,19.5,-13.5));
#4433=CARTESIAN_POINT('Origin',(-40.5,19.5,-12.5));
#4434=CARTESIAN_POINT('',(-42.,19.5,-12.5));
#4435=CARTESIAN_POINT('Origin',(-40.5,19.5,-12.5));
#4436=CARTESIAN_POINT('',(-41.5,20.,-12.5));
#4437=CARTESIAN_POINT('Origin',(-41.5,19.5,-12.5));
#4438=CARTESIAN_POINT('Ctrl Pts',(-41.3284271247462,19.9696410847415,-13.3284271247462));
#4439=CARTESIAN_POINT('Ctrl Pts',(-41.361818690202,19.9818399469804,-13.2478127545539));
#4440=CARTESIAN_POINT('Ctrl Pts',(-41.3914742047445,19.988721823908,-13.1643565730941));
#4441=CARTESIAN_POINT('Ctrl Pts',(-41.4397020827571,19.9969251139762,-12.9977988127465));
#4442=CARTESIAN_POINT('Ctrl Pts',(-41.4586877335415,19.9984844423746,-12.9150679487566));
#4443=CARTESIAN_POINT('Ctrl Pts',(-41.4850480441205,19.9999324766859,-12.7558916176113));
#4444=CARTESIAN_POINT('Ctrl Pts',(-41.4933622048432,19.9999715786675,-12.6799442798249));
#4445=CARTESIAN_POINT('Ctrl Pts',(-41.4986029234995,19.9999997021672,-12.5787700957149));
#4446=CARTESIAN_POINT('Ctrl Pts',(-41.4994274794806,19.999999802752,-12.5539263059839));
#4447=CARTESIAN_POINT('Ctrl Pts',(-41.4999295829858,20.0000000148694,-12.5193787902557));
#4448=CARTESIAN_POINT('Ctrl Pts',(-41.5,20.,-12.5096896493747));
#4449=CARTESIAN_POINT('Ctrl Pts',(-41.5,20.,-12.5));
#4450=CARTESIAN_POINT('Origin',(-41.5,19.5,-11.25));
#4451=CARTESIAN_POINT('',(-42.,19.5,-11.25));
#4452=CARTESIAN_POINT('Origin',(-42.,20.,-14.));
#4453=CARTESIAN_POINT('',(-42.,17.,-12.5));
#4454=CARTESIAN_POINT('',(-42.,20.,-12.5));
#4455=CARTESIAN_POINT('',(-42.,17.,0.));
#4456=CARTESIAN_POINT('Origin',(-40.5,20.,-12.5));
#4457=CARTESIAN_POINT('',(-40.5,17.,-14.));
#4458=CARTESIAN_POINT('',(-40.5,20.,-14.));
#4459=CARTESIAN_POINT('Origin',(-40.5,17.,-12.5));
#4460=CARTESIAN_POINT('Origin',(0.,20.,-14.));
#4461=CARTESIAN_POINT('',(-42.,17.,-14.));
#4462=CARTESIAN_POINT('Origin',(-44.5,19.5,-4.25));
#4463=CARTESIAN_POINT('',(-44.,19.5,-14.5));
#4464=CARTESIAN_POINT('',(-44.,19.5,-4.25));
#4465=CARTESIAN_POINT('',(-44.5,20.,-14.5));
#4466=CARTESIAN_POINT('Origin',(-44.5,19.5,-14.5));
#4467=CARTESIAN_POINT('',(-44.5,20.,4.25));
#4468=CARTESIAN_POINT('Origin',(-42.5,19.5,-14.5));
#4469=CARTESIAN_POINT('',(-42.5,19.5,-16.));
#4470=CARTESIAN_POINT('',(-42.5,20.,-16.5));
#4471=CARTESIAN_POINT('Origin',(-42.5,19.5,-16.5));
#4472=CARTESIAN_POINT('Origin',(-42.5,20.,-14.5));
#4473=CARTESIAN_POINT('Origin',(-42.5,19.5,-14.5));
#4474=CARTESIAN_POINT('Origin',(-33.25,19.5,-16.5));
#4475=CARTESIAN_POINT('',(33.25,20.,-16.5));
#4476=CARTESIAN_POINT('',(-33.25,19.5,-16.));
#4477=CARTESIAN_POINT('Origin',(-44.,20.,-16.));
#4478=CARTESIAN_POINT('',(-42.5,17.,-16.));
#4479=CARTESIAN_POINT('',(-42.5,20.,-16.));
#4480=CARTESIAN_POINT('',(-3.26536183713281E-15,17.,-16.));
#4481=CARTESIAN_POINT('Origin',(-42.5,20.,-14.5));
#4482=CARTESIAN_POINT('',(-44.,17.,-14.5));
#4483=CARTESIAN_POINT('',(-44.,20.,-14.5));
#4484=CARTESIAN_POINT('Origin',(-42.5,17.,-14.5));
#4485=CARTESIAN_POINT('Origin',(-44.,20.,0.));
#4486=CARTESIAN_POINT('',(-44.,17.,-16.));
#4487=CARTESIAN_POINT('Origin',(-43.5,0.,-15.5));
#4488=CARTESIAN_POINT('',(-43.5,20.,-17.));
#4489=CARTESIAN_POINT('Origin',(-43.5,20.,-15.5));
#4490=CARTESIAN_POINT('',(-43.5,0.,-17.));
#4491=CARTESIAN_POINT('Origin',(-3.46944695195361E-15,0.,-17.));
#4492=CARTESIAN_POINT('',(-6.93889390390723E-15,20.,-17.));
#4493=CARTESIAN_POINT('Origin',(-22.5,20.,-8.5));
#4494=CARTESIAN_POINT('Origin',(-22.,17.,-8.));
#4495=CARTESIAN_POINT('Origin',(-51.,1.,-4.25));
#4496=CARTESIAN_POINT('',(-50.,1.,-4.25));
#4497=CARTESIAN_POINT('Origin',(-50.,3.,0.));
#4498=CARTESIAN_POINT('',(-50.,2.,3.96508223080413E-16));
#4499=CARTESIAN_POINT('Origin',(-52.,1.,-11.25));
#4500=CARTESIAN_POINT('',(-53.,1.,-14.));
#4501=CARTESIAN_POINT('',(-53.,1.,-11.25));
#4502=CARTESIAN_POINT('Origin',(-52.,1.,-15.));
#4503=CARTESIAN_POINT('Origin',(-40.25,1.,-15.));
#4504=CARTESIAN_POINT('',(-40.25,1.,-14.));
#4505=CARTESIAN_POINT('Origin',(-22.5,0.,-8.5));
#4506=CARTESIAN_POINT('Origin',(-51.,2.,5.55111512312578E-16));
#4507=CARTESIAN_POINT('Origin',(-52.,2.,-7.));
#4508=CARTESIAN_POINT('',(-53.,2.,-14.));
#4509=CARTESIAN_POINT('',(-53.,2.,-7.));
#4510=CARTESIAN_POINT('Origin',(-52.,2.,-15.));
#4511=CARTESIAN_POINT('Origin',(-51.5,2.,-15.));
#4512=CARTESIAN_POINT('',(-58.,2.,-14.));
#4513=CARTESIAN_POINT('Origin',(-59.,2.,-15.));
#4514=CARTESIAN_POINT('',(-51.5,2.,-14.));
#4515=CARTESIAN_POINT('Origin',(-59.,2.,-4.25));
#4516=CARTESIAN_POINT('',(-58.,2.,1.03092138000907E-15));
#4517=CARTESIAN_POINT('Origin',(-41.,17.75,-5.5));
#4518=CARTESIAN_POINT('',(-41.5,17.75,-5.5));
#4519=CARTESIAN_POINT('Origin',(-41.,17.75,-5.5));
#4520=CARTESIAN_POINT('Origin',(-58.,3.,-14.));
#4521=CARTESIAN_POINT('',(-53.,3.,-14.));
#4522=CARTESIAN_POINT('',(-58.,3.,-14.));
#4523=CARTESIAN_POINT('Origin',(-58.,3.,0.));
#4524=CARTESIAN_POINT('Origin',(-53.,3.,-14.));
#4525=UNCERTAINTY_MEASURE_WITH_UNIT(LENGTH_MEASURE(0.01),#4529,
'DISTANCE_ACCURACY_VALUE',
'Maximum model space distance between geometric entities at asserted c
onnectivities');
#4526=UNCERTAINTY_MEASURE_WITH_UNIT(LENGTH_MEASURE(0.01),#4529,
'DISTANCE_ACCURACY_VALUE',
'Maximum model space distance between geometric entities at asserted c
onnectivities');
#4527=(
GEOMETRIC_REPRESENTATION_CONTEXT(3)
GLOBAL_UNCERTAINTY_ASSIGNED_CONTEXT((#4525))
GLOBAL_UNIT_ASSIGNED_CONTEXT((#4529,#4531,#4532))
REPRESENTATION_CONTEXT('','3D')
);
#4528=(
GEOMETRIC_REPRESENTATION_CONTEXT(3)
GLOBAL_UNCERTAINTY_ASSIGNED_CONTEXT((#4526))
GLOBAL_UNIT_ASSIGNED_CONTEXT((#4529,#4531,#4532))
REPRESENTATION_CONTEXT('','3D')
);
#4529=(
LENGTH_UNIT()
NAMED_UNIT(*)
SI_UNIT(.MILLI.,.METRE.)
);
#4530=(
LENGTH_UNIT()
NAMED_UNIT(*)
SI_UNIT(.CENTI.,.METRE.)
);
#4531=(
NAMED_UNIT(*)
PLANE_ANGLE_UNIT()
SI_UNIT($,.RADIAN.)
);
#4532=(
NAMED_UNIT(*)
SI_UNIT($,.STERADIAN.)
SOLID_ANGLE_UNIT()
);
#4533=SHAPE_DEFINITION_REPRESENTATION(#4534,#4535);
#4534=PRODUCT_DEFINITION_SHAPE('',$,#4537);
#4535=SHAPE_REPRESENTATION('',(#2411),#4527);
#4536=PRODUCT_DEFINITION_CONTEXT('part definition',#4541,'design');
#4537=PRODUCT_DEFINITION('DogCollarV1','DogCollarV1',#4538,#4536);
#4538=PRODUCT_DEFINITION_FORMATION('',$,#4543);
#4539=PRODUCT_RELATED_PRODUCT_CATEGORY('DogCollarV1','DogCollarV1',(#4543));
#4540=APPLICATION_PROTOCOL_DEFINITION('international standard',
'automotive_design',2009,#4541);
#4541=APPLICATION_CONTEXT(
'Core Data for Automotive Mechanical Design Process');
#4542=PRODUCT_CONTEXT('part definition',#4541,'mechanical');
#4543=PRODUCT('DogCollarV1','DogCollarV1',$,(#4542));
#4544=PRESENTATION_STYLE_ASSIGNMENT((#4545));
#4545=SURFACE_STYLE_USAGE(.BOTH.,#4548);
#4546=SURFACE_STYLE_RENDERING_WITH_PROPERTIES($,#4552,(#4547));
#4547=SURFACE_STYLE_TRANSPARENT(0.);
#4548=SURFACE_SIDE_STYLE('',(#4549,#4546));
#4549=SURFACE_STYLE_FILL_AREA(#4550);
#4550=FILL_AREA_STYLE('',(#4551));
#4551=FILL_AREA_STYLE_COLOUR('',#4552);
#4552=COLOUR_RGB('',0.749019607843137,0.749019607843137,0.749019607843137);
ENDSEC;
END-ISO-10303-21;
